solid OpenSCAD_Model
  facet normal 0.99729 0.0735723 0
    outer loop
      vertex 35.9566 1.76644 -2
      vertex 35.8266 3.52862 -8
      vertex 35.8266 3.52862 -2
    endloop
  endfacet
  facet normal 0.99729 0.0735723 0
    outer loop
      vertex 35.8266 3.52862 -8
      vertex 35.9566 1.76644 -2
      vertex 35.9566 1.76644 -8
    endloop
  endfacet
  facet normal 0.999698 0.0245618 0
    outer loop
      vertex 36 0 -2
      vertex 35.9566 1.76644 -8
      vertex 35.9566 1.76644 -2
    endloop
  endfacet
  facet normal 0.999698 0.0245618 0
    outer loop
      vertex 35.9566 1.76644 -8
      vertex 36 0 -2
      vertex 36 0 -8
    endloop
  endfacet
  facet normal 0.992486 0.122357 0
    outer loop
      vertex 35.8266 3.52862 -2
      vertex 35.6104 5.2823 -8
      vertex 35.6104 5.2823 -2
    endloop
  endfacet
  facet normal 0.992486 0.122357 0
    outer loop
      vertex 35.6104 5.2823 -8
      vertex 35.8266 3.52862 -2
      vertex 35.8266 3.52862 -8
    endloop
  endfacet
  facet normal 0.615229 -0.788349 0
    outer loop
      vertex 21.4452 -28.9155 -8
      vertex 22.8382 -27.8284 -2
      vertex 21.4452 -28.9155 -2
    endloop
  endfacet
  facet normal 0.615229 -0.788349 0
    outer loop
      vertex 22.8382 -27.8284 -2
      vertex 21.4452 -28.9155 -8
      vertex 22.8382 -27.8284 -8
    endloop
  endfacet
  facet normal 0.0735723 -0.99729 0
    outer loop
      vertex 1.76644 -35.9566 -8
      vertex 3.52862 -35.8266 -2
      vertex 1.76644 -35.9566 -2
    endloop
  endfacet
  facet normal 0.0735723 -0.99729 0
    outer loop
      vertex 3.52862 -35.8266 -2
      vertex 1.76644 -35.9566 -8
      vertex 3.52862 -35.8266 -8
    endloop
  endfacet
  facet normal -0.949523 0.313697 0
    outer loop
      vertex -34.4499 10.4502 -8
      vertex -33.8956 12.128 -2
      vertex -33.8956 12.128 -8
    endloop
  endfacet
  facet normal -0.949523 0.313697 0
    outer loop
      vertex -33.8956 12.128 -2
      vertex -34.4499 10.4502 -8
      vertex -34.4499 10.4502 -2
    endloop
  endfacet
  facet normal 0.932999 0.359878 0
    outer loop
      vertex 33.8956 12.128 -2
      vertex 33.2597 13.7766 -8
      vertex 33.2597 13.7766 -2
    endloop
  endfacet
  facet normal 0.932999 0.359878 0
    outer loop
      vertex 33.2597 13.7766 -8
      vertex 33.8956 12.128 -2
      vertex 33.8956 12.128 -8
    endloop
  endfacet
  facet normal 0.914201 0.405261 0
    outer loop
      vertex 33.2597 13.7766 -2
      vertex 32.5436 15.392 -8
      vertex 32.5436 15.392 -2
    endloop
  endfacet
  facet normal 0.914201 0.405261 0
    outer loop
      vertex 32.5436 15.392 -8
      vertex 33.2597 13.7766 -2
      vertex 33.2597 13.7766 -8
    endloop
  endfacet
  facet normal 0.689548 0.72424 -0
    outer loop
      vertex 25.4558 25.4558 -8
      vertex 24.1761 26.6742 -2
      vertex 25.4558 25.4558 -2
    endloop
  endfacet
  facet normal 0.689548 0.72424 0
    outer loop
      vertex 24.1761 26.6742 -2
      vertex 25.4558 25.4558 -8
      vertex 24.1761 26.6742 -8
    endloop
  endfacet
  facet normal 0.534996 0.844855 -0
    outer loop
      vertex 20.0005 29.9329 -8
      vertex 18.5077 30.8782 -2
      vertex 20.0005 29.9329 -2
    endloop
  endfacet
  facet normal 0.534996 0.844855 0
    outer loop
      vertex 18.5077 30.8782 -2
      vertex 20.0005 29.9329 -8
      vertex 18.5077 30.8782 -8
    endloop
  endfacet
  facet normal 0.757175 -0.653212 0
    outer loop
      vertex 26.6742 -24.1761 -2
      vertex 27.8284 -22.8382 -8
      vertex 27.8284 -22.8382 -2
    endloop
  endfacet
  facet normal 0.757175 -0.653212 0
    outer loop
      vertex 27.8284 -22.8382 -8
      vertex 26.6742 -24.1761 -2
      vertex 26.6742 -24.1761 -8
    endloop
  endfacet
  facet normal -0.949523 -0.313697 0
    outer loop
      vertex -33.8956 -12.128 -8
      vertex -34.4499 -10.4502 -2
      vertex -34.4499 -10.4502 -8
    endloop
  endfacet
  facet normal -0.949523 -0.313697 0
    outer loop
      vertex -34.4499 -10.4502 -2
      vertex -33.8956 -12.128 -8
      vertex -33.8956 -12.128 -2
    endloop
  endfacet
  facet normal 0.975696 -0.21913 0
    outer loop
      vertex 34.9211 -8.74729 -2
      vertex 35.3083 -7.02325 -8
      vertex 35.3083 -7.02325 -2
    endloop
  endfacet
  facet normal 0.975696 -0.21913 0
    outer loop
      vertex 35.3083 -7.02325 -8
      vertex 34.9211 -8.74729 -2
      vertex 34.9211 -8.74729 -8
    endloop
  endfacet
  facet normal 0.99729 -0.0735723 0
    outer loop
      vertex 35.8266 -3.52862 -2
      vertex 35.9566 -1.76644 -8
      vertex 35.9566 -1.76644 -2
    endloop
  endfacet
  facet normal 0.99729 -0.0735723 0
    outer loop
      vertex 35.9566 -1.76644 -8
      vertex 35.8266 -3.52862 -2
      vertex 35.8266 -3.52862 -8
    endloop
  endfacet
  facet normal 0.949523 0.313697 0
    outer loop
      vertex 34.4499 10.4502 -2
      vertex 33.8956 12.128 -8
      vertex 33.8956 12.128 -2
    endloop
  endfacet
  facet normal 0.949523 0.313697 0
    outer loop
      vertex 33.8956 12.128 -8
      vertex 34.4499 10.4502 -2
      vertex 34.4499 10.4502 -8
    endloop
  endfacet
  facet normal 0.0245618 -0.999698 0
    outer loop
      vertex 0 -36 -8
      vertex 1.76644 -35.9566 -2
      vertex 0 -36 -2
    endloop
  endfacet
  facet normal 0.0245618 -0.999698 0
    outer loop
      vertex 1.76644 -35.9566 -2
      vertex 0 -36 -8
      vertex 1.76644 -35.9566 -8
    endloop
  endfacet
  facet normal 0.653212 -0.757175 0
    outer loop
      vertex 22.8382 -27.8284 -8
      vertex 24.1761 -26.6742 -2
      vertex 22.8382 -27.8284 -2
    endloop
  endfacet
  facet normal 0.653212 -0.757175 0
    outer loop
      vertex 24.1761 -26.6742 -2
      vertex 22.8382 -27.8284 -8
      vertex 24.1761 -26.6742 -8
    endloop
  endfacet
  facet normal -0.932999 0.359878 0
    outer loop
      vertex -33.8956 12.128 -8
      vertex -33.2597 13.7766 -2
      vertex -33.2597 13.7766 -8
    endloop
  endfacet
  facet normal -0.932999 0.359878 0
    outer loop
      vertex -33.2597 13.7766 -2
      vertex -33.8956 12.128 -8
      vertex -33.8956 12.128 -2
    endloop
  endfacet
  facet normal 0.266682 -0.963785 0
    outer loop
      vertex 8.74729 -34.9211 -8
      vertex 10.4502 -34.4499 -2
      vertex 8.74729 -34.9211 -2
    endloop
  endfacet
  facet normal 0.266682 -0.963785 0
    outer loop
      vertex 10.4502 -34.4499 -2
      vertex 8.74729 -34.9211 -8
      vertex 10.4502 -34.4499 -8
    endloop
  endfacet
  facet normal -0.575781 0.817604 0
    outer loop
      vertex -20.0005 29.9329 -8
      vertex -21.4452 28.9155 -2
      vertex -20.0005 29.9329 -2
    endloop
  endfacet
  facet normal -0.575781 0.817604 0
    outer loop
      vertex -21.4452 28.9155 -2
      vertex -20.0005 29.9329 -8
      vertex -21.4452 28.9155 -8
    endloop
  endfacet
  facet normal -0.893236 -0.449589 0
    outer loop
      vertex -31.7492 -16.9703 -8
      vertex -32.5436 -15.392 -2
      vertex -32.5436 -15.392 -8
    endloop
  endfacet
  facet normal -0.893236 -0.449589 0
    outer loop
      vertex -32.5436 -15.392 -2
      vertex -31.7492 -16.9703 -8
      vertex -31.7492 -16.9703 -2
    endloop
  endfacet
  facet normal 0.870069 0.49293 0
    outer loop
      vertex 31.7492 16.9703 -2
      vertex 30.8782 18.5077 -8
      vertex 30.8782 18.5077 -2
    endloop
  endfacet
  facet normal 0.870069 0.49293 0
    outer loop
      vertex 30.8782 18.5077 -8
      vertex 31.7492 16.9703 -2
      vertex 31.7492 16.9703 -8
    endloop
  endfacet
  facet normal 0.0735723 0.99729 -0
    outer loop
      vertex 3.52862 35.8266 -8
      vertex 1.76644 35.9566 -2
      vertex 3.52862 35.8266 -2
    endloop
  endfacet
  facet normal 0.0735723 0.99729 0
    outer loop
      vertex 1.76644 35.9566 -2
      vertex 3.52862 35.8266 -8
      vertex 1.76644 35.9566 -8
    endloop
  endfacet
  facet normal 0.170971 -0.985276 0
    outer loop
      vertex 5.2823 -35.6104 -8
      vertex 7.02325 -35.3083 -2
      vertex 5.2823 -35.6104 -2
    endloop
  endfacet
  facet normal 0.170971 -0.985276 0
    outer loop
      vertex 7.02325 -35.3083 -2
      vertex 5.2823 -35.6104 -8
      vertex 7.02325 -35.3083 -8
    endloop
  endfacet
  facet normal 0.49293 0.870069 -0
    outer loop
      vertex 18.5077 30.8782 -8
      vertex 16.9703 31.7492 -2
      vertex 18.5077 30.8782 -2
    endloop
  endfacet
  facet normal 0.49293 0.870069 0
    outer loop
      vertex 16.9703 31.7492 -2
      vertex 18.5077 30.8782 -8
      vertex 16.9703 31.7492 -8
    endloop
  endfacet
  facet normal 0.615229 0.788349 -0
    outer loop
      vertex 22.8382 27.8284 -8
      vertex 21.4452 28.9155 -2
      vertex 22.8382 27.8284 -2
    endloop
  endfacet
  facet normal 0.615229 0.788349 0
    outer loop
      vertex 21.4452 28.9155 -2
      vertex 22.8382 27.8284 -8
      vertex 21.4452 28.9155 -8
    endloop
  endfacet
  facet normal 0.817604 -0.575781 0
    outer loop
      vertex 28.9155 -21.4452 -2
      vertex 29.9329 -20.0005 -8
      vertex 29.9329 -20.0005 -2
    endloop
  endfacet
  facet normal 0.817604 -0.575781 0
    outer loop
      vertex 29.9329 -20.0005 -8
      vertex 28.9155 -21.4452 -2
      vertex 28.9155 -21.4452 -8
    endloop
  endfacet
  facet normal 0.844855 0.534996 0
    outer loop
      vertex 30.8782 18.5077 -2
      vertex 29.9329 20.0005 -8
      vertex 29.9329 20.0005 -2
    endloop
  endfacet
  facet normal 0.844855 0.534996 0
    outer loop
      vertex 29.9329 20.0005 -8
      vertex 30.8782 18.5077 -2
      vertex 30.8782 18.5077 -8
    endloop
  endfacet
  facet normal 0.893236 0.449589 0
    outer loop
      vertex 32.5436 15.392 -2
      vertex 31.7492 16.9703 -8
      vertex 31.7492 16.9703 -2
    endloop
  endfacet
  facet normal 0.893236 0.449589 0
    outer loop
      vertex 31.7492 16.9703 -8
      vertex 32.5436 15.392 -2
      vertex 32.5436 15.392 -8
    endloop
  endfacet
  facet normal 0.405261 -0.914201 0
    outer loop
      vertex 13.7766 -33.2597 -8
      vertex 15.392 -32.5436 -2
      vertex 13.7766 -33.2597 -2
    endloop
  endfacet
  facet normal 0.405261 -0.914201 0
    outer loop
      vertex 15.392 -32.5436 -2
      vertex 13.7766 -33.2597 -8
      vertex 15.392 -32.5436 -8
    endloop
  endfacet
  facet normal 0.49293 -0.870069 0
    outer loop
      vertex 16.9703 -31.7492 -8
      vertex 18.5077 -30.8782 -2
      vertex 16.9703 -31.7492 -2
    endloop
  endfacet
  facet normal 0.49293 -0.870069 0
    outer loop
      vertex 18.5077 -30.8782 -2
      vertex 16.9703 -31.7492 -8
      vertex 18.5077 -30.8782 -8
    endloop
  endfacet
  facet normal 0.963785 -0.266682 0
    outer loop
      vertex 34.4499 -10.4502 -2
      vertex 34.9211 -8.74729 -8
      vertex 34.9211 -8.74729 -2
    endloop
  endfacet
  facet normal 0.963785 -0.266682 0
    outer loop
      vertex 34.9211 -8.74729 -8
      vertex 34.4499 -10.4502 -2
      vertex 34.4499 -10.4502 -8
    endloop
  endfacet
  facet normal -0.170971 0.985276 0
    outer loop
      vertex -5.2823 35.6104 -8
      vertex -7.02325 35.3083 -2
      vertex -5.2823 35.6104 -2
    endloop
  endfacet
  facet normal -0.170971 0.985276 0
    outer loop
      vertex -7.02325 35.3083 -2
      vertex -5.2823 35.6104 -8
      vertex -7.02325 35.3083 -8
    endloop
  endfacet
  facet normal -0.99729 -0.0735723 0
    outer loop
      vertex -35.8266 -3.52862 -8
      vertex -35.9566 -1.76644 -2
      vertex -35.9566 -1.76644 -8
    endloop
  endfacet
  facet normal -0.99729 -0.0735723 0
    outer loop
      vertex -35.9566 -1.76644 -2
      vertex -35.8266 -3.52862 -8
      vertex -35.8266 -3.52862 -2
    endloop
  endfacet
  facet normal -0.992486 0.122357 0
    outer loop
      vertex -35.8266 3.52862 -8
      vertex -35.6104 5.2823 -2
      vertex -35.6104 5.2823 -8
    endloop
  endfacet
  facet normal -0.992486 0.122357 0
    outer loop
      vertex -35.6104 5.2823 -2
      vertex -35.8266 3.52862 -8
      vertex -35.8266 3.52862 -2
    endloop
  endfacet
  facet normal -0.757175 -0.653212 0
    outer loop
      vertex -26.6742 -24.1761 -8
      vertex -27.8284 -22.8382 -2
      vertex -27.8284 -22.8382 -8
    endloop
  endfacet
  facet normal -0.757175 -0.653212 0
    outer loop
      vertex -27.8284 -22.8382 -2
      vertex -26.6742 -24.1761 -8
      vertex -26.6742 -24.1761 -2
    endloop
  endfacet
  facet normal -0.893236 0.449589 0
    outer loop
      vertex -32.5436 15.392 -8
      vertex -31.7492 16.9703 -2
      vertex -31.7492 16.9703 -8
    endloop
  endfacet
  facet normal -0.893236 0.449589 0
    outer loop
      vertex -31.7492 16.9703 -2
      vertex -32.5436 15.392 -8
      vertex -32.5436 15.392 -2
    endloop
  endfacet
  facet normal -0.932999 -0.359878 0
    outer loop
      vertex -33.2597 -13.7766 -8
      vertex -33.8956 -12.128 -2
      vertex -33.8956 -12.128 -8
    endloop
  endfacet
  facet normal -0.932999 -0.359878 0
    outer loop
      vertex -33.8956 -12.128 -2
      vertex -33.2597 -13.7766 -8
      vertex -33.2597 -13.7766 -2
    endloop
  endfacet
  facet normal 0.0245618 0.999698 -0
    outer loop
      vertex 1.76644 35.9566 -8
      vertex 0 36 -2
      vertex 1.76644 35.9566 -2
    endloop
  endfacet
  facet normal 0.0245618 0.999698 0
    outer loop
      vertex 0 36 -2
      vertex 1.76644 35.9566 -8
      vertex 0 36 -8
    endloop
  endfacet
  facet normal 0.992486 -0.122357 0
    outer loop
      vertex 35.6104 -5.2823 -2
      vertex 35.8266 -3.52862 -8
      vertex 35.8266 -3.52862 -2
    endloop
  endfacet
  facet normal 0.992486 -0.122357 0
    outer loop
      vertex 35.8266 -3.52862 -8
      vertex 35.6104 -5.2823 -2
      vertex 35.6104 -5.2823 -8
    endloop
  endfacet
  facet normal -0.975696 0.21913 0
    outer loop
      vertex -35.3083 7.02325 -8
      vertex -34.9211 8.74729 -2
      vertex -34.9211 8.74729 -8
    endloop
  endfacet
  facet normal -0.975696 0.21913 0
    outer loop
      vertex -34.9211 8.74729 -2
      vertex -35.3083 7.02325 -8
      vertex -35.3083 7.02325 -2
    endloop
  endfacet
  facet normal -0.359878 -0.932999 0
    outer loop
      vertex -13.7766 -33.2597 -8
      vertex -12.128 -33.8956 -2
      vertex -13.7766 -33.2597 -2
    endloop
  endfacet
  facet normal -0.359878 -0.932999 -0
    outer loop
      vertex -12.128 -33.8956 -2
      vertex -13.7766 -33.2597 -8
      vertex -12.128 -33.8956 -8
    endloop
  endfacet
  facet normal -0.72424 0.689548 0
    outer loop
      vertex -26.6742 24.1761 -8
      vertex -25.4558 25.4558 -2
      vertex -25.4558 25.4558 -8
    endloop
  endfacet
  facet normal -0.72424 0.689548 0
    outer loop
      vertex -25.4558 25.4558 -2
      vertex -26.6742 24.1761 -8
      vertex -26.6742 24.1761 -2
    endloop
  endfacet
  facet normal -0.870069 -0.49293 0
    outer loop
      vertex -30.8782 -18.5077 -8
      vertex -31.7492 -16.9703 -2
      vertex -31.7492 -16.9703 -8
    endloop
  endfacet
  facet normal -0.870069 -0.49293 0
    outer loop
      vertex -31.7492 -16.9703 -2
      vertex -30.8782 -18.5077 -8
      vertex -30.8782 -18.5077 -2
    endloop
  endfacet
  facet normal -0.72424 -0.689548 0
    outer loop
      vertex -25.4558 -25.4558 -8
      vertex -26.6742 -24.1761 -2
      vertex -26.6742 -24.1761 -8
    endloop
  endfacet
  facet normal -0.72424 -0.689548 0
    outer loop
      vertex -26.6742 -24.1761 -2
      vertex -25.4558 -25.4558 -8
      vertex -25.4558 -25.4558 -2
    endloop
  endfacet
  facet normal 0.914201 -0.405261 0
    outer loop
      vertex 32.5436 -15.392 -2
      vertex 33.2597 -13.7766 -8
      vertex 33.2597 -13.7766 -2
    endloop
  endfacet
  facet normal 0.914201 -0.405261 0
    outer loop
      vertex 33.2597 -13.7766 -8
      vertex 32.5436 -15.392 -2
      vertex 32.5436 -15.392 -8
    endloop
  endfacet
  facet normal -0.49293 0.870069 0
    outer loop
      vertex -16.9703 31.7492 -8
      vertex -18.5077 30.8782 -2
      vertex -16.9703 31.7492 -2
    endloop
  endfacet
  facet normal -0.49293 0.870069 0
    outer loop
      vertex -18.5077 30.8782 -2
      vertex -16.9703 31.7492 -8
      vertex -18.5077 30.8782 -8
    endloop
  endfacet
  facet normal 0.72424 -0.689548 0
    outer loop
      vertex 25.4558 -25.4558 -2
      vertex 26.6742 -24.1761 -8
      vertex 26.6742 -24.1761 -2
    endloop
  endfacet
  facet normal 0.72424 -0.689548 0
    outer loop
      vertex 26.6742 -24.1761 -8
      vertex 25.4558 -25.4558 -2
      vertex 25.4558 -25.4558 -8
    endloop
  endfacet
  facet normal -0.653212 -0.757175 0
    outer loop
      vertex -24.1761 -26.6742 -8
      vertex -22.8382 -27.8284 -2
      vertex -24.1761 -26.6742 -2
    endloop
  endfacet
  facet normal -0.653212 -0.757175 -0
    outer loop
      vertex -22.8382 -27.8284 -2
      vertex -24.1761 -26.6742 -8
      vertex -22.8382 -27.8284 -8
    endloop
  endfacet
  facet normal 0.844855 -0.534996 0
    outer loop
      vertex 29.9329 -20.0005 -2
      vertex 30.8782 -18.5077 -8
      vertex 30.8782 -18.5077 -2
    endloop
  endfacet
  facet normal 0.844855 -0.534996 0
    outer loop
      vertex 30.8782 -18.5077 -8
      vertex 29.9329 -20.0005 -2
      vertex 29.9329 -20.0005 -8
    endloop
  endfacet
  facet normal -0.653212 0.757175 0
    outer loop
      vertex -22.8382 27.8284 -8
      vertex -24.1761 26.6742 -2
      vertex -22.8382 27.8284 -2
    endloop
  endfacet
  facet normal -0.653212 0.757175 0
    outer loop
      vertex -24.1761 26.6742 -2
      vertex -22.8382 27.8284 -8
      vertex -24.1761 26.6742 -8
    endloop
  endfacet
  facet normal -0.615229 0.788349 0
    outer loop
      vertex -21.4452 28.9155 -8
      vertex -22.8382 27.8284 -2
      vertex -21.4452 28.9155 -2
    endloop
  endfacet
  facet normal -0.615229 0.788349 0
    outer loop
      vertex -22.8382 27.8284 -2
      vertex -21.4452 28.9155 -8
      vertex -22.8382 27.8284 -8
    endloop
  endfacet
  facet normal 0.534996 -0.844855 0
    outer loop
      vertex 18.5077 -30.8782 -8
      vertex 20.0005 -29.9329 -2
      vertex 18.5077 -30.8782 -2
    endloop
  endfacet
  facet normal 0.534996 -0.844855 0
    outer loop
      vertex 20.0005 -29.9329 -2
      vertex 18.5077 -30.8782 -8
      vertex 20.0005 -29.9329 -8
    endloop
  endfacet
  facet normal 0.932999 -0.359878 0
    outer loop
      vertex 33.2597 -13.7766 -2
      vertex 33.8956 -12.128 -8
      vertex 33.8956 -12.128 -2
    endloop
  endfacet
  facet normal 0.932999 -0.359878 0
    outer loop
      vertex 33.8956 -12.128 -8
      vertex 33.2597 -13.7766 -2
      vertex 33.2597 -13.7766 -8
    endloop
  endfacet
  facet normal 0.21913 -0.975696 0
    outer loop
      vertex 7.02325 -35.3083 -8
      vertex 8.74729 -34.9211 -2
      vertex 7.02325 -35.3083 -2
    endloop
  endfacet
  facet normal 0.21913 -0.975696 0
    outer loop
      vertex 8.74729 -34.9211 -2
      vertex 7.02325 -35.3083 -8
      vertex 8.74729 -34.9211 -8
    endloop
  endfacet
  facet normal 0.949523 -0.313697 0
    outer loop
      vertex 33.8956 -12.128 -2
      vertex 34.4499 -10.4502 -8
      vertex 34.4499 -10.4502 -2
    endloop
  endfacet
  facet normal 0.949523 -0.313697 0
    outer loop
      vertex 34.4499 -10.4502 -8
      vertex 33.8956 -12.128 -2
      vertex 33.8956 -12.128 -8
    endloop
  endfacet
  facet normal -0.405261 -0.914201 0
    outer loop
      vertex -15.392 -32.5436 -8
      vertex -13.7766 -33.2597 -2
      vertex -15.392 -32.5436 -2
    endloop
  endfacet
  facet normal -0.405261 -0.914201 -0
    outer loop
      vertex -13.7766 -33.2597 -2
      vertex -15.392 -32.5436 -8
      vertex -13.7766 -33.2597 -8
    endloop
  endfacet
  facet normal 0.405261 0.914201 -0
    outer loop
      vertex 15.392 32.5436 -8
      vertex 13.7766 33.2597 -2
      vertex 15.392 32.5436 -2
    endloop
  endfacet
  facet normal 0.405261 0.914201 0
    outer loop
      vertex 13.7766 33.2597 -2
      vertex 15.392 32.5436 -8
      vertex 13.7766 33.2597 -8
    endloop
  endfacet
  facet normal 0.122357 0.992486 -0
    outer loop
      vertex 5.2823 35.6104 -8
      vertex 3.52862 35.8266 -2
      vertex 5.2823 35.6104 -2
    endloop
  endfacet
  facet normal 0.122357 0.992486 0
    outer loop
      vertex 3.52862 35.8266 -2
      vertex 5.2823 35.6104 -8
      vertex 3.52862 35.8266 -8
    endloop
  endfacet
  facet normal 0 0 -1
    outer loop
      vertex -27.7983 -2.28188 -8
      vertex -12.4849 0.613345 -8
      vertex -27.7525 -2.38234 -8
    endloop
  endfacet
  facet normal -0 0 -1
    outer loop
      vertex -12.4849 0.613345 -8
      vertex -27.7983 -2.28188 -8
      vertex -12.4398 1.22521 -8
    endloop
  endfacet
  facet normal 0 0 -1
    outer loop
      vertex -27.8491 -2.18378 -8
      vertex -12.4398 1.22521 -8
      vertex -27.7983 -2.28188 -8
    endloop
  endfacet
  facet normal 0 0 -1
    outer loop
      vertex -27.9045 -2.08829 -8
      vertex -12.4398 1.22521 -8
      vertex -27.8491 -2.18378 -8
    endloop
  endfacet
  facet normal -0 0 -1
    outer loop
      vertex -12.4398 1.22521 -8
      vertex -27.9045 -2.08829 -8
      vertex -12.3647 1.83413 -8
    endloop
  endfacet
  facet normal 0 0 -1
    outer loop
      vertex -27.9646 -1.99564 -8
      vertex -12.3647 1.83413 -8
      vertex -27.9045 -2.08829 -8
    endloop
  endfacet
  facet normal 0 0 -1
    outer loop
      vertex -28.0292 -1.90605 -8
      vertex -12.3647 1.83413 -8
      vertex -27.9646 -1.99564 -8
    endloop
  endfacet
  facet normal -0 0 -1
    outer loop
      vertex -12.3647 1.83413 -8
      vertex -28.0292 -1.90605 -8
      vertex -12.2598 2.43863 -8
    endloop
  endfacet
  facet normal 0 0 -1
    outer loop
      vertex -28.0981 -1.81973 -8
      vertex -12.2598 2.43863 -8
      vertex -28.0292 -1.90605 -8
    endloop
  endfacet
  facet normal 0 0 -1
    outer loop
      vertex -28.1711 -1.7369 -8
      vertex -12.2598 2.43863 -8
      vertex -28.0981 -1.81973 -8
    endloop
  endfacet
  facet normal -0 0 -1
    outer loop
      vertex -12.2598 2.43863 -8
      vertex -28.1711 -1.7369 -8
      vertex -12.1254 3.03725 -8
    endloop
  endfacet
  facet normal 0 0 -1
    outer loop
      vertex -28.2481 -1.65776 -8
      vertex -12.1254 3.03725 -8
      vertex -28.1711 -1.7369 -8
    endloop
  endfacet
  facet normal 0 0 -1
    outer loop
      vertex -28.329 -1.58248 -8
      vertex -12.1254 3.03725 -8
      vertex -28.2481 -1.65776 -8
    endloop
  endfacet
  facet normal 0 0 -1
    outer loop
      vertex -11.5485 4.78354 -8
      vertex -27.8284 22.8382 -8
      vertex -26.6742 24.1761 -8
    endloop
  endfacet
  facet normal -0 0 -1
    outer loop
      vertex -12.1254 3.03725 -8
      vertex -28.329 -1.58248 -8
      vertex -11.9618 3.62856 -8
    endloop
  endfacet
  facet normal 0 0 -1
    outer loop
      vertex -28.4134 -1.51127 -8
      vertex -11.9618 3.62856 -8
      vertex -28.329 -1.58248 -8
    endloop
  endfacet
  facet normal 0 0 -1
    outer loop
      vertex -28.5012 -1.44428 -8
      vertex -11.9618 3.62856 -8
      vertex -28.4134 -1.51127 -8
    endloop
  endfacet
  facet normal -0 0 -1
    outer loop
      vertex -11.9618 3.62856 -8
      vertex -28.5012 -1.44428 -8
      vertex -11.7693 4.21112 -8
    endloop
  endfacet
  facet normal 0 0 -1
    outer loop
      vertex -28.5921 -1.38167 -8
      vertex -11.7693 4.21112 -8
      vertex -28.5012 -1.44428 -8
    endloop
  endfacet
  facet normal 0 0 -1
    outer loop
      vertex -28.6861 -1.32361 -8
      vertex -11.7693 4.21112 -8
      vertex -28.5921 -1.38167 -8
    endloop
  endfacet
  facet normal -0 0 -1
    outer loop
      vertex -11.7693 4.21112 -8
      vertex -28.6861 -1.32361 -8
      vertex -11.5485 4.78354 -8
    endloop
  endfacet
  facet normal -0 0 -1
    outer loop
      vertex -11.5485 4.78354 -8
      vertex -28.6861 -1.32361 -8
      vertex -33.2597 13.7766 -8
    endloop
  endfacet
  facet normal 0 0 -1
    outer loop
      vertex -33.8956 12.128 -8
      vertex -28.6861 -1.32361 -8
      vertex -28.7828 -1.27023 -8
    endloop
  endfacet
  facet normal 0 0 -1
    outer loop
      vertex -33.8956 12.128 -8
      vertex -28.7828 -1.27023 -8
      vertex -28.8819 -1.22166 -8
    endloop
  endfacet
  facet normal 0 0 -1
    outer loop
      vertex -11.5485 4.78354 -8
      vertex -28.9155 21.4452 -8
      vertex -27.8284 22.8382 -8
    endloop
  endfacet
  facet normal 0 0 -1
    outer loop
      vertex -34.4499 10.4502 -8
      vertex -28.8819 -1.22166 -8
      vertex -28.9834 -1.17801 -8
    endloop
  endfacet
  facet normal 0 0 -1
    outer loop
      vertex -34.4499 10.4502 -8
      vertex -28.9834 -1.17801 -8
      vertex -29.0868 -1.13939 -8
    endloop
  endfacet
  facet normal 0 0 -1
    outer loop
      vertex -34.9211 8.74729 -8
      vertex -29.0868 -1.13939 -8
      vertex -29.1921 -1.10589 -8
    endloop
  endfacet
  facet normal 0 0 -1
    outer loop
      vertex -34.9211 8.74729 -8
      vertex -29.1921 -1.10589 -8
      vertex -29.2988 -1.0776 -8
    endloop
  endfacet
  facet normal 0 0 -1
    outer loop
      vertex -34.9211 8.74729 -8
      vertex -29.2988 -1.0776 -8
      vertex -29.4068 -1.05458 -8
    endloop
  endfacet
  facet normal 0 0 -1
    outer loop
      vertex -35.3083 7.02325 -8
      vertex -29.4068 -1.05458 -8
      vertex -29.5158 -1.03689 -8
    endloop
  endfacet
  facet normal 0 0 -1
    outer loop
      vertex -35.3083 7.02325 -8
      vertex -29.5158 -1.03689 -8
      vertex -29.6256 -1.02457 -8
    endloop
  endfacet
  facet normal 0 0 -1
    outer loop
      vertex -35.3083 7.02325 -8
      vertex -29.6256 -1.02457 -8
      vertex -29.7358 -1.01765 -8
    endloop
  endfacet
  facet normal 0 0 -1
    outer loop
      vertex -35.6104 5.2823 -8
      vertex -29.7358 -1.01765 -8
      vertex -29.8462 -1.01614 -8
    endloop
  endfacet
  facet normal 0 0 -1
    outer loop
      vertex -11.5485 4.78354 -8
      vertex -29.9329 20.0005 -8
      vertex -28.9155 21.4452 -8
    endloop
  endfacet
  facet normal 0 0 -1
    outer loop
      vertex -35.6104 5.2823 -8
      vertex -29.8462 -1.01614 -8
      vertex -29.9566 -1.02005 -8
    endloop
  endfacet
  facet normal 0 0 -1
    outer loop
      vertex -35.6104 5.2823 -8
      vertex -29.9566 -1.02005 -8
      vertex -30.0666 -1.02938 -8
    endloop
  endfacet
  facet normal 0 0 -1
    outer loop
      vertex -35.6104 5.2823 -8
      vertex -30.0666 -1.02938 -8
      vertex -30.1761 -1.04409 -8
    endloop
  endfacet
  facet normal 0 0 -1
    outer loop
      vertex -35.8266 3.52862 -8
      vertex -30.1761 -1.04409 -8
      vertex -30.2847 -1.06416 -8
    endloop
  endfacet
  facet normal 0 0 -1
    outer loop
      vertex -35.8266 3.52862 -8
      vertex -30.2847 -1.06416 -8
      vertex -30.3922 -1.08953 -8
    endloop
  endfacet
  facet normal 0 0 -1
    outer loop
      vertex -35.8266 3.52862 -8
      vertex -30.3922 -1.08953 -8
      vertex -30.4983 -1.12014 -8
    endloop
  endfacet
  facet normal 0 0 -1
    outer loop
      vertex -35.8266 3.52862 -8
      vertex -30.4983 -1.12014 -8
      vertex -30.6028 -1.15593 -8
    endloop
  endfacet
  facet normal 0 0 -1
    outer loop
      vertex -35.8266 3.52862 -8
      vertex -30.6028 -1.15593 -8
      vertex -30.7054 -1.19679 -8
    endloop
  endfacet
  facet normal 0 0 -1
    outer loop
      vertex -35.9566 1.76644 -8
      vertex -30.7054 -1.19679 -8
      vertex -30.8058 -1.24264 -8
    endloop
  endfacet
  facet normal 0 0 -1
    outer loop
      vertex -11.5485 4.78354 -8
      vertex -30.8782 18.5077 -8
      vertex -29.9329 20.0005 -8
    endloop
  endfacet
  facet normal 0 0 -1
    outer loop
      vertex -35.9566 1.76644 -8
      vertex -30.8058 -1.24264 -8
      vertex -30.9039 -1.29337 -8
    endloop
  endfacet
  facet normal 0 0 -1
    outer loop
      vertex -35.9566 1.76644 -8
      vertex -30.9039 -1.29337 -8
      vertex -30.9994 -1.34885 -8
    endloop
  endfacet
  facet normal 0 0 -1
    outer loop
      vertex -35.9566 1.76644 -8
      vertex -30.9994 -1.34885 -8
      vertex -31.0921 -1.40895 -8
    endloop
  endfacet
  facet normal 0 0 -1
    outer loop
      vertex -35.9566 1.76644 -8
      vertex -31.0921 -1.40895 -8
      vertex -31.1816 -1.47352 -8
    endloop
  endfacet
  facet normal 0 0 -1
    outer loop
      vertex -35.9566 1.76644 -8
      vertex -31.1816 -1.47352 -8
      vertex -31.268 -1.54241 -8
    endloop
  endfacet
  facet normal 0 0 -1
    outer loop
      vertex -36 0 -8
      vertex -31.268 -1.54241 -8
      vertex -31.3508 -1.61545 -8
    endloop
  endfacet
  facet normal 0 0 -1
    outer loop
      vertex -36 0 -8
      vertex -31.3508 -1.61545 -8
      vertex -31.4299 -1.69246 -8
    endloop
  endfacet
  facet normal 0 0 -1
    outer loop
      vertex -36 0 -8
      vertex -31.4299 -1.69246 -8
      vertex -31.5052 -1.77327 -8
    endloop
  endfacet
  facet normal 0 0 -1
    outer loop
      vertex -36 0 -8
      vertex -31.5052 -1.77327 -8
      vertex -31.5764 -1.85768 -8
    endloop
  endfacet
  facet normal 0 0 -1
    outer loop
      vertex -36 0 -8
      vertex -31.5764 -1.85768 -8
      vertex -31.6434 -1.94548 -8
    endloop
  endfacet
  facet normal 0 0 -1
    outer loop
      vertex -36 0 -8
      vertex -31.6434 -1.94548 -8
      vertex -31.706 -2.03645 -8
    endloop
  endfacet
  facet normal 0 0 -1
    outer loop
      vertex -11.5485 4.78354 -8
      vertex -31.7492 16.9703 -8
      vertex -30.8782 18.5077 -8
    endloop
  endfacet
  facet normal 0 0 -1
    outer loop
      vertex -36 0 -8
      vertex -31.706 -2.03645 -8
      vertex -31.7641 -2.13039 -8
    endloop
  endfacet
  facet normal 0 0 -1
    outer loop
      vertex -35.9566 -1.76644 -8
      vertex -31.7641 -2.13039 -8
      vertex -31.8175 -2.22707 -8
    endloop
  endfacet
  facet normal 0 0 -1
    outer loop
      vertex -35.9566 -1.76644 -8
      vertex -31.8175 -2.22707 -8
      vertex -31.866 -2.32625 -8
    endloop
  endfacet
  facet normal 0 0 -1
    outer loop
      vertex -35.9566 -1.76644 -8
      vertex -31.866 -2.32625 -8
      vertex -31.9097 -2.42769 -8
    endloop
  endfacet
  facet normal 0 0 -1
    outer loop
      vertex -35.9566 -1.76644 -8
      vertex -31.9097 -2.42769 -8
      vertex -31.9483 -2.53116 -8
    endloop
  endfacet
  facet normal 0 0 -1
    outer loop
      vertex -35.9566 -1.76644 -8
      vertex -31.9483 -2.53116 -8
      vertex -31.9818 -2.63639 -8
    endloop
  endfacet
  facet normal 0 0 -1
    outer loop
      vertex -35.9566 -1.76644 -8
      vertex -31.9818 -2.63639 -8
      vertex -32.0101 -2.74314 -8
    endloop
  endfacet
  facet normal 0 0 -1
    outer loop
      vertex -35.9566 -1.76644 -8
      vertex -32.0101 -2.74314 -8
      vertex -32.0331 -2.85115 -8
    endloop
  endfacet
  facet normal 0 0 -1
    outer loop
      vertex -35.8266 -3.52862 -8
      vertex -32.0331 -2.85115 -8
      vertex -32.0508 -2.96016 -8
    endloop
  endfacet
  facet normal 0 0 -1
    outer loop
      vertex -35.8266 -3.52862 -8
      vertex -32.0508 -2.96016 -8
      vertex -32.0631 -3.06991 -8
    endloop
  endfacet
  facet normal 0 0 -1
    outer loop
      vertex -35.8266 -3.52862 -8
      vertex -32.0631 -3.06991 -8
      vertex -32.07 -3.18012 -8
    endloop
  endfacet
  facet normal -0 0 -1
    outer loop
      vertex -31.9676 -3.94259 -8
      vertex -35.6104 -5.2823 -8
      vertex -31.9982 -3.83649 -8
    endloop
  endfacet
  facet normal -0 0 -1
    outer loop
      vertex -31.9982 -3.83649 -8
      vertex -35.6104 -5.2823 -8
      vertex -32.0235 -3.729 -8
    endloop
  endfacet
  facet normal 0 0 -1
    outer loop
      vertex -11.5485 4.78354 -8
      vertex -32.5436 15.392 -8
      vertex -31.7492 16.9703 -8
    endloop
  endfacet
  facet normal 0 0 -1
    outer loop
      vertex -35.8266 -3.52862 -8
      vertex -32.0235 -3.729 -8
      vertex -35.6104 -5.2823 -8
    endloop
  endfacet
  facet normal 0 0 -1
    outer loop
      vertex -11.5485 4.78354 -8
      vertex -33.2597 13.7766 -8
      vertex -32.5436 15.392 -8
    endloop
  endfacet
  facet normal 0 0 -1
    outer loop
      vertex -32.0235 -3.729 -8
      vertex -35.8266 -3.52862 -8
      vertex -32.0436 -3.62041 -8
    endloop
  endfacet
  facet normal 0 0 -1
    outer loop
      vertex -28.6861 -1.32361 -8
      vertex -33.8956 12.128 -8
      vertex -33.2597 13.7766 -8
    endloop
  endfacet
  facet normal 0 0 -1
    outer loop
      vertex -32.0436 -3.62041 -8
      vertex -35.8266 -3.52862 -8
      vertex -32.0583 -3.51096 -8
    endloop
  endfacet
  facet normal 0 0 -1
    outer loop
      vertex -28.8819 -1.22166 -8
      vertex -34.4499 10.4502 -8
      vertex -33.8956 12.128 -8
    endloop
  endfacet
  facet normal -0 0 -1
    outer loop
      vertex -32.0583 -3.51096 -8
      vertex -35.8266 -3.52862 -8
      vertex -32.0676 -3.40092 -8
    endloop
  endfacet
  facet normal 0 0 -1
    outer loop
      vertex -29.0868 -1.13939 -8
      vertex -34.9211 8.74729 -8
      vertex -34.4499 10.4502 -8
    endloop
  endfacet
  facet normal -0 0 -1
    outer loop
      vertex -32.0676 -3.40092 -8
      vertex -35.8266 -3.52862 -8
      vertex -32.0716 -3.29055 -8
    endloop
  endfacet
  facet normal 0 0 -1
    outer loop
      vertex -29.4068 -1.05458 -8
      vertex -35.3083 7.02325 -8
      vertex -34.9211 8.74729 -8
    endloop
  endfacet
  facet normal -0 0 -1
    outer loop
      vertex -32.0716 -3.29055 -8
      vertex -35.8266 -3.52862 -8
      vertex -32.07 -3.18012 -8
    endloop
  endfacet
  facet normal 0 0 -1
    outer loop
      vertex -29.7358 -1.01765 -8
      vertex -35.6104 5.2823 -8
      vertex -35.3083 7.02325 -8
    endloop
  endfacet
  facet normal -0 0 -1
    outer loop
      vertex -32.0331 -2.85115 -8
      vertex -35.8266 -3.52862 -8
      vertex -35.9566 -1.76644 -8
    endloop
  endfacet
  facet normal 0 0 -1
    outer loop
      vertex -30.1761 -1.04409 -8
      vertex -35.8266 3.52862 -8
      vertex -35.6104 5.2823 -8
    endloop
  endfacet
  facet normal 0 0 -1
    outer loop
      vertex -31.7641 -2.13039 -8
      vertex -35.9566 -1.76644 -8
      vertex -36 0 -8
    endloop
  endfacet
  facet normal 0 0 -1
    outer loop
      vertex -30.7054 -1.19679 -8
      vertex -35.9566 1.76644 -8
      vertex -35.8266 3.52862 -8
    endloop
  endfacet
  facet normal 0 0 -1
    outer loop
      vertex -31.268 -1.54241 -8
      vertex -36 0 -8
      vertex -35.9566 1.76644 -8
    endloop
  endfacet
  facet normal 0 0 -1
    outer loop
      vertex 5.2823 35.6104 -8
      vertex -1.01765 29.7358 -8
      vertex -1.01614 29.8462 -8
    endloop
  endfacet
  facet normal 0 0 -1
    outer loop
      vertex 0 12.5 -8
      vertex -1.02457 29.6256 -8
      vertex -1.01765 29.7358 -8
    endloop
  endfacet
  facet normal 0 0 -1
    outer loop
      vertex 0 12.5 -8
      vertex -1.03689 29.5158 -8
      vertex -1.02457 29.6256 -8
    endloop
  endfacet
  facet normal 0 0 -1
    outer loop
      vertex 0 12.5 -8
      vertex -1.05458 29.4068 -8
      vertex -1.03689 29.5158 -8
    endloop
  endfacet
  facet normal 0 0 -1
    outer loop
      vertex 0 12.5 -8
      vertex -1.0776 29.2988 -8
      vertex -1.05458 29.4068 -8
    endloop
  endfacet
  facet normal 0 0 -1
    outer loop
      vertex 0 12.5 -8
      vertex -1.10589 29.1921 -8
      vertex -1.0776 29.2988 -8
    endloop
  endfacet
  facet normal 0 0 -1
    outer loop
      vertex 0 12.5 -8
      vertex -1.13939 29.0868 -8
      vertex -1.10589 29.1921 -8
    endloop
  endfacet
  facet normal 0 0 -1
    outer loop
      vertex 0 12.5 -8
      vertex -1.17801 28.9834 -8
      vertex -1.13939 29.0868 -8
    endloop
  endfacet
  facet normal 0 0 -1
    outer loop
      vertex 0 12.5 -8
      vertex -1.22166 28.8819 -8
      vertex -1.17801 28.9834 -8
    endloop
  endfacet
  facet normal 0 0 -1
    outer loop
      vertex -2.80301 27.6198 -8
      vertex -0.613345 12.4849 -8
      vertex -1.22521 12.4398 -8
    endloop
  endfacet
  facet normal 0 0 -1
    outer loop
      vertex 0 12.5 -8
      vertex -1.27023 28.7828 -8
      vertex -1.22166 28.8819 -8
    endloop
  endfacet
  facet normal 0 0 -1
    outer loop
      vertex 0 12.5 -8
      vertex -1.32361 28.6861 -8
      vertex -1.27023 28.7828 -8
    endloop
  endfacet
  facet normal 0 0 -1
    outer loop
      vertex 0 12.5 -8
      vertex -1.38167 28.5921 -8
      vertex -1.32361 28.6861 -8
    endloop
  endfacet
  facet normal 0 0 -1
    outer loop
      vertex 0 12.5 -8
      vertex -1.44428 28.5012 -8
      vertex -1.38167 28.5921 -8
    endloop
  endfacet
  facet normal 0 0 -1
    outer loop
      vertex 0 12.5 -8
      vertex -1.51127 28.4134 -8
      vertex -1.44428 28.5012 -8
    endloop
  endfacet
  facet normal 0 0 -1
    outer loop
      vertex 0 12.5 -8
      vertex -1.58248 28.329 -8
      vertex -1.51127 28.4134 -8
    endloop
  endfacet
  facet normal 0 0 -1
    outer loop
      vertex 0 12.5 -8
      vertex -1.65776 28.2481 -8
      vertex -1.58248 28.329 -8
    endloop
  endfacet
  facet normal 0 0 -1
    outer loop
      vertex 0 12.5 -8
      vertex -1.7369 28.1711 -8
      vertex -1.65776 28.2481 -8
    endloop
  endfacet
  facet normal 0 0 -1
    outer loop
      vertex 0 12.5 -8
      vertex -1.81973 28.0981 -8
      vertex -1.7369 28.1711 -8
    endloop
  endfacet
  facet normal 0 0 -1
    outer loop
      vertex -3.02106 27.5851 -8
      vertex -1.22521 12.4398 -8
      vertex -1.83413 12.3647 -8
    endloop
  endfacet
  facet normal 0 0 -1
    outer loop
      vertex 0 12.5 -8
      vertex -1.90605 28.0292 -8
      vertex -1.81973 28.0981 -8
    endloop
  endfacet
  facet normal 0 0 -1
    outer loop
      vertex 0 12.5 -8
      vertex -1.99564 27.9646 -8
      vertex -1.90605 28.0292 -8
    endloop
  endfacet
  facet normal 0 0 -1
    outer loop
      vertex 0 12.5 -8
      vertex -2.08829 27.9045 -8
      vertex -1.99564 27.9646 -8
    endloop
  endfacet
  facet normal 0 0 -1
    outer loop
      vertex 0 12.5 -8
      vertex -2.18378 27.8491 -8
      vertex -2.08829 27.9045 -8
    endloop
  endfacet
  facet normal 0 0 -1
    outer loop
      vertex 0 12.5 -8
      vertex -2.28188 27.7983 -8
      vertex -2.18378 27.8491 -8
    endloop
  endfacet
  facet normal 0 0 -1
    outer loop
      vertex 0 12.5 -8
      vertex -2.38234 27.7525 -8
      vertex -2.28188 27.7983 -8
    endloop
  endfacet
  facet normal 0 0 -1
    outer loop
      vertex -3.24146 27.5718 -8
      vertex -1.83413 12.3647 -8
      vertex -2.43863 12.2598 -8
    endloop
  endfacet
  facet normal 0 0 -1
    outer loop
      vertex 0 12.5 -8
      vertex -2.48494 27.7116 -8
      vertex -2.38234 27.7525 -8
    endloop
  endfacet
  facet normal 0 0 -1
    outer loop
      vertex 0 12.5 -8
      vertex -2.58942 27.6758 -8
      vertex -2.48494 27.7116 -8
    endloop
  endfacet
  facet normal 0 0 -1
    outer loop
      vertex -0.613345 12.4849 -8
      vertex -2.69553 27.6452 -8
      vertex -2.58942 27.6758 -8
    endloop
  endfacet
  facet normal 0 0 -1
    outer loop
      vertex -0.613345 12.4849 -8
      vertex -2.80301 27.6198 -8
      vertex -2.69553 27.6452 -8
    endloop
  endfacet
  facet normal 0 0 -1
    outer loop
      vertex -1.22521 12.4398 -8
      vertex -2.9116 27.5998 -8
      vertex -2.80301 27.6198 -8
    endloop
  endfacet
  facet normal 0 0 -1
    outer loop
      vertex -1.22521 12.4398 -8
      vertex -3.02106 27.5851 -8
      vertex -2.9116 27.5998 -8
    endloop
  endfacet
  facet normal 0 0 -1
    outer loop
      vertex -3.46211 27.5803 -8
      vertex -2.43863 12.2598 -8
      vertex -3.03725 12.1254 -8
    endloop
  endfacet
  facet normal 0 0 -1
    outer loop
      vertex -1.83413 12.3647 -8
      vertex -3.1311 27.5757 -8
      vertex -3.02106 27.5851 -8
    endloop
  endfacet
  facet normal 0 0 -1
    outer loop
      vertex -1.83413 12.3647 -8
      vertex -3.24146 27.5718 -8
      vertex -3.1311 27.5757 -8
    endloop
  endfacet
  facet normal 0 0 -1
    outer loop
      vertex -2.43863 12.2598 -8
      vertex -3.35189 27.5733 -8
      vertex -3.24146 27.5718 -8
    endloop
  endfacet
  facet normal 0 0 -1
    outer loop
      vertex -2.43863 12.2598 -8
      vertex -3.46211 27.5803 -8
      vertex -3.35189 27.5733 -8
    endloop
  endfacet
  facet normal 0 0 -1
    outer loop
      vertex -3.03725 12.1254 -8
      vertex -3.57185 27.5926 -8
      vertex -3.46211 27.5803 -8
    endloop
  endfacet
  facet normal 0 0 -1
    outer loop
      vertex -3.68086 27.6103 -8
      vertex -3.03725 12.1254 -8
      vertex -3.62856 11.9618 -8
    endloop
  endfacet
  facet normal 0 0 -1
    outer loop
      vertex -3.03725 12.1254 -8
      vertex -3.68086 27.6103 -8
      vertex -3.57185 27.5926 -8
    endloop
  endfacet
  facet normal 0 0 -1
    outer loop
      vertex -3.62856 11.9618 -8
      vertex -3.78887 27.6333 -8
      vertex -3.68086 27.6103 -8
    endloop
  endfacet
  facet normal 0 0 -1
    outer loop
      vertex -3.62856 11.9618 -8
      vertex -3.89562 27.6616 -8
      vertex -3.78887 27.6333 -8
    endloop
  endfacet
  facet normal 0 0 -1
    outer loop
      vertex -3.62856 11.9618 -8
      vertex -4.00085 27.6951 -8
      vertex -3.89562 27.6616 -8
    endloop
  endfacet
  facet normal 0 0 -1
    outer loop
      vertex -4.21112 11.7693 -8
      vertex -4.00085 27.6951 -8
      vertex -3.62856 11.9618 -8
    endloop
  endfacet
  facet normal -0 0 -1
    outer loop
      vertex -4.00085 27.6951 -8
      vertex -4.21112 11.7693 -8
      vertex -4.10432 27.7337 -8
    endloop
  endfacet
  facet normal -0 0 -1
    outer loop
      vertex -4.10432 27.7337 -8
      vertex -4.21112 11.7693 -8
      vertex -4.20576 27.7773 -8
    endloop
  endfacet
  facet normal 0 0 -1
    outer loop
      vertex -4.78354 11.5485 -8
      vertex -4.20576 27.7773 -8
      vertex -4.21112 11.7693 -8
    endloop
  endfacet
  facet normal -0 0 -1
    outer loop
      vertex -4.20576 27.7773 -8
      vertex -4.78354 11.5485 -8
      vertex -4.30494 27.8259 -8
    endloop
  endfacet
  facet normal -0 0 -1
    outer loop
      vertex -4.30494 27.8259 -8
      vertex -4.78354 11.5485 -8
      vertex -4.40162 27.8793 -8
    endloop
  endfacet
  facet normal 0 0 -1
    outer loop
      vertex -5.34444 11.2999 -8
      vertex -4.40162 27.8793 -8
      vertex -4.78354 11.5485 -8
    endloop
  endfacet
  facet normal -0 0 -1
    outer loop
      vertex -4.40162 27.8793 -8
      vertex -5.34444 11.2999 -8
      vertex -4.49556 27.9374 -8
    endloop
  endfacet
  facet normal -0 0 -1
    outer loop
      vertex -4.49556 27.9374 -8
      vertex -5.34444 11.2999 -8
      vertex -4.58654 28 -8
    endloop
  endfacet
  facet normal 0 0 -1
    outer loop
      vertex -5.89246 11.024 -8
      vertex -4.58654 28 -8
      vertex -5.34444 11.2999 -8
    endloop
  endfacet
  facet normal -0 0 -1
    outer loop
      vertex -4.58654 28 -8
      vertex -5.89246 11.024 -8
      vertex -4.67433 28.0669 -8
    endloop
  endfacet
  facet normal 0 0 -1
    outer loop
      vertex -6.42628 10.7216 -8
      vertex -4.67433 28.0669 -8
      vertex -5.89246 11.024 -8
    endloop
  endfacet
  facet normal -0 0 -1
    outer loop
      vertex -4.67433 28.0669 -8
      vertex -6.42628 10.7216 -8
      vertex -4.75874 28.1382 -8
    endloop
  endfacet
  facet normal -0 0 -1
    outer loop
      vertex -4.75874 28.1382 -8
      vertex -6.42628 10.7216 -8
      vertex -4.83955 28.2134 -8
    endloop
  endfacet
  facet normal 0 0 -1
    outer loop
      vertex -6.94463 10.3934 -8
      vertex -4.83955 28.2134 -8
      vertex -6.42628 10.7216 -8
    endloop
  endfacet
  facet normal -0 0 -1
    outer loop
      vertex -4.83955 28.2134 -8
      vertex -6.94463 10.3934 -8
      vertex -4.91656 28.2926 -8
    endloop
  endfacet
  facet normal 0 0 -1
    outer loop
      vertex -20.0005 29.9329 -8
      vertex -4.91656 28.2926 -8
      vertex -6.94463 10.3934 -8
    endloop
  endfacet
  facet normal 0 0 -1
    outer loop
      vertex -4.91656 28.2926 -8
      vertex -20.0005 29.9329 -8
      vertex -4.98961 28.3754 -8
    endloop
  endfacet
  facet normal 0 -0 -1
    outer loop
      vertex -18.5077 30.8782 -8
      vertex -4.98961 28.3754 -8
      vertex -20.0005 29.9329 -8
    endloop
  endfacet
  facet normal 0 0 -1
    outer loop
      vertex -4.98961 28.3754 -8
      vertex -18.5077 30.8782 -8
      vertex -5.05849 28.4617 -8
    endloop
  endfacet
  facet normal 0 0 -1
    outer loop
      vertex -5.05849 28.4617 -8
      vertex -18.5077 30.8782 -8
      vertex -5.12307 28.5513 -8
    endloop
  endfacet
  facet normal 0 -0 -1
    outer loop
      vertex -16.9703 31.7492 -8
      vertex -5.12307 28.5513 -8
      vertex -18.5077 30.8782 -8
    endloop
  endfacet
  facet normal 0 0 -1
    outer loop
      vertex -5.12307 28.5513 -8
      vertex -16.9703 31.7492 -8
      vertex -5.18316 28.644 -8
    endloop
  endfacet
  facet normal 0 0 -1
    outer loop
      vertex -5.18316 28.644 -8
      vertex -16.9703 31.7492 -8
      vertex -5.23864 28.7395 -8
    endloop
  endfacet
  facet normal 0 -0 -1
    outer loop
      vertex -15.392 32.5436 -8
      vertex -5.23864 28.7395 -8
      vertex -16.9703 31.7492 -8
    endloop
  endfacet
  facet normal 0 0 -1
    outer loop
      vertex -5.23864 28.7395 -8
      vertex -15.392 32.5436 -8
      vertex -5.28937 28.8376 -8
    endloop
  endfacet
  facet normal 0 0 -1
    outer loop
      vertex -5.28937 28.8376 -8
      vertex -15.392 32.5436 -8
      vertex -5.33522 28.938 -8
    endloop
  endfacet
  facet normal 0 0 -1
    outer loop
      vertex -5.37609 29.0406 -8
      vertex -13.7766 33.2597 -8
      vertex -5.41187 29.1451 -8
    endloop
  endfacet
  facet normal 0 0 -1
    outer loop
      vertex -5.41187 29.1451 -8
      vertex -13.7766 33.2597 -8
      vertex -5.44248 29.2512 -8
    endloop
  endfacet
  facet normal -0 0 -1
    outer loop
      vertex 29.9329 20.0005 -8
      vertex 10.3934 6.94463 -8
      vertex 28.9155 21.4452 -8
    endloop
  endfacet
  facet normal 0 0 -1
    outer loop
      vertex 10.0401 7.44624 -8
      vertex 28.9155 21.4452 -8
      vertex 10.3934 6.94463 -8
    endloop
  endfacet
  facet normal -0 0 -1
    outer loop
      vertex 28.9155 21.4452 -8
      vertex 10.0401 7.44624 -8
      vertex 27.8284 22.8382 -8
    endloop
  endfacet
  facet normal 0 0 -1
    outer loop
      vertex 9.66263 7.92992 -8
      vertex 27.8284 22.8382 -8
      vertex 10.0401 7.44624 -8
    endloop
  endfacet
  facet normal -0 0 -1
    outer loop
      vertex 27.8284 22.8382 -8
      vertex 9.66263 7.92992 -8
      vertex 26.6742 24.1761 -8
    endloop
  endfacet
  facet normal 0 0 -1
    outer loop
      vertex 9.26189 8.39449 -8
      vertex 26.6742 24.1761 -8
      vertex 9.66263 7.92992 -8
    endloop
  endfacet
  facet normal -0 0 -1
    outer loop
      vertex 26.6742 24.1761 -8
      vertex 9.26189 8.39449 -8
      vertex 25.4558 25.4558 -8
    endloop
  endfacet
  facet normal 0 0 -1
    outer loop
      vertex 8.83883 8.83883 -8
      vertex 25.4558 25.4558 -8
      vertex 9.26189 8.39449 -8
    endloop
  endfacet
  facet normal -0 0 -1
    outer loop
      vertex 25.4558 25.4558 -8
      vertex 8.83883 8.83883 -8
      vertex 24.1761 26.6742 -8
    endloop
  endfacet
  facet normal 0 0 -1
    outer loop
      vertex 8.39449 9.26189 -8
      vertex 24.1761 26.6742 -8
      vertex 8.83883 8.83883 -8
    endloop
  endfacet
  facet normal -0 0 -1
    outer loop
      vertex 24.1761 26.6742 -8
      vertex 8.39449 9.26189 -8
      vertex 22.8382 27.8284 -8
    endloop
  endfacet
  facet normal 0 0 -1
    outer loop
      vertex 7.92992 9.66263 -8
      vertex 22.8382 27.8284 -8
      vertex 8.39449 9.26189 -8
    endloop
  endfacet
  facet normal -0 0 -1
    outer loop
      vertex 22.8382 27.8284 -8
      vertex 7.92992 9.66263 -8
      vertex 21.4452 28.9155 -8
    endloop
  endfacet
  facet normal 0 0 -1
    outer loop
      vertex 7.44624 10.0401 -8
      vertex 21.4452 28.9155 -8
      vertex 7.92992 9.66263 -8
    endloop
  endfacet
  facet normal -0 0 -1
    outer loop
      vertex 21.4452 28.9155 -8
      vertex 7.44624 10.0401 -8
      vertex 20.0005 29.9329 -8
    endloop
  endfacet
  facet normal 0 0 -1
    outer loop
      vertex 6.94463 10.3934 -8
      vertex 20.0005 29.9329 -8
      vertex 7.44624 10.0401 -8
    endloop
  endfacet
  facet normal -0 0 -1
    outer loop
      vertex 20.0005 29.9329 -8
      vertex 6.94463 10.3934 -8
      vertex 18.5077 30.8782 -8
    endloop
  endfacet
  facet normal 0 0 -1
    outer loop
      vertex 6.42628 10.7216 -8
      vertex 18.5077 30.8782 -8
      vertex 6.94463 10.3934 -8
    endloop
  endfacet
  facet normal -0 0 -1
    outer loop
      vertex 18.5077 30.8782 -8
      vertex 6.42628 10.7216 -8
      vertex 16.9703 31.7492 -8
    endloop
  endfacet
  facet normal 0 0 -1
    outer loop
      vertex 5.89246 11.024 -8
      vertex 16.9703 31.7492 -8
      vertex 6.42628 10.7216 -8
    endloop
  endfacet
  facet normal -0 0 -1
    outer loop
      vertex 16.9703 31.7492 -8
      vertex 5.89246 11.024 -8
      vertex 15.392 32.5436 -8
    endloop
  endfacet
  facet normal 0 0 -1
    outer loop
      vertex 5.34444 11.2999 -8
      vertex 15.392 32.5436 -8
      vertex 5.89246 11.024 -8
    endloop
  endfacet
  facet normal -0 0 -1
    outer loop
      vertex 15.392 32.5436 -8
      vertex 5.34444 11.2999 -8
      vertex 13.7766 33.2597 -8
    endloop
  endfacet
  facet normal 0 0 -1
    outer loop
      vertex 4.78354 11.5485 -8
      vertex 13.7766 33.2597 -8
      vertex 5.34444 11.2999 -8
    endloop
  endfacet
  facet normal -0 0 -1
    outer loop
      vertex 13.7766 33.2597 -8
      vertex 4.78354 11.5485 -8
      vertex 12.128 33.8956 -8
    endloop
  endfacet
  facet normal 0 0 -1
    outer loop
      vertex 4.21112 11.7693 -8
      vertex 12.128 33.8956 -8
      vertex 4.78354 11.5485 -8
    endloop
  endfacet
  facet normal 0 0 -1
    outer loop
      vertex -1.01765 29.7358 -8
      vertex 12.128 33.8956 -8
      vertex 4.21112 11.7693 -8
    endloop
  endfacet
  facet normal 0 0 -1
    outer loop
      vertex -1.01765 29.7358 -8
      vertex 8.74729 34.9211 -8
      vertex 10.4502 34.4499 -8
    endloop
  endfacet
  facet normal 0 0 -1
    outer loop
      vertex -1.01765 29.7358 -8
      vertex 7.02325 35.3083 -8
      vertex 8.74729 34.9211 -8
    endloop
  endfacet
  facet normal 0 0 -1
    outer loop
      vertex -1.01765 29.7358 -8
      vertex 10.4502 34.4499 -8
      vertex 12.128 33.8956 -8
    endloop
  endfacet
  facet normal 0 0 -1
    outer loop
      vertex -1.01765 29.7358 -8
      vertex 4.21112 11.7693 -8
      vertex 3.62856 11.9618 -8
    endloop
  endfacet
  facet normal 0 0 -1
    outer loop
      vertex -1.01765 29.7358 -8
      vertex 5.2823 35.6104 -8
      vertex 7.02325 35.3083 -8
    endloop
  endfacet
  facet normal 0 0 -1
    outer loop
      vertex -1.01765 29.7358 -8
      vertex 3.62856 11.9618 -8
      vertex 3.03725 12.1254 -8
    endloop
  endfacet
  facet normal 0 0 -1
    outer loop
      vertex -1.01765 29.7358 -8
      vertex 3.03725 12.1254 -8
      vertex 2.43863 12.2598 -8
    endloop
  endfacet
  facet normal 0 0 -1
    outer loop
      vertex -1.01765 29.7358 -8
      vertex 2.43863 12.2598 -8
      vertex 1.83413 12.3647 -8
    endloop
  endfacet
  facet normal 0 0 -1
    outer loop
      vertex -1.02005 29.9566 -8
      vertex 5.2823 35.6104 -8
      vertex -1.01614 29.8462 -8
    endloop
  endfacet
  facet normal 0 0 -1
    outer loop
      vertex -1.01765 29.7358 -8
      vertex 1.83413 12.3647 -8
      vertex 1.22521 12.4398 -8
    endloop
  endfacet
  facet normal 0 0 -1
    outer loop
      vertex -1.01765 29.7358 -8
      vertex 1.22521 12.4398 -8
      vertex 0.613345 12.4849 -8
    endloop
  endfacet
  facet normal 0 0 -1
    outer loop
      vertex -1.01765 29.7358 -8
      vertex 0.613345 12.4849 -8
      vertex 0 12.5 -8
    endloop
  endfacet
  facet normal 0 0 -1
    outer loop
      vertex -1.02938 30.0666 -8
      vertex 5.2823 35.6104 -8
      vertex -1.02005 29.9566 -8
    endloop
  endfacet
  facet normal 0 0 -1
    outer loop
      vertex -2.58942 27.6758 -8
      vertex 0 12.5 -8
      vertex -0.613345 12.4849 -8
    endloop
  endfacet
  facet normal 0 0 -1
    outer loop
      vertex -1.04409 30.1761 -8
      vertex 5.2823 35.6104 -8
      vertex -1.02938 30.0666 -8
    endloop
  endfacet
  facet normal -0 0 -1
    outer loop
      vertex 5.2823 35.6104 -8
      vertex -1.04409 30.1761 -8
      vertex 3.52862 35.8266 -8
    endloop
  endfacet
  facet normal 0 0 -1
    outer loop
      vertex -1.06416 30.2847 -8
      vertex 3.52862 35.8266 -8
      vertex -1.04409 30.1761 -8
    endloop
  endfacet
  facet normal 0 0 -1
    outer loop
      vertex -1.08953 30.3922 -8
      vertex 3.52862 35.8266 -8
      vertex -1.06416 30.2847 -8
    endloop
  endfacet
  facet normal 0 0 -1
    outer loop
      vertex -1.12014 30.4983 -8
      vertex 3.52862 35.8266 -8
      vertex -1.08953 30.3922 -8
    endloop
  endfacet
  facet normal 0 0 -1
    outer loop
      vertex -1.15593 30.6028 -8
      vertex 3.52862 35.8266 -8
      vertex -1.12014 30.4983 -8
    endloop
  endfacet
  facet normal 0 0 -1
    outer loop
      vertex -1.19679 30.7054 -8
      vertex 3.52862 35.8266 -8
      vertex -1.15593 30.6028 -8
    endloop
  endfacet
  facet normal -0 0 -1
    outer loop
      vertex 3.52862 35.8266 -8
      vertex -1.19679 30.7054 -8
      vertex 1.76644 35.9566 -8
    endloop
  endfacet
  facet normal 0 0 -1
    outer loop
      vertex -1.24264 30.8058 -8
      vertex 1.76644 35.9566 -8
      vertex -1.19679 30.7054 -8
    endloop
  endfacet
  facet normal 0 0 -1
    outer loop
      vertex -1.29337 30.9039 -8
      vertex 1.76644 35.9566 -8
      vertex -1.24264 30.8058 -8
    endloop
  endfacet
  facet normal 0 0 -1
    outer loop
      vertex -1.34885 30.9994 -8
      vertex 1.76644 35.9566 -8
      vertex -1.29337 30.9039 -8
    endloop
  endfacet
  facet normal 0 0 -1
    outer loop
      vertex -1.40895 31.0921 -8
      vertex 1.76644 35.9566 -8
      vertex -1.34885 30.9994 -8
    endloop
  endfacet
  facet normal 0 0 -1
    outer loop
      vertex -1.47352 31.1816 -8
      vertex 1.76644 35.9566 -8
      vertex -1.40895 31.0921 -8
    endloop
  endfacet
  facet normal 0 0 -1
    outer loop
      vertex -1.54241 31.268 -8
      vertex 1.76644 35.9566 -8
      vertex -1.47352 31.1816 -8
    endloop
  endfacet
  facet normal -0 0 -1
    outer loop
      vertex 1.76644 35.9566 -8
      vertex -1.54241 31.268 -8
      vertex 0 36 -8
    endloop
  endfacet
  facet normal 0 0 -1
    outer loop
      vertex -1.61545 31.3508 -8
      vertex 0 36 -8
      vertex -1.54241 31.268 -8
    endloop
  endfacet
  facet normal 0 0 -1
    outer loop
      vertex -1.69246 31.4299 -8
      vertex 0 36 -8
      vertex -1.61545 31.3508 -8
    endloop
  endfacet
  facet normal 0 0 -1
    outer loop
      vertex -1.77327 31.5052 -8
      vertex 0 36 -8
      vertex -1.69246 31.4299 -8
    endloop
  endfacet
  facet normal 0 0 -1
    outer loop
      vertex -1.85768 31.5764 -8
      vertex 0 36 -8
      vertex -1.77327 31.5052 -8
    endloop
  endfacet
  facet normal 0 0 -1
    outer loop
      vertex -1.94548 31.6434 -8
      vertex 0 36 -8
      vertex -1.85768 31.5764 -8
    endloop
  endfacet
  facet normal 0 0 -1
    outer loop
      vertex -2.03645 31.706 -8
      vertex 0 36 -8
      vertex -1.94548 31.6434 -8
    endloop
  endfacet
  facet normal 0 0 -1
    outer loop
      vertex 0 36 -8
      vertex -2.03645 31.706 -8
      vertex -1.76644 35.9566 -8
    endloop
  endfacet
  facet normal 0 0 -1
    outer loop
      vertex -2.13039 31.7641 -8
      vertex -1.76644 35.9566 -8
      vertex -2.03645 31.706 -8
    endloop
  endfacet
  facet normal 0 0 -1
    outer loop
      vertex -2.22707 31.8175 -8
      vertex -1.76644 35.9566 -8
      vertex -2.13039 31.7641 -8
    endloop
  endfacet
  facet normal 0 0 -1
    outer loop
      vertex -2.32625 31.866 -8
      vertex -1.76644 35.9566 -8
      vertex -2.22707 31.8175 -8
    endloop
  endfacet
  facet normal 0 0 -1
    outer loop
      vertex -2.42769 31.9097 -8
      vertex -1.76644 35.9566 -8
      vertex -2.32625 31.866 -8
    endloop
  endfacet
  facet normal 0 0 -1
    outer loop
      vertex -2.53116 31.9483 -8
      vertex -1.76644 35.9566 -8
      vertex -2.42769 31.9097 -8
    endloop
  endfacet
  facet normal 0 0 -1
    outer loop
      vertex -2.63639 31.9818 -8
      vertex -1.76644 35.9566 -8
      vertex -2.53116 31.9483 -8
    endloop
  endfacet
  facet normal 0 0 -1
    outer loop
      vertex -2.74314 32.0101 -8
      vertex -1.76644 35.9566 -8
      vertex -2.63639 31.9818 -8
    endloop
  endfacet
  facet normal 0 0 -1
    outer loop
      vertex -2.85115 32.0331 -8
      vertex -1.76644 35.9566 -8
      vertex -2.74314 32.0101 -8
    endloop
  endfacet
  facet normal 0 0 -1
    outer loop
      vertex -3.52862 35.8266 -8
      vertex -2.85115 32.0331 -8
      vertex -2.96016 32.0508 -8
    endloop
  endfacet
  facet normal 0 0 -1
    outer loop
      vertex -3.52862 35.8266 -8
      vertex -2.96016 32.0508 -8
      vertex -3.06991 32.0631 -8
    endloop
  endfacet
  facet normal 0 0 -1
    outer loop
      vertex -3.52862 35.8266 -8
      vertex -3.06991 32.0631 -8
      vertex -3.18012 32.07 -8
    endloop
  endfacet
  facet normal 0 0 -1
    outer loop
      vertex -3.52862 35.8266 -8
      vertex -3.18012 32.07 -8
      vertex -3.29055 32.0716 -8
    endloop
  endfacet
  facet normal 0 0 -1
    outer loop
      vertex -3.52862 35.8266 -8
      vertex -3.29055 32.0716 -8
      vertex -3.40092 32.0676 -8
    endloop
  endfacet
  facet normal 0 0 -1
    outer loop
      vertex -3.52862 35.8266 -8
      vertex -3.40092 32.0676 -8
      vertex -3.51096 32.0583 -8
    endloop
  endfacet
  facet normal 0 0 -1
    outer loop
      vertex -2.85115 32.0331 -8
      vertex -3.52862 35.8266 -8
      vertex -1.76644 35.9566 -8
    endloop
  endfacet
  facet normal 0 0 -1
    outer loop
      vertex -3.62041 32.0436 -8
      vertex -3.52862 35.8266 -8
      vertex -3.51096 32.0583 -8
    endloop
  endfacet
  facet normal 0 0 -1
    outer loop
      vertex -3.729 32.0235 -8
      vertex -3.52862 35.8266 -8
      vertex -3.62041 32.0436 -8
    endloop
  endfacet
  facet normal 0 0 -1
    outer loop
      vertex -5.2823 35.6104 -8
      vertex -3.729 32.0235 -8
      vertex -3.83649 31.9982 -8
    endloop
  endfacet
  facet normal 0 0 -1
    outer loop
      vertex -5.2823 35.6104 -8
      vertex -3.83649 31.9982 -8
      vertex -3.94259 31.9676 -8
    endloop
  endfacet
  facet normal 0 0 -1
    outer loop
      vertex -5.2823 35.6104 -8
      vertex -3.94259 31.9676 -8
      vertex -4.04707 31.9318 -8
    endloop
  endfacet
  facet normal 0 0 -1
    outer loop
      vertex -5.2823 35.6104 -8
      vertex -4.04707 31.9318 -8
      vertex -4.14967 31.8909 -8
    endloop
  endfacet
  facet normal 0 0 -1
    outer loop
      vertex -5.2823 35.6104 -8
      vertex -4.14967 31.8909 -8
      vertex -4.25013 31.8451 -8
    endloop
  endfacet
  facet normal 0 0 -1
    outer loop
      vertex -5.2823 35.6104 -8
      vertex -4.25013 31.8451 -8
      vertex -4.34823 31.7943 -8
    endloop
  endfacet
  facet normal 0 0 -1
    outer loop
      vertex -5.2823 35.6104 -8
      vertex -4.34823 31.7943 -8
      vertex -4.44372 31.7388 -8
    endloop
  endfacet
  facet normal 0 0 -1
    outer loop
      vertex -5.2823 35.6104 -8
      vertex -4.44372 31.7388 -8
      vertex -4.53637 31.6787 -8
    endloop
  endfacet
  facet normal 0 0 -1
    outer loop
      vertex -7.02325 35.3083 -8
      vertex -4.53637 31.6787 -8
      vertex -4.62596 31.6142 -8
    endloop
  endfacet
  facet normal 0 0 -1
    outer loop
      vertex -7.02325 35.3083 -8
      vertex -4.62596 31.6142 -8
      vertex -4.71228 31.5453 -8
    endloop
  endfacet
  facet normal 0 0 -1
    outer loop
      vertex -7.02325 35.3083 -8
      vertex -4.71228 31.5453 -8
      vertex -4.79511 31.4722 -8
    endloop
  endfacet
  facet normal 0 0 -1
    outer loop
      vertex -7.02325 35.3083 -8
      vertex -4.79511 31.4722 -8
      vertex -4.87426 31.3952 -8
    endloop
  endfacet
  facet normal 0 0 -1
    outer loop
      vertex -7.02325 35.3083 -8
      vertex -4.87426 31.3952 -8
      vertex -4.94953 31.3144 -8
    endloop
  endfacet
  facet normal 0 0 -1
    outer loop
      vertex -7.02325 35.3083 -8
      vertex -4.94953 31.3144 -8
      vertex -5.02075 31.23 -8
    endloop
  endfacet
  facet normal 0 0 -1
    outer loop
      vertex -7.02325 35.3083 -8
      vertex -5.02075 31.23 -8
      vertex -5.08774 31.1422 -8
    endloop
  endfacet
  facet normal 0 0 -1
    outer loop
      vertex -7.02325 35.3083 -8
      vertex -5.08774 31.1422 -8
      vertex -5.15034 31.0512 -8
    endloop
  endfacet
  facet normal 0 0 -1
    outer loop
      vertex -8.74729 34.9211 -8
      vertex -5.15034 31.0512 -8
      vertex -5.2084 30.9573 -8
    endloop
  endfacet
  facet normal 0 0 -1
    outer loop
      vertex -8.74729 34.9211 -8
      vertex -5.2084 30.9573 -8
      vertex -5.26178 30.8606 -8
    endloop
  endfacet
  facet normal 0 0 -1
    outer loop
      vertex -3.729 32.0235 -8
      vertex -5.2823 35.6104 -8
      vertex -3.52862 35.8266 -8
    endloop
  endfacet
  facet normal 0 0 -1
    outer loop
      vertex -8.74729 34.9211 -8
      vertex -5.26178 30.8606 -8
      vertex -5.31035 30.7614 -8
    endloop
  endfacet
  facet normal 0 0 -1
    outer loop
      vertex -8.74729 34.9211 -8
      vertex -5.31035 30.7614 -8
      vertex -5.354 30.66 -8
    endloop
  endfacet
  facet normal 0 0 -1
    outer loop
      vertex -8.74729 34.9211 -8
      vertex -5.354 30.66 -8
      vertex -5.39262 30.5565 -8
    endloop
  endfacet
  facet normal 0 0 -1
    outer loop
      vertex -8.74729 34.9211 -8
      vertex -5.39262 30.5565 -8
      vertex -5.42612 30.4513 -8
    endloop
  endfacet
  facet normal 0 0 -1
    outer loop
      vertex -10.4502 34.4499 -8
      vertex -5.42612 30.4513 -8
      vertex -5.45441 30.3446 -8
    endloop
  endfacet
  facet normal 0 0 -1
    outer loop
      vertex -10.4502 34.4499 -8
      vertex -5.45441 30.3446 -8
      vertex -5.47743 30.2365 -8
    endloop
  endfacet
  facet normal 0 0 -1
    outer loop
      vertex -10.4502 34.4499 -8
      vertex -5.47743 30.2365 -8
      vertex -5.49512 30.1275 -8
    endloop
  endfacet
  facet normal 0 0 -1
    outer loop
      vertex -10.4502 34.4499 -8
      vertex -5.49512 30.1275 -8
      vertex -5.50744 30.0178 -8
    endloop
  endfacet
  facet normal 0 0 -1
    outer loop
      vertex -10.4502 34.4499 -8
      vertex -5.50744 30.0178 -8
      vertex -5.51437 29.9076 -8
    endloop
  endfacet
  facet normal 0 0 -1
    outer loop
      vertex -5.44248 29.2512 -8
      vertex -13.7766 33.2597 -8
      vertex -5.46785 29.3587 -8
    endloop
  endfacet
  facet normal 0 0 -1
    outer loop
      vertex -5.46785 29.3587 -8
      vertex -13.7766 33.2597 -8
      vertex -5.48792 29.4673 -8
    endloop
  endfacet
  facet normal 0 -0 -1
    outer loop
      vertex -12.128 33.8956 -8
      vertex -5.48792 29.4673 -8
      vertex -13.7766 33.2597 -8
    endloop
  endfacet
  facet normal 0 0 -1
    outer loop
      vertex -5.33522 28.938 -8
      vertex -15.392 32.5436 -8
      vertex -5.37609 29.0406 -8
    endloop
  endfacet
  facet normal 0 0 -1
    outer loop
      vertex -4.53637 31.6787 -8
      vertex -7.02325 35.3083 -8
      vertex -5.2823 35.6104 -8
    endloop
  endfacet
  facet normal 0 0 -1
    outer loop
      vertex -20.0005 29.9329 -8
      vertex -6.94463 10.3934 -8
      vertex -7.44624 10.0401 -8
    endloop
  endfacet
  facet normal 0 0 -1
    outer loop
      vertex -21.4452 28.9155 -8
      vertex -7.44624 10.0401 -8
      vertex -7.92992 9.66263 -8
    endloop
  endfacet
  facet normal 0 0 -1
    outer loop
      vertex -22.8382 27.8284 -8
      vertex -7.92992 9.66263 -8
      vertex -8.39449 9.26189 -8
    endloop
  endfacet
  facet normal 0 0 -1
    outer loop
      vertex -5.15034 31.0512 -8
      vertex -8.74729 34.9211 -8
      vertex -7.02325 35.3083 -8
    endloop
  endfacet
  facet normal 0 0 -1
    outer loop
      vertex -24.1761 26.6742 -8
      vertex -8.39449 9.26189 -8
      vertex -8.83883 8.83883 -8
    endloop
  endfacet
  facet normal 0 0 -1
    outer loop
      vertex -25.4558 25.4558 -8
      vertex -8.83883 8.83883 -8
      vertex -9.26189 8.39449 -8
    endloop
  endfacet
  facet normal 0 0 -1
    outer loop
      vertex -26.6742 24.1761 -8
      vertex -9.26189 8.39449 -8
      vertex -9.66263 7.92992 -8
    endloop
  endfacet
  facet normal 0 0 -1
    outer loop
      vertex -26.6742 24.1761 -8
      vertex -9.66263 7.92992 -8
      vertex -10.0401 7.44624 -8
    endloop
  endfacet
  facet normal 0 0 -1
    outer loop
      vertex -26.6742 24.1761 -8
      vertex -10.0401 7.44624 -8
      vertex -10.3934 6.94463 -8
    endloop
  endfacet
  facet normal 0 0 -1
    outer loop
      vertex -5.42612 30.4513 -8
      vertex -10.4502 34.4499 -8
      vertex -8.74729 34.9211 -8
    endloop
  endfacet
  facet normal 0 0 -1
    outer loop
      vertex -26.6742 24.1761 -8
      vertex -10.3934 6.94463 -8
      vertex -10.7216 6.42628 -8
    endloop
  endfacet
  facet normal 0 0 -1
    outer loop
      vertex -26.6742 24.1761 -8
      vertex -10.7216 6.42628 -8
      vertex -11.024 5.89246 -8
    endloop
  endfacet
  facet normal 0 0 -1
    outer loop
      vertex -26.6742 24.1761 -8
      vertex -11.024 5.89246 -8
      vertex -11.2999 5.34444 -8
    endloop
  endfacet
  facet normal 0 0 -1
    outer loop
      vertex -26.6742 24.1761 -8
      vertex -11.2999 5.34444 -8
      vertex -11.5485 4.78354 -8
    endloop
  endfacet
  facet normal -0 0 -1
    outer loop
      vertex -12.5 0 -8
      vertex -27.7116 -2.48494 -8
      vertex -12.4849 0.613345 -8
    endloop
  endfacet
  facet normal 0 0 -1
    outer loop
      vertex -27.7116 -2.48494 -8
      vertex -12.5 0 -8
      vertex -27.6758 -2.58942 -8
    endloop
  endfacet
  facet normal 0 0 -1
    outer loop
      vertex -27.6758 -2.58942 -8
      vertex -12.5 0 -8
      vertex -27.6452 -2.69553 -8
    endloop
  endfacet
  facet normal 0 0 -1
    outer loop
      vertex -5.51437 29.9076 -8
      vertex -12.128 33.8956 -8
      vertex -10.4502 34.4499 -8
    endloop
  endfacet
  facet normal -0 0 -1
    outer loop
      vertex -12.4849 -0.613345 -8
      vertex -27.6452 -2.69553 -8
      vertex -12.5 0 -8
    endloop
  endfacet
  facet normal 0 0 -1
    outer loop
      vertex -27.6452 -2.69553 -8
      vertex -12.4849 -0.613345 -8
      vertex -27.6198 -2.80301 -8
    endloop
  endfacet
  facet normal 0 0 -1
    outer loop
      vertex -27.6198 -2.80301 -8
      vertex -12.4849 -0.613345 -8
      vertex -27.5998 -2.9116 -8
    endloop
  endfacet
  facet normal -0 0 -1
    outer loop
      vertex -12.4398 -1.22521 -8
      vertex -27.5998 -2.9116 -8
      vertex -12.4849 -0.613345 -8
    endloop
  endfacet
  facet normal 0 0 -1
    outer loop
      vertex -27.5998 -2.9116 -8
      vertex -12.4398 -1.22521 -8
      vertex -27.5851 -3.02106 -8
    endloop
  endfacet
  facet normal 0 -0 -1
    outer loop
      vertex -28.2926 -4.91656 -8
      vertex -10.3934 -6.94463 -8
      vertex -29.9329 -20.0005 -8
    endloop
  endfacet
  facet normal 0 0 -1
    outer loop
      vertex -27.7525 -2.38234 -8
      vertex -12.4849 0.613345 -8
      vertex -27.7116 -2.48494 -8
    endloop
  endfacet
  facet normal 0 -0 -1
    outer loop
      vertex -28.2134 -4.83955 -8
      vertex -10.3934 -6.94463 -8
      vertex -28.2926 -4.91656 -8
    endloop
  endfacet
  facet normal 0 0 -1
    outer loop
      vertex -5.51587 29.7971 -8
      vertex -12.128 33.8956 -8
      vertex -5.51437 29.9076 -8
    endloop
  endfacet
  facet normal 0 0 -1
    outer loop
      vertex -10.3934 -6.94463 -8
      vertex -28.2134 -4.83955 -8
      vertex -10.7216 -6.42628 -8
    endloop
  endfacet
  facet normal 0 0 -1
    outer loop
      vertex -5.51196 29.6868 -8
      vertex -12.128 33.8956 -8
      vertex -5.51587 29.7971 -8
    endloop
  endfacet
  facet normal 0 -0 -1
    outer loop
      vertex -28.0669 -4.67433 -8
      vertex -10.7216 -6.42628 -8
      vertex -28.1382 -4.75874 -8
    endloop
  endfacet
  facet normal 0 0 -1
    outer loop
      vertex -5.50263 29.5767 -8
      vertex -12.128 33.8956 -8
      vertex -5.51196 29.6868 -8
    endloop
  endfacet
  facet normal 0 0 -1
    outer loop
      vertex -10.7216 -6.42628 -8
      vertex -28.0669 -4.67433 -8
      vertex -11.024 -5.89246 -8
    endloop
  endfacet
  facet normal 0 0 -1
    outer loop
      vertex -5.48792 29.4673 -8
      vertex -12.128 33.8956 -8
      vertex -5.50263 29.5767 -8
    endloop
  endfacet
  facet normal 0 0 -1
    outer loop
      vertex -11.024 -5.89246 -8
      vertex -28 -4.58654 -8
      vertex -11.2999 -5.34444 -8
    endloop
  endfacet
  facet normal 0 -0 -1
    outer loop
      vertex -13.7766 33.2597 -8
      vertex -5.37609 29.0406 -8
      vertex -15.392 32.5436 -8
    endloop
  endfacet
  facet normal 0 -0 -1
    outer loop
      vertex -27.9374 -4.49556 -8
      vertex -11.2999 -5.34444 -8
      vertex -28 -4.58654 -8
    endloop
  endfacet
  facet normal 0 0 -1
    outer loop
      vertex -7.44624 10.0401 -8
      vertex -21.4452 28.9155 -8
      vertex -20.0005 29.9329 -8
    endloop
  endfacet
  facet normal 0 0 -1
    outer loop
      vertex -11.2999 -5.34444 -8
      vertex -27.8793 -4.40162 -8
      vertex -11.5485 -4.78354 -8
    endloop
  endfacet
  facet normal 0 0 -1
    outer loop
      vertex -7.92992 9.66263 -8
      vertex -22.8382 27.8284 -8
      vertex -21.4452 28.9155 -8
    endloop
  endfacet
  facet normal 0 -0 -1
    outer loop
      vertex -27.8259 -4.30494 -8
      vertex -11.5485 -4.78354 -8
      vertex -27.8793 -4.40162 -8
    endloop
  endfacet
  facet normal 0 0 -1
    outer loop
      vertex -8.39449 9.26189 -8
      vertex -24.1761 26.6742 -8
      vertex -22.8382 27.8284 -8
    endloop
  endfacet
  facet normal 0 -0 -1
    outer loop
      vertex -27.7337 -4.10432 -8
      vertex -11.7693 -4.21112 -8
      vertex -27.7773 -4.20576 -8
    endloop
  endfacet
  facet normal 0 0 -1
    outer loop
      vertex -8.83883 8.83883 -8
      vertex -25.4558 25.4558 -8
      vertex -24.1761 26.6742 -8
    endloop
  endfacet
  facet normal 0 0 -1
    outer loop
      vertex -9.26189 8.39449 -8
      vertex -26.6742 24.1761 -8
      vertex -25.4558 25.4558 -8
    endloop
  endfacet
  facet normal 0 0 -1
    outer loop
      vertex -27.5851 -3.02106 -8
      vertex -12.4398 -1.22521 -8
      vertex -27.5757 -3.1311 -8
    endloop
  endfacet
  facet normal -0 0 -1
    outer loop
      vertex -12.3647 -1.83413 -8
      vertex -27.5757 -3.1311 -8
      vertex -12.4398 -1.22521 -8
    endloop
  endfacet
  facet normal 0 0 -1
    outer loop
      vertex -27.5757 -3.1311 -8
      vertex -12.3647 -1.83413 -8
      vertex -27.5718 -3.24146 -8
    endloop
  endfacet
  facet normal 0 -0 -1
    outer loop
      vertex -27.5718 -3.24146 -8
      vertex -12.3647 -1.83413 -8
      vertex -27.5733 -3.35189 -8
    endloop
  endfacet
  facet normal -0 0 -1
    outer loop
      vertex -12.2598 -2.43863 -8
      vertex -27.5733 -3.35189 -8
      vertex -12.3647 -1.83413 -8
    endloop
  endfacet
  facet normal 0 -0 -1
    outer loop
      vertex -27.5733 -3.35189 -8
      vertex -12.2598 -2.43863 -8
      vertex -27.5803 -3.46211 -8
    endloop
  endfacet
  facet normal 0 -0 -1
    outer loop
      vertex -27.5803 -3.46211 -8
      vertex -12.2598 -2.43863 -8
      vertex -27.5926 -3.57185 -8
    endloop
  endfacet
  facet normal -0 0 -1
    outer loop
      vertex -12.1254 -3.03725 -8
      vertex -27.5926 -3.57185 -8
      vertex -12.2598 -2.43863 -8
    endloop
  endfacet
  facet normal 0 -0 -1
    outer loop
      vertex -27.5926 -3.57185 -8
      vertex -12.1254 -3.03725 -8
      vertex -27.6103 -3.68086 -8
    endloop
  endfacet
  facet normal 0 -0 -1
    outer loop
      vertex -27.6103 -3.68086 -8
      vertex -12.1254 -3.03725 -8
      vertex -27.6333 -3.78887 -8
    endloop
  endfacet
  facet normal 0 -0 -1
    outer loop
      vertex -27.6951 -4.00085 -8
      vertex -11.7693 -4.21112 -8
      vertex -27.7337 -4.10432 -8
    endloop
  endfacet
  facet normal -0 0 -1
    outer loop
      vertex -11.9618 -3.62856 -8
      vertex -27.6333 -3.78887 -8
      vertex -12.1254 -3.03725 -8
    endloop
  endfacet
  facet normal 0 -0 -1
    outer loop
      vertex -27.6333 -3.78887 -8
      vertex -11.9618 -3.62856 -8
      vertex -27.6616 -3.89562 -8
    endloop
  endfacet
  facet normal 0 -0 -1
    outer loop
      vertex -27.6616 -3.89562 -8
      vertex -11.9618 -3.62856 -8
      vertex -27.6951 -4.00085 -8
    endloop
  endfacet
  facet normal 0 0 -1
    outer loop
      vertex -11.7693 -4.21112 -8
      vertex -27.6951 -4.00085 -8
      vertex -11.9618 -3.62856 -8
    endloop
  endfacet
  facet normal 0 0 -1
    outer loop
      vertex -11.5485 -4.78354 -8
      vertex -27.7773 -4.20576 -8
      vertex -11.7693 -4.21112 -8
    endloop
  endfacet
  facet normal 0 -0 -1
    outer loop
      vertex -27.7773 -4.20576 -8
      vertex -11.5485 -4.78354 -8
      vertex -27.8259 -4.30494 -8
    endloop
  endfacet
  facet normal 0 -0 -1
    outer loop
      vertex -27.8793 -4.40162 -8
      vertex -11.2999 -5.34444 -8
      vertex -27.9374 -4.49556 -8
    endloop
  endfacet
  facet normal 0 -0 -1
    outer loop
      vertex -28 -4.58654 -8
      vertex -11.024 -5.89246 -8
      vertex -28.0669 -4.67433 -8
    endloop
  endfacet
  facet normal 0 -0 -1
    outer loop
      vertex -28.1382 -4.75874 -8
      vertex -10.7216 -6.42628 -8
      vertex -28.2134 -4.83955 -8
    endloop
  endfacet
  facet normal 0 0 -1
    outer loop
      vertex -28.2926 -4.91656 -8
      vertex -29.9329 -20.0005 -8
      vertex -28.3754 -4.98961 -8
    endloop
  endfacet
  facet normal 0 0 -1
    outer loop
      vertex -30.8782 -18.5077 -8
      vertex -28.3754 -4.98961 -8
      vertex -29.9329 -20.0005 -8
    endloop
  endfacet
  facet normal 0 0 -1
    outer loop
      vertex -28.3754 -4.98961 -8
      vertex -30.8782 -18.5077 -8
      vertex -28.4617 -5.05849 -8
    endloop
  endfacet
  facet normal 0 0 -1
    outer loop
      vertex -28.4617 -5.05849 -8
      vertex -30.8782 -18.5077 -8
      vertex -28.5513 -5.12307 -8
    endloop
  endfacet
  facet normal 0 0 -1
    outer loop
      vertex -31.7492 -16.9703 -8
      vertex -28.5513 -5.12307 -8
      vertex -30.8782 -18.5077 -8
    endloop
  endfacet
  facet normal 0 0 -1
    outer loop
      vertex -28.5513 -5.12307 -8
      vertex -31.7492 -16.9703 -8
      vertex -28.644 -5.18316 -8
    endloop
  endfacet
  facet normal 0 0 -1
    outer loop
      vertex -28.644 -5.18316 -8
      vertex -31.7492 -16.9703 -8
      vertex -28.7395 -5.23864 -8
    endloop
  endfacet
  facet normal 0 0 -1
    outer loop
      vertex -32.5436 -15.392 -8
      vertex -28.7395 -5.23864 -8
      vertex -31.7492 -16.9703 -8
    endloop
  endfacet
  facet normal 0 0 -1
    outer loop
      vertex -28.7395 -5.23864 -8
      vertex -32.5436 -15.392 -8
      vertex -28.8376 -5.28937 -8
    endloop
  endfacet
  facet normal 0 0 -1
    outer loop
      vertex -28.8376 -5.28937 -8
      vertex -32.5436 -15.392 -8
      vertex -28.938 -5.33522 -8
    endloop
  endfacet
  facet normal 0 0 -1
    outer loop
      vertex -28.938 -5.33522 -8
      vertex -32.5436 -15.392 -8
      vertex -29.0406 -5.37609 -8
    endloop
  endfacet
  facet normal 0 0 -1
    outer loop
      vertex -33.2597 -13.7766 -8
      vertex -29.0406 -5.37609 -8
      vertex -32.5436 -15.392 -8
    endloop
  endfacet
  facet normal 0 0 -1
    outer loop
      vertex -29.0406 -5.37609 -8
      vertex -33.2597 -13.7766 -8
      vertex -29.1451 -5.41187 -8
    endloop
  endfacet
  facet normal 0 0 -1
    outer loop
      vertex -29.1451 -5.41187 -8
      vertex -33.2597 -13.7766 -8
      vertex -29.2512 -5.44248 -8
    endloop
  endfacet
  facet normal 0 0 -1
    outer loop
      vertex -29.2512 -5.44248 -8
      vertex -33.2597 -13.7766 -8
      vertex -29.3587 -5.46785 -8
    endloop
  endfacet
  facet normal 0 0 -1
    outer loop
      vertex -29.3587 -5.46785 -8
      vertex -33.2597 -13.7766 -8
      vertex -29.4673 -5.48792 -8
    endloop
  endfacet
  facet normal 0 0 -1
    outer loop
      vertex -33.8956 -12.128 -8
      vertex -29.4673 -5.48792 -8
      vertex -33.2597 -13.7766 -8
    endloop
  endfacet
  facet normal 0 0 -1
    outer loop
      vertex -29.4673 -5.48792 -8
      vertex -33.8956 -12.128 -8
      vertex -29.5767 -5.50263 -8
    endloop
  endfacet
  facet normal 0 0 -1
    outer loop
      vertex -29.5767 -5.50263 -8
      vertex -33.8956 -12.128 -8
      vertex -29.6868 -5.51196 -8
    endloop
  endfacet
  facet normal 0 0 -1
    outer loop
      vertex -29.6868 -5.51196 -8
      vertex -33.8956 -12.128 -8
      vertex -29.7971 -5.51587 -8
    endloop
  endfacet
  facet normal -0 0 -1
    outer loop
      vertex -29.7971 -5.51587 -8
      vertex -33.8956 -12.128 -8
      vertex -29.9076 -5.51437 -8
    endloop
  endfacet
  facet normal 0 0 -1
    outer loop
      vertex -34.4499 -10.4502 -8
      vertex -29.9076 -5.51437 -8
      vertex -33.8956 -12.128 -8
    endloop
  endfacet
  facet normal -0 0 -1
    outer loop
      vertex -29.9076 -5.51437 -8
      vertex -34.4499 -10.4502 -8
      vertex -30.0178 -5.50744 -8
    endloop
  endfacet
  facet normal -0 0 -1
    outer loop
      vertex -30.0178 -5.50744 -8
      vertex -34.4499 -10.4502 -8
      vertex -30.1275 -5.49512 -8
    endloop
  endfacet
  facet normal -0 0 -1
    outer loop
      vertex -30.1275 -5.49512 -8
      vertex -34.4499 -10.4502 -8
      vertex -30.2365 -5.47743 -8
    endloop
  endfacet
  facet normal -0 0 -1
    outer loop
      vertex -30.2365 -5.47743 -8
      vertex -34.4499 -10.4502 -8
      vertex -30.3446 -5.45441 -8
    endloop
  endfacet
  facet normal -0 0 -1
    outer loop
      vertex -30.3446 -5.45441 -8
      vertex -34.4499 -10.4502 -8
      vertex -30.4513 -5.42612 -8
    endloop
  endfacet
  facet normal 0 0 -1
    outer loop
      vertex -34.9211 -8.74729 -8
      vertex -30.4513 -5.42612 -8
      vertex -34.4499 -10.4502 -8
    endloop
  endfacet
  facet normal -0 0 -1
    outer loop
      vertex -30.4513 -5.42612 -8
      vertex -34.9211 -8.74729 -8
      vertex -30.5565 -5.39262 -8
    endloop
  endfacet
  facet normal -0 0 -1
    outer loop
      vertex -30.5565 -5.39262 -8
      vertex -34.9211 -8.74729 -8
      vertex -30.66 -5.354 -8
    endloop
  endfacet
  facet normal -0 0 -1
    outer loop
      vertex -30.66 -5.354 -8
      vertex -34.9211 -8.74729 -8
      vertex -30.7614 -5.31035 -8
    endloop
  endfacet
  facet normal -0 0 -1
    outer loop
      vertex -30.7614 -5.31035 -8
      vertex -34.9211 -8.74729 -8
      vertex -30.8606 -5.26178 -8
    endloop
  endfacet
  facet normal -0 0 -1
    outer loop
      vertex -30.8606 -5.26178 -8
      vertex -34.9211 -8.74729 -8
      vertex -30.9573 -5.2084 -8
    endloop
  endfacet
  facet normal -0 0 -1
    outer loop
      vertex -30.9573 -5.2084 -8
      vertex -34.9211 -8.74729 -8
      vertex -31.0512 -5.15034 -8
    endloop
  endfacet
  facet normal -0 0 -1
    outer loop
      vertex -31.0512 -5.15034 -8
      vertex -34.9211 -8.74729 -8
      vertex -31.1422 -5.08774 -8
    endloop
  endfacet
  facet normal 0 0 -1
    outer loop
      vertex -35.3083 -7.02325 -8
      vertex -31.1422 -5.08774 -8
      vertex -34.9211 -8.74729 -8
    endloop
  endfacet
  facet normal -0 0 -1
    outer loop
      vertex -31.1422 -5.08774 -8
      vertex -35.3083 -7.02325 -8
      vertex -31.23 -5.02075 -8
    endloop
  endfacet
  facet normal -0 0 -1
    outer loop
      vertex -31.23 -5.02075 -8
      vertex -35.3083 -7.02325 -8
      vertex -31.3144 -4.94953 -8
    endloop
  endfacet
  facet normal -0 0 -1
    outer loop
      vertex -31.3144 -4.94953 -8
      vertex -35.3083 -7.02325 -8
      vertex -31.3952 -4.87426 -8
    endloop
  endfacet
  facet normal -0 0 -1
    outer loop
      vertex -31.3952 -4.87426 -8
      vertex -35.3083 -7.02325 -8
      vertex -31.4722 -4.79511 -8
    endloop
  endfacet
  facet normal -0 0 -1
    outer loop
      vertex -31.4722 -4.79511 -8
      vertex -35.3083 -7.02325 -8
      vertex -31.5453 -4.71228 -8
    endloop
  endfacet
  facet normal -0 0 -1
    outer loop
      vertex -31.5453 -4.71228 -8
      vertex -35.3083 -7.02325 -8
      vertex -31.6142 -4.62596 -8
    endloop
  endfacet
  facet normal -0 0 -1
    outer loop
      vertex -31.6142 -4.62596 -8
      vertex -35.3083 -7.02325 -8
      vertex -31.6787 -4.53637 -8
    endloop
  endfacet
  facet normal 0 0 -1
    outer loop
      vertex -35.6104 -5.2823 -8
      vertex -31.6787 -4.53637 -8
      vertex -35.3083 -7.02325 -8
    endloop
  endfacet
  facet normal -0 0 -1
    outer loop
      vertex -31.6787 -4.53637 -8
      vertex -35.6104 -5.2823 -8
      vertex -31.7388 -4.44372 -8
    endloop
  endfacet
  facet normal -0 0 -1
    outer loop
      vertex -31.7388 -4.44372 -8
      vertex -35.6104 -5.2823 -8
      vertex -31.7943 -4.34823 -8
    endloop
  endfacet
  facet normal -0 0 -1
    outer loop
      vertex -31.7943 -4.34823 -8
      vertex -35.6104 -5.2823 -8
      vertex -31.8451 -4.25013 -8
    endloop
  endfacet
  facet normal -0 0 -1
    outer loop
      vertex -31.8451 -4.25013 -8
      vertex -35.6104 -5.2823 -8
      vertex -31.8909 -4.14967 -8
    endloop
  endfacet
  facet normal -0 0 -1
    outer loop
      vertex -31.8909 -4.14967 -8
      vertex -35.6104 -5.2823 -8
      vertex -31.9318 -4.04707 -8
    endloop
  endfacet
  facet normal -0 0 -1
    outer loop
      vertex -31.9318 -4.04707 -8
      vertex -35.6104 -5.2823 -8
      vertex -31.9676 -3.94259 -8
    endloop
  endfacet
  facet normal 0 0 -1
    outer loop
      vertex 5.41187 -29.1451 -8
      vertex 13.7766 -33.2597 -8
      vertex 5.44248 -29.2512 -8
    endloop
  endfacet
  facet normal 0 0 -1
    outer loop
      vertex 5.37609 -29.0406 -8
      vertex 13.7766 -33.2597 -8
      vertex 5.41187 -29.1451 -8
    endloop
  endfacet
  facet normal 0 0 -1
    outer loop
      vertex 13.7766 -33.2597 -8
      vertex 5.37609 -29.0406 -8
      vertex 15.392 -32.5436 -8
    endloop
  endfacet
  facet normal 0 0 -1
    outer loop
      vertex 5.33522 -28.938 -8
      vertex 15.392 -32.5436 -8
      vertex 5.37609 -29.0406 -8
    endloop
  endfacet
  facet normal 0 0 -1
    outer loop
      vertex 5.28937 -28.8376 -8
      vertex 15.392 -32.5436 -8
      vertex 5.33522 -28.938 -8
    endloop
  endfacet
  facet normal 0 0 -1
    outer loop
      vertex 5.23864 -28.7395 -8
      vertex 15.392 -32.5436 -8
      vertex 5.28937 -28.8376 -8
    endloop
  endfacet
  facet normal 0 0 -1
    outer loop
      vertex 15.392 -32.5436 -8
      vertex 5.23864 -28.7395 -8
      vertex 16.9703 -31.7492 -8
    endloop
  endfacet
  facet normal 0 0 -1
    outer loop
      vertex 5.18316 -28.644 -8
      vertex 16.9703 -31.7492 -8
      vertex 5.23864 -28.7395 -8
    endloop
  endfacet
  facet normal 0 0 -1
    outer loop
      vertex 5.12307 -28.5513 -8
      vertex 16.9703 -31.7492 -8
      vertex 5.18316 -28.644 -8
    endloop
  endfacet
  facet normal 0 0 -1
    outer loop
      vertex 16.9703 -31.7492 -8
      vertex 5.12307 -28.5513 -8
      vertex 18.5077 -30.8782 -8
    endloop
  endfacet
  facet normal 0 0 -1
    outer loop
      vertex 5.05849 -28.4617 -8
      vertex 18.5077 -30.8782 -8
      vertex 5.12307 -28.5513 -8
    endloop
  endfacet
  facet normal 0 0 -1
    outer loop
      vertex 4.98961 -28.3754 -8
      vertex 18.5077 -30.8782 -8
      vertex 5.05849 -28.4617 -8
    endloop
  endfacet
  facet normal 0 0 -1
    outer loop
      vertex 4.91656 -28.2926 -8
      vertex 18.5077 -30.8782 -8
      vertex 4.98961 -28.3754 -8
    endloop
  endfacet
  facet normal 0 0 -1
    outer loop
      vertex 18.5077 -30.8782 -8
      vertex 4.91656 -28.2926 -8
      vertex 6.42628 -10.7216 -8
    endloop
  endfacet
  facet normal 0 0 -1
    outer loop
      vertex 4.83955 -28.2134 -8
      vertex 6.42628 -10.7216 -8
      vertex 4.91656 -28.2926 -8
    endloop
  endfacet
  facet normal 0 0 -1
    outer loop
      vertex 4.75874 -28.1382 -8
      vertex 6.42628 -10.7216 -8
      vertex 4.83955 -28.2134 -8
    endloop
  endfacet
  facet normal 0 0 -1
    outer loop
      vertex 4.67433 -28.0669 -8
      vertex 6.42628 -10.7216 -8
      vertex 4.75874 -28.1382 -8
    endloop
  endfacet
  facet normal 0 0 -1
    outer loop
      vertex 6.42628 -10.7216 -8
      vertex 4.67433 -28.0669 -8
      vertex 5.89246 -11.024 -8
    endloop
  endfacet
  facet normal 0 0 -1
    outer loop
      vertex 4.58654 -28 -8
      vertex 5.89246 -11.024 -8
      vertex 4.67433 -28.0669 -8
    endloop
  endfacet
  facet normal 0 0 -1
    outer loop
      vertex 5.89246 -11.024 -8
      vertex 4.58654 -28 -8
      vertex 5.34444 -11.2999 -8
    endloop
  endfacet
  facet normal 0 0 -1
    outer loop
      vertex 4.49556 -27.9374 -8
      vertex 5.34444 -11.2999 -8
      vertex 4.58654 -28 -8
    endloop
  endfacet
  facet normal 0 0 -1
    outer loop
      vertex 4.40162 -27.8793 -8
      vertex 5.34444 -11.2999 -8
      vertex 4.49556 -27.9374 -8
    endloop
  endfacet
  facet normal 0 0 -1
    outer loop
      vertex 5.34444 -11.2999 -8
      vertex 4.40162 -27.8793 -8
      vertex 4.78354 -11.5485 -8
    endloop
  endfacet
  facet normal 0 0 -1
    outer loop
      vertex 4.30494 -27.8259 -8
      vertex 4.78354 -11.5485 -8
      vertex 4.40162 -27.8793 -8
    endloop
  endfacet
  facet normal 0 0 -1
    outer loop
      vertex 4.20576 -27.7773 -8
      vertex 4.78354 -11.5485 -8
      vertex 4.30494 -27.8259 -8
    endloop
  endfacet
  facet normal 0 0 -1
    outer loop
      vertex 4.78354 -11.5485 -8
      vertex 4.20576 -27.7773 -8
      vertex 4.21112 -11.7693 -8
    endloop
  endfacet
  facet normal 0 0 -1
    outer loop
      vertex 4.10432 -27.7337 -8
      vertex 4.21112 -11.7693 -8
      vertex 4.20576 -27.7773 -8
    endloop
  endfacet
  facet normal 0 0 -1
    outer loop
      vertex 4.00085 -27.6951 -8
      vertex 4.21112 -11.7693 -8
      vertex 4.10432 -27.7337 -8
    endloop
  endfacet
  facet normal 0 0 -1
    outer loop
      vertex 3.89562 -27.6616 -8
      vertex 4.21112 -11.7693 -8
      vertex 4.00085 -27.6951 -8
    endloop
  endfacet
  facet normal 0 0 -1
    outer loop
      vertex 3.62856 -11.9618 -8
      vertex 3.89562 -27.6616 -8
      vertex 3.78887 -27.6333 -8
    endloop
  endfacet
  facet normal 0 0 -1
    outer loop
      vertex 3.62856 -11.9618 -8
      vertex 3.78887 -27.6333 -8
      vertex 3.68086 -27.6103 -8
    endloop
  endfacet
  facet normal 0 0 -1
    outer loop
      vertex 3.89562 -27.6616 -8
      vertex 3.62856 -11.9618 -8
      vertex 4.21112 -11.7693 -8
    endloop
  endfacet
  facet normal 0 0 -1
    outer loop
      vertex 3.03725 -12.1254 -8
      vertex 3.68086 -27.6103 -8
      vertex 3.57185 -27.5926 -8
    endloop
  endfacet
  facet normal 0 0 -1
    outer loop
      vertex 3.03725 -12.1254 -8
      vertex 3.57185 -27.5926 -8
      vertex 3.46211 -27.5803 -8
    endloop
  endfacet
  facet normal 0 0 -1
    outer loop
      vertex 2.43863 -12.2598 -8
      vertex 3.46211 -27.5803 -8
      vertex 3.35189 -27.5733 -8
    endloop
  endfacet
  facet normal 0 0 -1
    outer loop
      vertex 2.43863 -12.2598 -8
      vertex 3.35189 -27.5733 -8
      vertex 3.24146 -27.5718 -8
    endloop
  endfacet
  facet normal 0 0 -1
    outer loop
      vertex 1.83413 -12.3647 -8
      vertex 3.24146 -27.5718 -8
      vertex 3.1311 -27.5757 -8
    endloop
  endfacet
  facet normal 0 0 -1
    outer loop
      vertex 3.68086 -27.6103 -8
      vertex 3.03725 -12.1254 -8
      vertex 3.62856 -11.9618 -8
    endloop
  endfacet
  facet normal 0 0 -1
    outer loop
      vertex 1.83413 -12.3647 -8
      vertex 3.1311 -27.5757 -8
      vertex 3.02106 -27.5851 -8
    endloop
  endfacet
  facet normal 0 0 -1
    outer loop
      vertex 1.22521 -12.4398 -8
      vertex 3.02106 -27.5851 -8
      vertex 2.9116 -27.5998 -8
    endloop
  endfacet
  facet normal 0 0 -1
    outer loop
      vertex 1.22521 -12.4398 -8
      vertex 2.9116 -27.5998 -8
      vertex 2.80301 -27.6198 -8
    endloop
  endfacet
  facet normal 0 0 -1
    outer loop
      vertex 0.613345 -12.4849 -8
      vertex 2.80301 -27.6198 -8
      vertex 2.69553 -27.6452 -8
    endloop
  endfacet
  facet normal 0 0 -1
    outer loop
      vertex 0.613345 -12.4849 -8
      vertex 2.69553 -27.6452 -8
      vertex 2.58942 -27.6758 -8
    endloop
  endfacet
  facet normal 0 0 -1
    outer loop
      vertex 0 -12.5 -8
      vertex 2.58942 -27.6758 -8
      vertex 2.48494 -27.7116 -8
    endloop
  endfacet
  facet normal 0 0 -1
    outer loop
      vertex 3.46211 -27.5803 -8
      vertex 2.43863 -12.2598 -8
      vertex 3.03725 -12.1254 -8
    endloop
  endfacet
  facet normal 0 0 -1
    outer loop
      vertex 0 -12.5 -8
      vertex 2.48494 -27.7116 -8
      vertex 2.38234 -27.7525 -8
    endloop
  endfacet
  facet normal 0 0 -1
    outer loop
      vertex -0.613345 -12.4849 -8
      vertex 2.38234 -27.7525 -8
      vertex 2.28188 -27.7983 -8
    endloop
  endfacet
  facet normal 0 0 -1
    outer loop
      vertex -0.613345 -12.4849 -8
      vertex 2.28188 -27.7983 -8
      vertex 2.18378 -27.8491 -8
    endloop
  endfacet
  facet normal 0 0 -1
    outer loop
      vertex -1.22521 -12.4398 -8
      vertex 2.18378 -27.8491 -8
      vertex 2.08829 -27.9045 -8
    endloop
  endfacet
  facet normal 0 0 -1
    outer loop
      vertex -1.22521 -12.4398 -8
      vertex 2.08829 -27.9045 -8
      vertex 1.99564 -27.9646 -8
    endloop
  endfacet
  facet normal 0 0 -1
    outer loop
      vertex -1.83413 -12.3647 -8
      vertex 1.99564 -27.9646 -8
      vertex 1.90605 -28.0292 -8
    endloop
  endfacet
  facet normal 0 0 -1
    outer loop
      vertex 3.24146 -27.5718 -8
      vertex 1.83413 -12.3647 -8
      vertex 2.43863 -12.2598 -8
    endloop
  endfacet
  facet normal 0 0 -1
    outer loop
      vertex -1.83413 -12.3647 -8
      vertex 1.90605 -28.0292 -8
      vertex 1.81973 -28.0981 -8
    endloop
  endfacet
  facet normal 0 0 -1
    outer loop
      vertex -2.43863 -12.2598 -8
      vertex 1.81973 -28.0981 -8
      vertex 1.7369 -28.1711 -8
    endloop
  endfacet
  facet normal 0 0 -1
    outer loop
      vertex -3.03725 -12.1254 -8
      vertex 1.7369 -28.1711 -8
      vertex 1.65776 -28.2481 -8
    endloop
  endfacet
  facet normal 0 0 -1
    outer loop
      vertex -3.03725 -12.1254 -8
      vertex 1.65776 -28.2481 -8
      vertex 1.58248 -28.329 -8
    endloop
  endfacet
  facet normal 0 0 -1
    outer loop
      vertex -3.62856 -11.9618 -8
      vertex 1.58248 -28.329 -8
      vertex 1.51127 -28.4134 -8
    endloop
  endfacet
  facet normal 0 0 -1
    outer loop
      vertex -3.62856 -11.9618 -8
      vertex 1.51127 -28.4134 -8
      vertex 1.44428 -28.5012 -8
    endloop
  endfacet
  facet normal 0 0 -1
    outer loop
      vertex -4.21112 -11.7693 -8
      vertex 1.44428 -28.5012 -8
      vertex 1.38167 -28.5921 -8
    endloop
  endfacet
  facet normal 0 0 -1
    outer loop
      vertex -4.21112 -11.7693 -8
      vertex 1.38167 -28.5921 -8
      vertex 1.32361 -28.6861 -8
    endloop
  endfacet
  facet normal 0 0 -1
    outer loop
      vertex -12.128 -33.8956 -8
      vertex 1.32361 -28.6861 -8
      vertex 1.27023 -28.7828 -8
    endloop
  endfacet
  facet normal 0 0 -1
    outer loop
      vertex 3.02106 -27.5851 -8
      vertex 1.22521 -12.4398 -8
      vertex 1.83413 -12.3647 -8
    endloop
  endfacet
  facet normal 0 0 -1
    outer loop
      vertex -12.128 -33.8956 -8
      vertex 1.27023 -28.7828 -8
      vertex 1.22166 -28.8819 -8
    endloop
  endfacet
  facet normal 0 0 -1
    outer loop
      vertex -10.4502 -34.4499 -8
      vertex 1.22166 -28.8819 -8
      vertex 1.17801 -28.9834 -8
    endloop
  endfacet
  facet normal 0 0 -1
    outer loop
      vertex -10.4502 -34.4499 -8
      vertex 1.17801 -28.9834 -8
      vertex 1.13939 -29.0868 -8
    endloop
  endfacet
  facet normal 0 0 -1
    outer loop
      vertex -8.74729 -34.9211 -8
      vertex 1.13939 -29.0868 -8
      vertex 1.10589 -29.1921 -8
    endloop
  endfacet
  facet normal 0 0 -1
    outer loop
      vertex -8.74729 -34.9211 -8
      vertex 1.10589 -29.1921 -8
      vertex 1.0776 -29.2988 -8
    endloop
  endfacet
  facet normal 0 0 -1
    outer loop
      vertex -8.74729 -34.9211 -8
      vertex 1.0776 -29.2988 -8
      vertex 1.05458 -29.4068 -8
    endloop
  endfacet
  facet normal 0 0 -1
    outer loop
      vertex -7.02325 -35.3083 -8
      vertex 1.05458 -29.4068 -8
      vertex 1.03689 -29.5158 -8
    endloop
  endfacet
  facet normal 0 0 -1
    outer loop
      vertex -7.02325 -35.3083 -8
      vertex 1.03689 -29.5158 -8
      vertex 1.02457 -29.6256 -8
    endloop
  endfacet
  facet normal 0 0 -1
    outer loop
      vertex -7.02325 -35.3083 -8
      vertex 1.02457 -29.6256 -8
      vertex 1.01765 -29.7358 -8
    endloop
  endfacet
  facet normal 0 0 -1
    outer loop
      vertex -5.2823 -35.6104 -8
      vertex 1.01765 -29.7358 -8
      vertex 1.01614 -29.8462 -8
    endloop
  endfacet
  facet normal 0 0 -1
    outer loop
      vertex 2.80301 -27.6198 -8
      vertex 0.613345 -12.4849 -8
      vertex 1.22521 -12.4398 -8
    endloop
  endfacet
  facet normal 0 0 -1
    outer loop
      vertex 31.268 1.54241 -8
      vertex 36 0 -8
      vertex 35.9566 -1.76644 -8
    endloop
  endfacet
  facet normal 0 0 -1
    outer loop
      vertex 30.7054 1.19679 -8
      vertex 35.9566 -1.76644 -8
      vertex 35.8266 -3.52862 -8
    endloop
  endfacet
  facet normal 0 0 -1
    outer loop
      vertex 36 0 -8
      vertex 31.3508 1.61545 -8
      vertex 31.4299 1.69246 -8
    endloop
  endfacet
  facet normal 0 0 -1
    outer loop
      vertex 30.1761 1.04409 -8
      vertex 35.8266 -3.52862 -8
      vertex 35.6104 -5.2823 -8
    endloop
  endfacet
  facet normal 0 -0 -1
    outer loop
      vertex 31.706 2.03645 -8
      vertex 36 0 -8
      vertex 31.6434 1.94548 -8
    endloop
  endfacet
  facet normal 0 0 -1
    outer loop
      vertex 29.7358 1.01765 -8
      vertex 35.6104 -5.2823 -8
      vertex 35.3083 -7.02325 -8
    endloop
  endfacet
  facet normal 0 -0 -1
    outer loop
      vertex 31.9097 2.42769 -8
      vertex 35.9566 1.76644 -8
      vertex 31.866 2.32625 -8
    endloop
  endfacet
  facet normal 0 0 -1
    outer loop
      vertex 29.4068 1.05458 -8
      vertex 35.3083 -7.02325 -8
      vertex 34.9211 -8.74729 -8
    endloop
  endfacet
  facet normal 0 -0 -1
    outer loop
      vertex 32.0331 2.85115 -8
      vertex 35.9566 1.76644 -8
      vertex 32.0101 2.74314 -8
    endloop
  endfacet
  facet normal 0 0 -1
    outer loop
      vertex 29.0868 1.13939 -8
      vertex 34.9211 -8.74729 -8
      vertex 34.4499 -10.4502 -8
    endloop
  endfacet
  facet normal 0 -0 -1
    outer loop
      vertex 32.0631 3.06991 -8
      vertex 35.8266 3.52862 -8
      vertex 32.0508 2.96016 -8
    endloop
  endfacet
  facet normal 0 0 -1
    outer loop
      vertex 28.8819 1.22166 -8
      vertex 34.4499 -10.4502 -8
      vertex 33.8956 -12.128 -8
    endloop
  endfacet
  facet normal 0 0 -1
    outer loop
      vertex 32.0676 3.40092 -8
      vertex 35.8266 3.52862 -8
      vertex 32.0716 3.29055 -8
    endloop
  endfacet
  facet normal 0 0 -1
    outer loop
      vertex 28.6861 1.32361 -8
      vertex 33.8956 -12.128 -8
      vertex 33.2597 -13.7766 -8
    endloop
  endfacet
  facet normal 0 0 -1
    outer loop
      vertex 32.0436 3.62041 -8
      vertex 35.8266 3.52862 -8
      vertex 32.0583 3.51096 -8
    endloop
  endfacet
  facet normal 0 0 -1
    outer loop
      vertex 11.5485 -4.78354 -8
      vertex 33.2597 -13.7766 -8
      vertex 32.5436 -15.392 -8
    endloop
  endfacet
  facet normal 0 0 -1
    outer loop
      vertex 35.8266 3.52862 -8
      vertex 32.0235 3.729 -8
      vertex 35.6104 5.2823 -8
    endloop
  endfacet
  facet normal 0 0 -1
    outer loop
      vertex 31.9676 3.94259 -8
      vertex 35.6104 5.2823 -8
      vertex 31.9982 3.83649 -8
    endloop
  endfacet
  facet normal 0 0 -1
    outer loop
      vertex 31.9982 3.83649 -8
      vertex 35.6104 5.2823 -8
      vertex 32.0235 3.729 -8
    endloop
  endfacet
  facet normal 0 0 -1
    outer loop
      vertex 32.0235 3.729 -8
      vertex 35.8266 3.52862 -8
      vertex 32.0436 3.62041 -8
    endloop
  endfacet
  facet normal 0 0 -1
    outer loop
      vertex 32.0583 3.51096 -8
      vertex 35.8266 3.52862 -8
      vertex 32.0676 3.40092 -8
    endloop
  endfacet
  facet normal 0 -0 -1
    outer loop
      vertex 32.0716 3.29055 -8
      vertex 35.8266 3.52862 -8
      vertex 32.07 3.18012 -8
    endloop
  endfacet
  facet normal 0 -0 -1
    outer loop
      vertex 32.07 3.18012 -8
      vertex 35.8266 3.52862 -8
      vertex 32.0631 3.06991 -8
    endloop
  endfacet
  facet normal 0 -0 -1
    outer loop
      vertex 32.0508 2.96016 -8
      vertex 35.8266 3.52862 -8
      vertex 32.0331 2.85115 -8
    endloop
  endfacet
  facet normal 0 0 -1
    outer loop
      vertex 35.9566 1.76644 -8
      vertex 32.0331 2.85115 -8
      vertex 35.8266 3.52862 -8
    endloop
  endfacet
  facet normal 0 -0 -1
    outer loop
      vertex 32.0101 2.74314 -8
      vertex 35.9566 1.76644 -8
      vertex 31.9818 2.63639 -8
    endloop
  endfacet
  facet normal 0 -0 -1
    outer loop
      vertex 31.9818 2.63639 -8
      vertex 35.9566 1.76644 -8
      vertex 31.9483 2.53116 -8
    endloop
  endfacet
  facet normal 0 -0 -1
    outer loop
      vertex 31.9483 2.53116 -8
      vertex 35.9566 1.76644 -8
      vertex 31.9097 2.42769 -8
    endloop
  endfacet
  facet normal 0 -0 -1
    outer loop
      vertex 31.866 2.32625 -8
      vertex 35.9566 1.76644 -8
      vertex 31.8175 2.22707 -8
    endloop
  endfacet
  facet normal 0 0 -1
    outer loop
      vertex 11.2999 -5.34444 -8
      vertex 32.5436 -15.392 -8
      vertex 31.7492 -16.9703 -8
    endloop
  endfacet
  facet normal 0 -0 -1
    outer loop
      vertex 31.8175 2.22707 -8
      vertex 35.9566 1.76644 -8
      vertex 31.7641 2.13039 -8
    endloop
  endfacet
  facet normal 0 -0 -1
    outer loop
      vertex 31.7641 2.13039 -8
      vertex 35.9566 1.76644 -8
      vertex 31.706 2.03645 -8
    endloop
  endfacet
  facet normal 0 0 -1
    outer loop
      vertex 36 0 -8
      vertex 31.706 2.03645 -8
      vertex 35.9566 1.76644 -8
    endloop
  endfacet
  facet normal 0 -0 -1
    outer loop
      vertex 31.6434 1.94548 -8
      vertex 36 0 -8
      vertex 31.5764 1.85768 -8
    endloop
  endfacet
  facet normal 0 -0 -1
    outer loop
      vertex 31.5764 1.85768 -8
      vertex 36 0 -8
      vertex 31.5052 1.77327 -8
    endloop
  endfacet
  facet normal 0 0 -1
    outer loop
      vertex 36 0 -8
      vertex 31.4299 1.69246 -8
      vertex 31.5052 1.77327 -8
    endloop
  endfacet
  facet normal 0 0 -1
    outer loop
      vertex 36 0 -8
      vertex 31.268 1.54241 -8
      vertex 31.3508 1.61545 -8
    endloop
  endfacet
  facet normal 0 0 -1
    outer loop
      vertex 35.9566 -1.76644 -8
      vertex 31.1816 1.47352 -8
      vertex 31.268 1.54241 -8
    endloop
  endfacet
  facet normal 0 0 -1
    outer loop
      vertex 35.9566 -1.76644 -8
      vertex 31.0921 1.40895 -8
      vertex 31.1816 1.47352 -8
    endloop
  endfacet
  facet normal 0 0 -1
    outer loop
      vertex 35.9566 -1.76644 -8
      vertex 30.9994 1.34885 -8
      vertex 31.0921 1.40895 -8
    endloop
  endfacet
  facet normal 0 0 -1
    outer loop
      vertex 35.9566 -1.76644 -8
      vertex 30.9039 1.29337 -8
      vertex 30.9994 1.34885 -8
    endloop
  endfacet
  facet normal 0 0 -1
    outer loop
      vertex 11.024 -5.89246 -8
      vertex 31.7492 -16.9703 -8
      vertex 30.8782 -18.5077 -8
    endloop
  endfacet
  facet normal 0 0 -1
    outer loop
      vertex 35.9566 -1.76644 -8
      vertex 30.8058 1.24264 -8
      vertex 30.9039 1.29337 -8
    endloop
  endfacet
  facet normal 0 0 -1
    outer loop
      vertex 35.9566 -1.76644 -8
      vertex 30.7054 1.19679 -8
      vertex 30.8058 1.24264 -8
    endloop
  endfacet
  facet normal 0 0 -1
    outer loop
      vertex 35.8266 -3.52862 -8
      vertex 30.6028 1.15593 -8
      vertex 30.7054 1.19679 -8
    endloop
  endfacet
  facet normal 0 0 -1
    outer loop
      vertex 35.8266 -3.52862 -8
      vertex 30.4983 1.12014 -8
      vertex 30.6028 1.15593 -8
    endloop
  endfacet
  facet normal 0 0 -1
    outer loop
      vertex 35.8266 -3.52862 -8
      vertex 30.3922 1.08953 -8
      vertex 30.4983 1.12014 -8
    endloop
  endfacet
  facet normal 0 0 -1
    outer loop
      vertex 35.8266 -3.52862 -8
      vertex 30.2847 1.06416 -8
      vertex 30.3922 1.08953 -8
    endloop
  endfacet
  facet normal 0 0 -1
    outer loop
      vertex 35.8266 -3.52862 -8
      vertex 30.1761 1.04409 -8
      vertex 30.2847 1.06416 -8
    endloop
  endfacet
  facet normal 0 0 -1
    outer loop
      vertex 35.6104 -5.2823 -8
      vertex 30.0666 1.02938 -8
      vertex 30.1761 1.04409 -8
    endloop
  endfacet
  facet normal 0 0 -1
    outer loop
      vertex 35.6104 -5.2823 -8
      vertex 29.9566 1.02005 -8
      vertex 30.0666 1.02938 -8
    endloop
  endfacet
  facet normal 0 0 -1
    outer loop
      vertex 10.7216 -6.42628 -8
      vertex 30.8782 -18.5077 -8
      vertex 29.9329 -20.0005 -8
    endloop
  endfacet
  facet normal 0 0 -1
    outer loop
      vertex 35.6104 -5.2823 -8
      vertex 29.8462 1.01614 -8
      vertex 29.9566 1.02005 -8
    endloop
  endfacet
  facet normal 0 0 -1
    outer loop
      vertex 35.6104 -5.2823 -8
      vertex 29.7358 1.01765 -8
      vertex 29.8462 1.01614 -8
    endloop
  endfacet
  facet normal 0 0 -1
    outer loop
      vertex 35.3083 -7.02325 -8
      vertex 29.6256 1.02457 -8
      vertex 29.7358 1.01765 -8
    endloop
  endfacet
  facet normal 0 0 -1
    outer loop
      vertex 35.3083 -7.02325 -8
      vertex 29.5158 1.03689 -8
      vertex 29.6256 1.02457 -8
    endloop
  endfacet
  facet normal 0 0 -1
    outer loop
      vertex 35.3083 -7.02325 -8
      vertex 29.4068 1.05458 -8
      vertex 29.5158 1.03689 -8
    endloop
  endfacet
  facet normal 0 0 -1
    outer loop
      vertex 34.9211 -8.74729 -8
      vertex 29.2988 1.0776 -8
      vertex 29.4068 1.05458 -8
    endloop
  endfacet
  facet normal 0 0 -1
    outer loop
      vertex 34.9211 -8.74729 -8
      vertex 29.1921 1.10589 -8
      vertex 29.2988 1.0776 -8
    endloop
  endfacet
  facet normal 0 0 -1
    outer loop
      vertex 34.9211 -8.74729 -8
      vertex 29.0868 1.13939 -8
      vertex 29.1921 1.10589 -8
    endloop
  endfacet
  facet normal 0 0 -1
    outer loop
      vertex 34.4499 -10.4502 -8
      vertex 28.9834 1.17801 -8
      vertex 29.0868 1.13939 -8
    endloop
  endfacet
  facet normal 0 0 -1
    outer loop
      vertex 10.3934 -6.94463 -8
      vertex 29.9329 -20.0005 -8
      vertex 28.9155 -21.4452 -8
    endloop
  endfacet
  facet normal 0 0 -1
    outer loop
      vertex 34.4499 -10.4502 -8
      vertex 28.8819 1.22166 -8
      vertex 28.9834 1.17801 -8
    endloop
  endfacet
  facet normal 0 0 -1
    outer loop
      vertex 33.8956 -12.128 -8
      vertex 28.7828 1.27023 -8
      vertex 28.8819 1.22166 -8
    endloop
  endfacet
  facet normal 0 0 -1
    outer loop
      vertex 33.2597 -13.7766 -8
      vertex 11.5485 -4.78354 -8
      vertex 28.6861 1.32361 -8
    endloop
  endfacet
  facet normal 0 0 -1
    outer loop
      vertex 33.8956 -12.128 -8
      vertex 28.6861 1.32361 -8
      vertex 28.7828 1.27023 -8
    endloop
  endfacet
  facet normal 0 -0 -1
    outer loop
      vertex 11.7693 -4.21112 -8
      vertex 28.6861 1.32361 -8
      vertex 11.5485 -4.78354 -8
    endloop
  endfacet
  facet normal -0 0 -1
    outer loop
      vertex 28.6861 1.32361 -8
      vertex 11.7693 -4.21112 -8
      vertex 28.5921 1.38167 -8
    endloop
  endfacet
  facet normal -0 0 -1
    outer loop
      vertex 28.5921 1.38167 -8
      vertex 11.7693 -4.21112 -8
      vertex 28.5012 1.44428 -8
    endloop
  endfacet
  facet normal 0 -0 -1
    outer loop
      vertex 11.9618 -3.62856 -8
      vertex 28.5012 1.44428 -8
      vertex 11.7693 -4.21112 -8
    endloop
  endfacet
  facet normal -0 0 -1
    outer loop
      vertex 28.5012 1.44428 -8
      vertex 11.9618 -3.62856 -8
      vertex 28.4134 1.51127 -8
    endloop
  endfacet
  facet normal -0 0 -1
    outer loop
      vertex 28.4134 1.51127 -8
      vertex 11.9618 -3.62856 -8
      vertex 28.329 1.58248 -8
    endloop
  endfacet
  facet normal 0 -0 -1
    outer loop
      vertex 12.1254 -3.03725 -8
      vertex 28.329 1.58248 -8
      vertex 11.9618 -3.62856 -8
    endloop
  endfacet
  facet normal -0 0 -1
    outer loop
      vertex 28.329 1.58248 -8
      vertex 12.1254 -3.03725 -8
      vertex 28.2481 1.65776 -8
    endloop
  endfacet
  facet normal -0 0 -1
    outer loop
      vertex 28.2481 1.65776 -8
      vertex 12.1254 -3.03725 -8
      vertex 28.1711 1.7369 -8
    endloop
  endfacet
  facet normal 0 -0 -1
    outer loop
      vertex 12.2598 -2.43863 -8
      vertex 28.1711 1.7369 -8
      vertex 12.1254 -3.03725 -8
    endloop
  endfacet
  facet normal 0 0 -1
    outer loop
      vertex 10.0401 -7.44624 -8
      vertex 28.9155 -21.4452 -8
      vertex 27.8284 -22.8382 -8
    endloop
  endfacet
  facet normal -0 0 -1
    outer loop
      vertex 28.1711 1.7369 -8
      vertex 12.2598 -2.43863 -8
      vertex 28.0981 1.81973 -8
    endloop
  endfacet
  facet normal -0 0 -1
    outer loop
      vertex 28.0981 1.81973 -8
      vertex 12.2598 -2.43863 -8
      vertex 28.0292 1.90605 -8
    endloop
  endfacet
  facet normal 0 -0 -1
    outer loop
      vertex 12.3647 -1.83413 -8
      vertex 28.0292 1.90605 -8
      vertex 12.2598 -2.43863 -8
    endloop
  endfacet
  facet normal -0 0 -1
    outer loop
      vertex 28.0292 1.90605 -8
      vertex 12.3647 -1.83413 -8
      vertex 27.9646 1.99564 -8
    endloop
  endfacet
  facet normal -0 0 -1
    outer loop
      vertex 27.9646 1.99564 -8
      vertex 12.3647 -1.83413 -8
      vertex 27.9045 2.08829 -8
    endloop
  endfacet
  facet normal 0 -0 -1
    outer loop
      vertex 12.4398 -1.22521 -8
      vertex 27.9045 2.08829 -8
      vertex 12.3647 -1.83413 -8
    endloop
  endfacet
  facet normal -0 0 -1
    outer loop
      vertex 27.9045 2.08829 -8
      vertex 12.4398 -1.22521 -8
      vertex 27.8491 2.18378 -8
    endloop
  endfacet
  facet normal -0 0 -1
    outer loop
      vertex 27.8491 2.18378 -8
      vertex 12.4398 -1.22521 -8
      vertex 27.7983 2.28188 -8
    endloop
  endfacet
  facet normal 0 -0 -1
    outer loop
      vertex 12.4849 -0.613345 -8
      vertex 27.7983 2.28188 -8
      vertex 12.4398 -1.22521 -8
    endloop
  endfacet
  facet normal -0 0 -1
    outer loop
      vertex 27.7983 2.28188 -8
      vertex 12.4849 -0.613345 -8
      vertex 27.7525 2.38234 -8
    endloop
  endfacet
  facet normal 0 0 -1
    outer loop
      vertex 9.66263 -7.92992 -8
      vertex 27.8284 -22.8382 -8
      vertex 26.6742 -24.1761 -8
    endloop
  endfacet
  facet normal 0 0 -1
    outer loop
      vertex 31.9318 4.04707 -8
      vertex 35.6104 5.2823 -8
      vertex 31.9676 3.94259 -8
    endloop
  endfacet
  facet normal 0 0 -1
    outer loop
      vertex 31.8909 4.14967 -8
      vertex 35.6104 5.2823 -8
      vertex 31.9318 4.04707 -8
    endloop
  endfacet
  facet normal 0 0 -1
    outer loop
      vertex 31.8451 4.25013 -8
      vertex 35.6104 5.2823 -8
      vertex 31.8909 4.14967 -8
    endloop
  endfacet
  facet normal 0 0 -1
    outer loop
      vertex 31.7943 4.34823 -8
      vertex 35.6104 5.2823 -8
      vertex 31.8451 4.25013 -8
    endloop
  endfacet
  facet normal 0 0 -1
    outer loop
      vertex 31.7388 4.44372 -8
      vertex 35.6104 5.2823 -8
      vertex 31.7943 4.34823 -8
    endloop
  endfacet
  facet normal 0 0 -1
    outer loop
      vertex 31.6787 4.53637 -8
      vertex 35.6104 5.2823 -8
      vertex 31.7388 4.44372 -8
    endloop
  endfacet
  facet normal -0 0 -1
    outer loop
      vertex 35.6104 5.2823 -8
      vertex 31.6787 4.53637 -8
      vertex 35.3083 7.02325 -8
    endloop
  endfacet
  facet normal 0 0 -1
    outer loop
      vertex 31.6142 4.62596 -8
      vertex 35.3083 7.02325 -8
      vertex 31.6787 4.53637 -8
    endloop
  endfacet
  facet normal 0 0 -1
    outer loop
      vertex 31.5453 4.71228 -8
      vertex 35.3083 7.02325 -8
      vertex 31.6142 4.62596 -8
    endloop
  endfacet
  facet normal 0 0 -1
    outer loop
      vertex 31.4722 4.79511 -8
      vertex 35.3083 7.02325 -8
      vertex 31.5453 4.71228 -8
    endloop
  endfacet
  facet normal 0 0 -1
    outer loop
      vertex 31.3952 4.87426 -8
      vertex 35.3083 7.02325 -8
      vertex 31.4722 4.79511 -8
    endloop
  endfacet
  facet normal 0 0 -1
    outer loop
      vertex 31.3144 4.94953 -8
      vertex 35.3083 7.02325 -8
      vertex 31.3952 4.87426 -8
    endloop
  endfacet
  facet normal 0 0 -1
    outer loop
      vertex 31.23 5.02075 -8
      vertex 35.3083 7.02325 -8
      vertex 31.3144 4.94953 -8
    endloop
  endfacet
  facet normal 0 0 -1
    outer loop
      vertex 31.1422 5.08774 -8
      vertex 35.3083 7.02325 -8
      vertex 31.23 5.02075 -8
    endloop
  endfacet
  facet normal -0 0 -1
    outer loop
      vertex 35.3083 7.02325 -8
      vertex 31.1422 5.08774 -8
      vertex 34.9211 8.74729 -8
    endloop
  endfacet
  facet normal 0 0 -1
    outer loop
      vertex 31.0512 5.15034 -8
      vertex 34.9211 8.74729 -8
      vertex 31.1422 5.08774 -8
    endloop
  endfacet
  facet normal 0 0 -1
    outer loop
      vertex 30.9573 5.2084 -8
      vertex 34.9211 8.74729 -8
      vertex 31.0512 5.15034 -8
    endloop
  endfacet
  facet normal 0 0 -1
    outer loop
      vertex 30.8606 5.26178 -8
      vertex 34.9211 8.74729 -8
      vertex 30.9573 5.2084 -8
    endloop
  endfacet
  facet normal 0 0 -1
    outer loop
      vertex 30.7614 5.31035 -8
      vertex 34.9211 8.74729 -8
      vertex 30.8606 5.26178 -8
    endloop
  endfacet
  facet normal 0 0 -1
    outer loop
      vertex 30.66 5.354 -8
      vertex 34.9211 8.74729 -8
      vertex 30.7614 5.31035 -8
    endloop
  endfacet
  facet normal 0 0 -1
    outer loop
      vertex 30.5565 5.39262 -8
      vertex 34.9211 8.74729 -8
      vertex 30.66 5.354 -8
    endloop
  endfacet
  facet normal 0 0 -1
    outer loop
      vertex 30.4513 5.42612 -8
      vertex 34.9211 8.74729 -8
      vertex 30.5565 5.39262 -8
    endloop
  endfacet
  facet normal -0 0 -1
    outer loop
      vertex 34.9211 8.74729 -8
      vertex 30.4513 5.42612 -8
      vertex 34.4499 10.4502 -8
    endloop
  endfacet
  facet normal 0 0 -1
    outer loop
      vertex 30.3446 5.45441 -8
      vertex 34.4499 10.4502 -8
      vertex 30.4513 5.42612 -8
    endloop
  endfacet
  facet normal 0 0 -1
    outer loop
      vertex 30.2365 5.47743 -8
      vertex 34.4499 10.4502 -8
      vertex 30.3446 5.45441 -8
    endloop
  endfacet
  facet normal 0 0 -1
    outer loop
      vertex 30.1275 5.49512 -8
      vertex 34.4499 10.4502 -8
      vertex 30.2365 5.47743 -8
    endloop
  endfacet
  facet normal 0 0 -1
    outer loop
      vertex 30.0178 5.50744 -8
      vertex 34.4499 10.4502 -8
      vertex 30.1275 5.49512 -8
    endloop
  endfacet
  facet normal 0 0 -1
    outer loop
      vertex 29.9076 5.51437 -8
      vertex 34.4499 10.4502 -8
      vertex 30.0178 5.50744 -8
    endloop
  endfacet
  facet normal -0 0 -1
    outer loop
      vertex 34.4499 10.4502 -8
      vertex 29.9076 5.51437 -8
      vertex 33.8956 12.128 -8
    endloop
  endfacet
  facet normal 0 0 -1
    outer loop
      vertex 29.7971 5.51587 -8
      vertex 33.8956 12.128 -8
      vertex 29.9076 5.51437 -8
    endloop
  endfacet
  facet normal 0 0 -1
    outer loop
      vertex 29.6868 5.51196 -8
      vertex 33.8956 12.128 -8
      vertex 29.7971 5.51587 -8
    endloop
  endfacet
  facet normal 0 0 -1
    outer loop
      vertex 29.5767 5.50263 -8
      vertex 33.8956 12.128 -8
      vertex 29.6868 5.51196 -8
    endloop
  endfacet
  facet normal 0 0 -1
    outer loop
      vertex 29.4673 5.48792 -8
      vertex 33.8956 12.128 -8
      vertex 29.5767 5.50263 -8
    endloop
  endfacet
  facet normal -0 0 -1
    outer loop
      vertex 33.8956 12.128 -8
      vertex 29.4673 5.48792 -8
      vertex 33.2597 13.7766 -8
    endloop
  endfacet
  facet normal 0 0 -1
    outer loop
      vertex 29.3587 5.46785 -8
      vertex 33.2597 13.7766 -8
      vertex 29.4673 5.48792 -8
    endloop
  endfacet
  facet normal 0 0 -1
    outer loop
      vertex 29.2512 5.44248 -8
      vertex 33.2597 13.7766 -8
      vertex 29.3587 5.46785 -8
    endloop
  endfacet
  facet normal 0 0 -1
    outer loop
      vertex 29.1451 5.41187 -8
      vertex 33.2597 13.7766 -8
      vertex 29.2512 5.44248 -8
    endloop
  endfacet
  facet normal 0 0 -1
    outer loop
      vertex 29.0406 5.37609 -8
      vertex 33.2597 13.7766 -8
      vertex 29.1451 5.41187 -8
    endloop
  endfacet
  facet normal -0 0 -1
    outer loop
      vertex 33.2597 13.7766 -8
      vertex 29.0406 5.37609 -8
      vertex 32.5436 15.392 -8
    endloop
  endfacet
  facet normal 0 0 -1
    outer loop
      vertex 28.938 5.33522 -8
      vertex 32.5436 15.392 -8
      vertex 29.0406 5.37609 -8
    endloop
  endfacet
  facet normal 0 0 -1
    outer loop
      vertex 28.8376 5.28937 -8
      vertex 32.5436 15.392 -8
      vertex 28.938 5.33522 -8
    endloop
  endfacet
  facet normal 0 0 -1
    outer loop
      vertex 28.7395 5.23864 -8
      vertex 32.5436 15.392 -8
      vertex 28.8376 5.28937 -8
    endloop
  endfacet
  facet normal -0 0 -1
    outer loop
      vertex 32.5436 15.392 -8
      vertex 28.7395 5.23864 -8
      vertex 31.7492 16.9703 -8
    endloop
  endfacet
  facet normal 0 0 -1
    outer loop
      vertex 28.644 5.18316 -8
      vertex 31.7492 16.9703 -8
      vertex 28.7395 5.23864 -8
    endloop
  endfacet
  facet normal 0 0 -1
    outer loop
      vertex 28.5513 5.12307 -8
      vertex 31.7492 16.9703 -8
      vertex 28.644 5.18316 -8
    endloop
  endfacet
  facet normal -0 0 -1
    outer loop
      vertex 31.7492 16.9703 -8
      vertex 28.5513 5.12307 -8
      vertex 30.8782 18.5077 -8
    endloop
  endfacet
  facet normal 0 0 -1
    outer loop
      vertex 28.4617 5.05849 -8
      vertex 30.8782 18.5077 -8
      vertex 28.5513 5.12307 -8
    endloop
  endfacet
  facet normal 0 0 -1
    outer loop
      vertex 28.3754 4.98961 -8
      vertex 30.8782 18.5077 -8
      vertex 28.4617 5.05849 -8
    endloop
  endfacet
  facet normal -0 0 -1
    outer loop
      vertex 30.8782 18.5077 -8
      vertex 28.3754 4.98961 -8
      vertex 29.9329 20.0005 -8
    endloop
  endfacet
  facet normal 0 0 -1
    outer loop
      vertex 28.2926 4.91656 -8
      vertex 29.9329 20.0005 -8
      vertex 28.3754 4.98961 -8
    endloop
  endfacet
  facet normal 0 0 -1
    outer loop
      vertex 28.1382 4.75874 -8
      vertex 10.7216 6.42628 -8
      vertex 28.2134 4.83955 -8
    endloop
  endfacet
  facet normal 0 0 -1
    outer loop
      vertex 28 4.58654 -8
      vertex 11.024 5.89246 -8
      vertex 28.0669 4.67433 -8
    endloop
  endfacet
  facet normal 0 0 -1
    outer loop
      vertex 27.8793 4.40162 -8
      vertex 11.2999 5.34444 -8
      vertex 27.9374 4.49556 -8
    endloop
  endfacet
  facet normal 0 0 -1
    outer loop
      vertex 11.5485 4.78354 -8
      vertex 27.7773 4.20576 -8
      vertex 11.7693 4.21112 -8
    endloop
  endfacet
  facet normal 0 0 -1
    outer loop
      vertex 11.7693 4.21112 -8
      vertex 27.6951 4.00085 -8
      vertex 11.9618 3.62856 -8
    endloop
  endfacet
  facet normal -0 0 -1
    outer loop
      vertex 27.6616 3.89562 -8
      vertex 11.9618 3.62856 -8
      vertex 27.6951 4.00085 -8
    endloop
  endfacet
  facet normal -0 0 -1
    outer loop
      vertex 27.6333 3.78887 -8
      vertex 11.9618 3.62856 -8
      vertex 27.6616 3.89562 -8
    endloop
  endfacet
  facet normal 0 0 -1
    outer loop
      vertex 27.7773 4.20576 -8
      vertex 11.5485 4.78354 -8
      vertex 27.8259 4.30494 -8
    endloop
  endfacet
  facet normal 0 0 -1
    outer loop
      vertex 11.9618 3.62856 -8
      vertex 27.6333 3.78887 -8
      vertex 12.1254 3.03725 -8
    endloop
  endfacet
  facet normal -0 0 -1
    outer loop
      vertex 27.6103 3.68086 -8
      vertex 12.1254 3.03725 -8
      vertex 27.6333 3.78887 -8
    endloop
  endfacet
  facet normal -0 0 -1
    outer loop
      vertex 27.5926 3.57185 -8
      vertex 12.1254 3.03725 -8
      vertex 27.6103 3.68086 -8
    endloop
  endfacet
  facet normal 0 0 -1
    outer loop
      vertex 12.1254 3.03725 -8
      vertex 27.5926 3.57185 -8
      vertex 12.2598 2.43863 -8
    endloop
  endfacet
  facet normal -0 0 -1
    outer loop
      vertex 27.5803 3.46211 -8
      vertex 12.2598 2.43863 -8
      vertex 27.5926 3.57185 -8
    endloop
  endfacet
  facet normal -0 0 -1
    outer loop
      vertex 27.5733 3.35189 -8
      vertex 12.2598 2.43863 -8
      vertex 27.5803 3.46211 -8
    endloop
  endfacet
  facet normal 0 0 -1
    outer loop
      vertex 12.2598 2.43863 -8
      vertex 27.5733 3.35189 -8
      vertex 12.3647 1.83413 -8
    endloop
  endfacet
  facet normal -0 0 -1
    outer loop
      vertex 27.5718 3.24146 -8
      vertex 12.3647 1.83413 -8
      vertex 27.5733 3.35189 -8
    endloop
  endfacet
  facet normal -0 0 -1
    outer loop
      vertex 27.5757 3.1311 -8
      vertex 12.3647 1.83413 -8
      vertex 27.5718 3.24146 -8
    endloop
  endfacet
  facet normal 0 0 -1
    outer loop
      vertex 12.3647 1.83413 -8
      vertex 27.5757 3.1311 -8
      vertex 12.4398 1.22521 -8
    endloop
  endfacet
  facet normal -0 0 -1
    outer loop
      vertex 27.5851 3.02106 -8
      vertex 12.4398 1.22521 -8
      vertex 27.5757 3.1311 -8
    endloop
  endfacet
  facet normal -0 0 -1
    outer loop
      vertex 27.7525 2.38234 -8
      vertex 12.4849 -0.613345 -8
      vertex 27.7116 2.48494 -8
    endloop
  endfacet
  facet normal 0 0 -1
    outer loop
      vertex 27.6951 4.00085 -8
      vertex 11.7693 4.21112 -8
      vertex 27.7337 4.10432 -8
    endloop
  endfacet
  facet normal 0 0 -1
    outer loop
      vertex 9.26189 -8.39449 -8
      vertex 26.6742 -24.1761 -8
      vertex 25.4558 -25.4558 -8
    endloop
  endfacet
  facet normal 0 0 -1
    outer loop
      vertex 27.7337 4.10432 -8
      vertex 11.7693 4.21112 -8
      vertex 27.7773 4.20576 -8
    endloop
  endfacet
  facet normal 0 0 -1
    outer loop
      vertex 8.83883 -8.83883 -8
      vertex 25.4558 -25.4558 -8
      vertex 24.1761 -26.6742 -8
    endloop
  endfacet
  facet normal 0 0 -1
    outer loop
      vertex 27.8259 4.30494 -8
      vertex 11.5485 4.78354 -8
      vertex 27.8793 4.40162 -8
    endloop
  endfacet
  facet normal 0 0 -1
    outer loop
      vertex 8.39449 -9.26189 -8
      vertex 24.1761 -26.6742 -8
      vertex 22.8382 -27.8284 -8
    endloop
  endfacet
  facet normal 0 0 -1
    outer loop
      vertex 11.2999 5.34444 -8
      vertex 27.8793 4.40162 -8
      vertex 11.5485 4.78354 -8
    endloop
  endfacet
  facet normal 0 0 -1
    outer loop
      vertex 7.92992 -9.66263 -8
      vertex 22.8382 -27.8284 -8
      vertex 21.4452 -28.9155 -8
    endloop
  endfacet
  facet normal 0 0 -1
    outer loop
      vertex 27.9374 4.49556 -8
      vertex 11.2999 5.34444 -8
      vertex 28 4.58654 -8
    endloop
  endfacet
  facet normal 0 0 -1
    outer loop
      vertex 7.44624 -10.0401 -8
      vertex 21.4452 -28.9155 -8
      vertex 20.0005 -29.9329 -8
    endloop
  endfacet
  facet normal 0 0 -1
    outer loop
      vertex 11.024 5.89246 -8
      vertex 28 4.58654 -8
      vertex 11.2999 5.34444 -8
    endloop
  endfacet
  facet normal 0 0 -1
    outer loop
      vertex 6.94463 -10.3934 -8
      vertex 20.0005 -29.9329 -8
      vertex 18.5077 -30.8782 -8
    endloop
  endfacet
  facet normal 0 0 -1
    outer loop
      vertex 10.7216 6.42628 -8
      vertex 28.0669 4.67433 -8
      vertex 11.024 5.89246 -8
    endloop
  endfacet
  facet normal 0 0 -1
    outer loop
      vertex 12.128 -33.8956 -8
      vertex 5.48792 -29.4673 -8
      vertex 13.7766 -33.2597 -8
    endloop
  endfacet
  facet normal 0 0 -1
    outer loop
      vertex 28.0669 4.67433 -8
      vertex 10.7216 6.42628 -8
      vertex 28.1382 4.75874 -8
    endloop
  endfacet
  facet normal 0 0 -1
    outer loop
      vertex 5.48792 -29.4673 -8
      vertex 12.128 -33.8956 -8
      vertex 5.50263 -29.5767 -8
    endloop
  endfacet
  facet normal 0 0 -1
    outer loop
      vertex 10.3934 6.94463 -8
      vertex 28.2134 4.83955 -8
      vertex 10.7216 6.42628 -8
    endloop
  endfacet
  facet normal 0 0 -1
    outer loop
      vertex 5.50263 -29.5767 -8
      vertex 12.128 -33.8956 -8
      vertex 5.51196 -29.6868 -8
    endloop
  endfacet
  facet normal 0 0 -1
    outer loop
      vertex 28.2134 4.83955 -8
      vertex 10.3934 6.94463 -8
      vertex 28.2926 4.91656 -8
    endloop
  endfacet
  facet normal 0 0 -1
    outer loop
      vertex 28.2926 4.91656 -8
      vertex 10.3934 6.94463 -8
      vertex 29.9329 20.0005 -8
    endloop
  endfacet
  facet normal -0 0 -1
    outer loop
      vertex 27.5998 2.9116 -8
      vertex 12.4398 1.22521 -8
      vertex 27.5851 3.02106 -8
    endloop
  endfacet
  facet normal 0 0 -1
    outer loop
      vertex 12.4398 1.22521 -8
      vertex 27.5998 2.9116 -8
      vertex 12.4849 0.613345 -8
    endloop
  endfacet
  facet normal -0 0 -1
    outer loop
      vertex 27.6198 2.80301 -8
      vertex 12.4849 0.613345 -8
      vertex 27.5998 2.9116 -8
    endloop
  endfacet
  facet normal -0 0 -1
    outer loop
      vertex 27.6452 2.69553 -8
      vertex 12.4849 0.613345 -8
      vertex 27.6198 2.80301 -8
    endloop
  endfacet
  facet normal 0 0 -1
    outer loop
      vertex 5.51196 -29.6868 -8
      vertex 12.128 -33.8956 -8
      vertex 5.51587 -29.7971 -8
    endloop
  endfacet
  facet normal 0 0 -1
    outer loop
      vertex 12.4849 0.613345 -8
      vertex 27.6452 2.69553 -8
      vertex 12.5 0 -8
    endloop
  endfacet
  facet normal -0 0 -1
    outer loop
      vertex 27.6758 2.58942 -8
      vertex 12.5 0 -8
      vertex 27.6452 2.69553 -8
    endloop
  endfacet
  facet normal -0 0 -1
    outer loop
      vertex 27.7116 2.48494 -8
      vertex 12.5 0 -8
      vertex 27.6758 2.58942 -8
    endloop
  endfacet
  facet normal 0 -0 -1
    outer loop
      vertex 12.5 0 -8
      vertex 27.7116 2.48494 -8
      vertex 12.4849 -0.613345 -8
    endloop
  endfacet
  facet normal 0 0 -1
    outer loop
      vertex 32.5436 -15.392 -8
      vertex 11.2999 -5.34444 -8
      vertex 11.5485 -4.78354 -8
    endloop
  endfacet
  facet normal 0 0 -1
    outer loop
      vertex 31.7492 -16.9703 -8
      vertex 11.024 -5.89246 -8
      vertex 11.2999 -5.34444 -8
    endloop
  endfacet
  facet normal 0 0 -1
    outer loop
      vertex 30.8782 -18.5077 -8
      vertex 10.7216 -6.42628 -8
      vertex 11.024 -5.89246 -8
    endloop
  endfacet
  facet normal 0 0 -1
    outer loop
      vertex 5.51437 -29.9076 -8
      vertex 12.128 -33.8956 -8
      vertex 10.4502 -34.4499 -8
    endloop
  endfacet
  facet normal 0 0 -1
    outer loop
      vertex 29.9329 -20.0005 -8
      vertex 10.3934 -6.94463 -8
      vertex 10.7216 -6.42628 -8
    endloop
  endfacet
  facet normal 0 0 -1
    outer loop
      vertex 28.9155 -21.4452 -8
      vertex 10.0401 -7.44624 -8
      vertex 10.3934 -6.94463 -8
    endloop
  endfacet
  facet normal 0 0 -1
    outer loop
      vertex 27.8284 -22.8382 -8
      vertex 9.66263 -7.92992 -8
      vertex 10.0401 -7.44624 -8
    endloop
  endfacet
  facet normal 0 0 -1
    outer loop
      vertex 26.6742 -24.1761 -8
      vertex 9.26189 -8.39449 -8
      vertex 9.66263 -7.92992 -8
    endloop
  endfacet
  facet normal 0 0 -1
    outer loop
      vertex 25.4558 -25.4558 -8
      vertex 8.83883 -8.83883 -8
      vertex 9.26189 -8.39449 -8
    endloop
  endfacet
  facet normal 0 0 -1
    outer loop
      vertex 5.42612 -30.4513 -8
      vertex 10.4502 -34.4499 -8
      vertex 8.74729 -34.9211 -8
    endloop
  endfacet
  facet normal 0 0 -1
    outer loop
      vertex 5.46785 -29.3587 -8
      vertex 13.7766 -33.2597 -8
      vertex 5.48792 -29.4673 -8
    endloop
  endfacet
  facet normal 0 0 -1
    outer loop
      vertex 24.1761 -26.6742 -8
      vertex 8.39449 -9.26189 -8
      vertex 8.83883 -8.83883 -8
    endloop
  endfacet
  facet normal 0 0 -1
    outer loop
      vertex 22.8382 -27.8284 -8
      vertex 7.92992 -9.66263 -8
      vertex 8.39449 -9.26189 -8
    endloop
  endfacet
  facet normal 0 0 -1
    outer loop
      vertex 5.15034 -31.0512 -8
      vertex 8.74729 -34.9211 -8
      vertex 7.02325 -35.3083 -8
    endloop
  endfacet
  facet normal 0 0 -1
    outer loop
      vertex 21.4452 -28.9155 -8
      vertex 7.44624 -10.0401 -8
      vertex 7.92992 -9.66263 -8
    endloop
  endfacet
  facet normal 0 0 -1
    outer loop
      vertex 20.0005 -29.9329 -8
      vertex 6.94463 -10.3934 -8
      vertex 7.44624 -10.0401 -8
    endloop
  endfacet
  facet normal 0 0 -1
    outer loop
      vertex 18.5077 -30.8782 -8
      vertex 6.42628 -10.7216 -8
      vertex 6.94463 -10.3934 -8
    endloop
  endfacet
  facet normal 0 0 -1
    outer loop
      vertex 5.44248 -29.2512 -8
      vertex 13.7766 -33.2597 -8
      vertex 5.46785 -29.3587 -8
    endloop
  endfacet
  facet normal 0 0 -1
    outer loop
      vertex 12.128 -33.8956 -8
      vertex 5.51437 -29.9076 -8
      vertex 5.51587 -29.7971 -8
    endloop
  endfacet
  facet normal 0 0 -1
    outer loop
      vertex 10.4502 -34.4499 -8
      vertex 5.50744 -30.0178 -8
      vertex 5.51437 -29.9076 -8
    endloop
  endfacet
  facet normal 0 0 -1
    outer loop
      vertex 10.4502 -34.4499 -8
      vertex 5.49512 -30.1275 -8
      vertex 5.50744 -30.0178 -8
    endloop
  endfacet
  facet normal 0 0 -1
    outer loop
      vertex 10.4502 -34.4499 -8
      vertex 5.47743 -30.2365 -8
      vertex 5.49512 -30.1275 -8
    endloop
  endfacet
  facet normal 0 0 -1
    outer loop
      vertex 10.4502 -34.4499 -8
      vertex 5.45441 -30.3446 -8
      vertex 5.47743 -30.2365 -8
    endloop
  endfacet
  facet normal 0 0 -1
    outer loop
      vertex 10.4502 -34.4499 -8
      vertex 5.42612 -30.4513 -8
      vertex 5.45441 -30.3446 -8
    endloop
  endfacet
  facet normal 0 0 -1
    outer loop
      vertex 8.74729 -34.9211 -8
      vertex 5.39262 -30.5565 -8
      vertex 5.42612 -30.4513 -8
    endloop
  endfacet
  facet normal 0 0 -1
    outer loop
      vertex 8.74729 -34.9211 -8
      vertex 5.354 -30.66 -8
      vertex 5.39262 -30.5565 -8
    endloop
  endfacet
  facet normal 0 0 -1
    outer loop
      vertex 8.74729 -34.9211 -8
      vertex 5.31035 -30.7614 -8
      vertex 5.354 -30.66 -8
    endloop
  endfacet
  facet normal 0 0 -1
    outer loop
      vertex 4.53637 -31.6787 -8
      vertex 7.02325 -35.3083 -8
      vertex 5.2823 -35.6104 -8
    endloop
  endfacet
  facet normal 0 0 -1
    outer loop
      vertex 8.74729 -34.9211 -8
      vertex 5.26178 -30.8606 -8
      vertex 5.31035 -30.7614 -8
    endloop
  endfacet
  facet normal 0 0 -1
    outer loop
      vertex 8.74729 -34.9211 -8
      vertex 5.2084 -30.9573 -8
      vertex 5.26178 -30.8606 -8
    endloop
  endfacet
  facet normal 0 0 -1
    outer loop
      vertex 8.74729 -34.9211 -8
      vertex 5.15034 -31.0512 -8
      vertex 5.2084 -30.9573 -8
    endloop
  endfacet
  facet normal 0 0 -1
    outer loop
      vertex 7.02325 -35.3083 -8
      vertex 5.08774 -31.1422 -8
      vertex 5.15034 -31.0512 -8
    endloop
  endfacet
  facet normal 0 0 -1
    outer loop
      vertex 7.02325 -35.3083 -8
      vertex 5.02075 -31.23 -8
      vertex 5.08774 -31.1422 -8
    endloop
  endfacet
  facet normal 0 0 -1
    outer loop
      vertex 7.02325 -35.3083 -8
      vertex 4.94953 -31.3144 -8
      vertex 5.02075 -31.23 -8
    endloop
  endfacet
  facet normal 0 0 -1
    outer loop
      vertex 7.02325 -35.3083 -8
      vertex 4.87426 -31.3952 -8
      vertex 4.94953 -31.3144 -8
    endloop
  endfacet
  facet normal 0 0 -1
    outer loop
      vertex 7.02325 -35.3083 -8
      vertex 4.79511 -31.4722 -8
      vertex 4.87426 -31.3952 -8
    endloop
  endfacet
  facet normal 0 0 -1
    outer loop
      vertex 7.02325 -35.3083 -8
      vertex 4.71228 -31.5453 -8
      vertex 4.79511 -31.4722 -8
    endloop
  endfacet
  facet normal 0 0 -1
    outer loop
      vertex 7.02325 -35.3083 -8
      vertex 4.62596 -31.6142 -8
      vertex 4.71228 -31.5453 -8
    endloop
  endfacet
  facet normal 0 0 -1
    outer loop
      vertex 7.02325 -35.3083 -8
      vertex 4.53637 -31.6787 -8
      vertex 4.62596 -31.6142 -8
    endloop
  endfacet
  facet normal 0 0 -1
    outer loop
      vertex 5.2823 -35.6104 -8
      vertex 4.44372 -31.7388 -8
      vertex 4.53637 -31.6787 -8
    endloop
  endfacet
  facet normal 0 0 -1
    outer loop
      vertex 5.2823 -35.6104 -8
      vertex 4.34823 -31.7943 -8
      vertex 4.44372 -31.7388 -8
    endloop
  endfacet
  facet normal 0 0 -1
    outer loop
      vertex 5.2823 -35.6104 -8
      vertex 4.25013 -31.8451 -8
      vertex 4.34823 -31.7943 -8
    endloop
  endfacet
  facet normal 0 0 -1
    outer loop
      vertex 5.2823 -35.6104 -8
      vertex 4.14967 -31.8909 -8
      vertex 4.25013 -31.8451 -8
    endloop
  endfacet
  facet normal 0 0 -1
    outer loop
      vertex 5.2823 -35.6104 -8
      vertex 4.04707 -31.9318 -8
      vertex 4.14967 -31.8909 -8
    endloop
  endfacet
  facet normal 0 0 -1
    outer loop
      vertex 5.2823 -35.6104 -8
      vertex 3.94259 -31.9676 -8
      vertex 4.04707 -31.9318 -8
    endloop
  endfacet
  facet normal 0 0 -1
    outer loop
      vertex 5.2823 -35.6104 -8
      vertex 3.83649 -31.9982 -8
      vertex 3.94259 -31.9676 -8
    endloop
  endfacet
  facet normal 0 0 -1
    outer loop
      vertex 5.2823 -35.6104 -8
      vertex 3.729 -32.0235 -8
      vertex 3.83649 -31.9982 -8
    endloop
  endfacet
  facet normal 0 0 -1
    outer loop
      vertex 3.52862 -35.8266 -8
      vertex 3.729 -32.0235 -8
      vertex 5.2823 -35.6104 -8
    endloop
  endfacet
  facet normal 0 0 -1
    outer loop
      vertex 3.729 -32.0235 -8
      vertex 3.52862 -35.8266 -8
      vertex 3.62041 -32.0436 -8
    endloop
  endfacet
  facet normal 0 0 -1
    outer loop
      vertex 3.52862 -35.8266 -8
      vertex 3.51096 -32.0583 -8
      vertex 3.62041 -32.0436 -8
    endloop
  endfacet
  facet normal 0 0 -1
    outer loop
      vertex 3.52862 -35.8266 -8
      vertex 3.40092 -32.0676 -8
      vertex 3.51096 -32.0583 -8
    endloop
  endfacet
  facet normal 0 0 -1
    outer loop
      vertex 3.52862 -35.8266 -8
      vertex 3.29055 -32.0716 -8
      vertex 3.40092 -32.0676 -8
    endloop
  endfacet
  facet normal 0 0 -1
    outer loop
      vertex 3.52862 -35.8266 -8
      vertex 3.18012 -32.07 -8
      vertex 3.29055 -32.0716 -8
    endloop
  endfacet
  facet normal 0 0 -1
    outer loop
      vertex 3.52862 -35.8266 -8
      vertex 3.06991 -32.0631 -8
      vertex 3.18012 -32.07 -8
    endloop
  endfacet
  facet normal 0 0 -1
    outer loop
      vertex 3.52862 -35.8266 -8
      vertex 2.96016 -32.0508 -8
      vertex 3.06991 -32.0631 -8
    endloop
  endfacet
  facet normal 0 0 -1
    outer loop
      vertex 3.52862 -35.8266 -8
      vertex 2.85115 -32.0331 -8
      vertex 2.96016 -32.0508 -8
    endloop
  endfacet
  facet normal 0 0 -1
    outer loop
      vertex 1.76644 -35.9566 -8
      vertex 2.85115 -32.0331 -8
      vertex 3.52862 -35.8266 -8
    endloop
  endfacet
  facet normal -0 0 -1
    outer loop
      vertex 2.85115 -32.0331 -8
      vertex 1.76644 -35.9566 -8
      vertex 2.74314 -32.0101 -8
    endloop
  endfacet
  facet normal -0 0 -1
    outer loop
      vertex 2.74314 -32.0101 -8
      vertex 1.76644 -35.9566 -8
      vertex 2.63639 -31.9818 -8
    endloop
  endfacet
  facet normal -0 0 -1
    outer loop
      vertex 2.63639 -31.9818 -8
      vertex 1.76644 -35.9566 -8
      vertex 2.53116 -31.9483 -8
    endloop
  endfacet
  facet normal -0 0 -1
    outer loop
      vertex 2.53116 -31.9483 -8
      vertex 1.76644 -35.9566 -8
      vertex 2.42769 -31.9097 -8
    endloop
  endfacet
  facet normal -0 0 -1
    outer loop
      vertex 2.42769 -31.9097 -8
      vertex 1.76644 -35.9566 -8
      vertex 2.32625 -31.866 -8
    endloop
  endfacet
  facet normal -0 0 -1
    outer loop
      vertex 2.32625 -31.866 -8
      vertex 1.76644 -35.9566 -8
      vertex 2.22707 -31.8175 -8
    endloop
  endfacet
  facet normal -0 0 -1
    outer loop
      vertex 2.22707 -31.8175 -8
      vertex 1.76644 -35.9566 -8
      vertex 2.13039 -31.7641 -8
    endloop
  endfacet
  facet normal -0 0 -1
    outer loop
      vertex 2.13039 -31.7641 -8
      vertex 1.76644 -35.9566 -8
      vertex 2.03645 -31.706 -8
    endloop
  endfacet
  facet normal 0 0 -1
    outer loop
      vertex 0 -36 -8
      vertex 2.03645 -31.706 -8
      vertex 1.76644 -35.9566 -8
    endloop
  endfacet
  facet normal -0 0 -1
    outer loop
      vertex 2.03645 -31.706 -8
      vertex 0 -36 -8
      vertex 1.94548 -31.6434 -8
    endloop
  endfacet
  facet normal -0 0 -1
    outer loop
      vertex 1.94548 -31.6434 -8
      vertex 0 -36 -8
      vertex 1.85768 -31.5764 -8
    endloop
  endfacet
  facet normal -0 0 -1
    outer loop
      vertex 1.85768 -31.5764 -8
      vertex 0 -36 -8
      vertex 1.77327 -31.5052 -8
    endloop
  endfacet
  facet normal -0 0 -1
    outer loop
      vertex 1.77327 -31.5052 -8
      vertex 0 -36 -8
      vertex 1.69246 -31.4299 -8
    endloop
  endfacet
  facet normal -0 0 -1
    outer loop
      vertex 1.69246 -31.4299 -8
      vertex 0 -36 -8
      vertex 1.61545 -31.3508 -8
    endloop
  endfacet
  facet normal -0 0 -1
    outer loop
      vertex 1.61545 -31.3508 -8
      vertex 0 -36 -8
      vertex 1.54241 -31.268 -8
    endloop
  endfacet
  facet normal 0 0 -1
    outer loop
      vertex -1.76644 -35.9566 -8
      vertex 1.54241 -31.268 -8
      vertex 0 -36 -8
    endloop
  endfacet
  facet normal -0 0 -1
    outer loop
      vertex 1.54241 -31.268 -8
      vertex -1.76644 -35.9566 -8
      vertex 1.47352 -31.1816 -8
    endloop
  endfacet
  facet normal -0 0 -1
    outer loop
      vertex 1.47352 -31.1816 -8
      vertex -1.76644 -35.9566 -8
      vertex 1.40895 -31.0921 -8
    endloop
  endfacet
  facet normal -0 0 -1
    outer loop
      vertex 1.40895 -31.0921 -8
      vertex -1.76644 -35.9566 -8
      vertex 1.34885 -30.9994 -8
    endloop
  endfacet
  facet normal -0 0 -1
    outer loop
      vertex 1.34885 -30.9994 -8
      vertex -1.76644 -35.9566 -8
      vertex 1.29337 -30.9039 -8
    endloop
  endfacet
  facet normal -0 0 -1
    outer loop
      vertex 1.29337 -30.9039 -8
      vertex -1.76644 -35.9566 -8
      vertex 1.24264 -30.8058 -8
    endloop
  endfacet
  facet normal -0 0 -1
    outer loop
      vertex 1.24264 -30.8058 -8
      vertex -1.76644 -35.9566 -8
      vertex 1.19679 -30.7054 -8
    endloop
  endfacet
  facet normal 0 0 -1
    outer loop
      vertex -3.52862 -35.8266 -8
      vertex 1.19679 -30.7054 -8
      vertex -1.76644 -35.9566 -8
    endloop
  endfacet
  facet normal -0 0 -1
    outer loop
      vertex 1.19679 -30.7054 -8
      vertex -3.52862 -35.8266 -8
      vertex 1.15593 -30.6028 -8
    endloop
  endfacet
  facet normal -0 0 -1
    outer loop
      vertex 1.15593 -30.6028 -8
      vertex -3.52862 -35.8266 -8
      vertex 1.12014 -30.4983 -8
    endloop
  endfacet
  facet normal -0 0 -1
    outer loop
      vertex 1.12014 -30.4983 -8
      vertex -3.52862 -35.8266 -8
      vertex 1.08953 -30.3922 -8
    endloop
  endfacet
  facet normal -0 0 -1
    outer loop
      vertex 1.08953 -30.3922 -8
      vertex -3.52862 -35.8266 -8
      vertex 1.06416 -30.2847 -8
    endloop
  endfacet
  facet normal -0 0 -1
    outer loop
      vertex 1.06416 -30.2847 -8
      vertex -3.52862 -35.8266 -8
      vertex 1.04409 -30.1761 -8
    endloop
  endfacet
  facet normal 0 0 -1
    outer loop
      vertex -5.2823 -35.6104 -8
      vertex 1.04409 -30.1761 -8
      vertex -3.52862 -35.8266 -8
    endloop
  endfacet
  facet normal -0 0 -1
    outer loop
      vertex 1.04409 -30.1761 -8
      vertex -5.2823 -35.6104 -8
      vertex 1.02938 -30.0666 -8
    endloop
  endfacet
  facet normal 0 0 -1
    outer loop
      vertex 2.58942 -27.6758 -8
      vertex 0 -12.5 -8
      vertex 0.613345 -12.4849 -8
    endloop
  endfacet
  facet normal 0 0 -1
    outer loop
      vertex 2.38234 -27.7525 -8
      vertex -0.613345 -12.4849 -8
      vertex 0 -12.5 -8
    endloop
  endfacet
  facet normal -0 0 -1
    outer loop
      vertex 1.02938 -30.0666 -8
      vertex -5.2823 -35.6104 -8
      vertex 1.02005 -29.9566 -8
    endloop
  endfacet
  facet normal 0 0 -1
    outer loop
      vertex 2.18378 -27.8491 -8
      vertex -1.22521 -12.4398 -8
      vertex -0.613345 -12.4849 -8
    endloop
  endfacet
  facet normal -0 0 -1
    outer loop
      vertex 1.02005 -29.9566 -8
      vertex -5.2823 -35.6104 -8
      vertex 1.01614 -29.8462 -8
    endloop
  endfacet
  facet normal 0 0 -1
    outer loop
      vertex 1.99564 -27.9646 -8
      vertex -1.83413 -12.3647 -8
      vertex -1.22521 -12.4398 -8
    endloop
  endfacet
  facet normal 0 0 -1
    outer loop
      vertex 1.01765 -29.7358 -8
      vertex -5.2823 -35.6104 -8
      vertex -7.02325 -35.3083 -8
    endloop
  endfacet
  facet normal 0 0 -1
    outer loop
      vertex 1.81973 -28.0981 -8
      vertex -2.43863 -12.2598 -8
      vertex -1.83413 -12.3647 -8
    endloop
  endfacet
  facet normal 0 0 -1
    outer loop
      vertex 1.05458 -29.4068 -8
      vertex -7.02325 -35.3083 -8
      vertex -8.74729 -34.9211 -8
    endloop
  endfacet
  facet normal 0 0 -1
    outer loop
      vertex 1.7369 -28.1711 -8
      vertex -3.03725 -12.1254 -8
      vertex -2.43863 -12.2598 -8
    endloop
  endfacet
  facet normal 0 0 -1
    outer loop
      vertex 1.13939 -29.0868 -8
      vertex -8.74729 -34.9211 -8
      vertex -10.4502 -34.4499 -8
    endloop
  endfacet
  facet normal 0 0 -1
    outer loop
      vertex 1.58248 -28.329 -8
      vertex -3.62856 -11.9618 -8
      vertex -3.03725 -12.1254 -8
    endloop
  endfacet
  facet normal 0 0 -1
    outer loop
      vertex 1.22166 -28.8819 -8
      vertex -10.4502 -34.4499 -8
      vertex -12.128 -33.8956 -8
    endloop
  endfacet
  facet normal 0 0 -1
    outer loop
      vertex 1.44428 -28.5012 -8
      vertex -4.21112 -11.7693 -8
      vertex -3.62856 -11.9618 -8
    endloop
  endfacet
  facet normal -0 0 -1
    outer loop
      vertex 1.32361 -28.6861 -8
      vertex -12.128 -33.8956 -8
      vertex -4.21112 -11.7693 -8
    endloop
  endfacet
  facet normal -0 0 -1
    outer loop
      vertex -4.21112 -11.7693 -8
      vertex -12.128 -33.8956 -8
      vertex -4.78354 -11.5485 -8
    endloop
  endfacet
  facet normal 0 0 -1
    outer loop
      vertex -13.7766 -33.2597 -8
      vertex -4.78354 -11.5485 -8
      vertex -12.128 -33.8956 -8
    endloop
  endfacet
  facet normal -0 0 -1
    outer loop
      vertex -4.78354 -11.5485 -8
      vertex -13.7766 -33.2597 -8
      vertex -5.34444 -11.2999 -8
    endloop
  endfacet
  facet normal 0 0 -1
    outer loop
      vertex -15.392 -32.5436 -8
      vertex -5.34444 -11.2999 -8
      vertex -13.7766 -33.2597 -8
    endloop
  endfacet
  facet normal -0 0 -1
    outer loop
      vertex -5.34444 -11.2999 -8
      vertex -15.392 -32.5436 -8
      vertex -5.89246 -11.024 -8
    endloop
  endfacet
  facet normal 0 0 -1
    outer loop
      vertex -16.9703 -31.7492 -8
      vertex -5.89246 -11.024 -8
      vertex -15.392 -32.5436 -8
    endloop
  endfacet
  facet normal -0 0 -1
    outer loop
      vertex -5.89246 -11.024 -8
      vertex -16.9703 -31.7492 -8
      vertex -6.42628 -10.7216 -8
    endloop
  endfacet
  facet normal 0 0 -1
    outer loop
      vertex -18.5077 -30.8782 -8
      vertex -6.42628 -10.7216 -8
      vertex -16.9703 -31.7492 -8
    endloop
  endfacet
  facet normal -0 0 -1
    outer loop
      vertex -6.42628 -10.7216 -8
      vertex -18.5077 -30.8782 -8
      vertex -6.94463 -10.3934 -8
    endloop
  endfacet
  facet normal 0 0 -1
    outer loop
      vertex -20.0005 -29.9329 -8
      vertex -6.94463 -10.3934 -8
      vertex -18.5077 -30.8782 -8
    endloop
  endfacet
  facet normal -0 0 -1
    outer loop
      vertex -6.94463 -10.3934 -8
      vertex -20.0005 -29.9329 -8
      vertex -7.44624 -10.0401 -8
    endloop
  endfacet
  facet normal 0 0 -1
    outer loop
      vertex -21.4452 -28.9155 -8
      vertex -7.44624 -10.0401 -8
      vertex -20.0005 -29.9329 -8
    endloop
  endfacet
  facet normal -0 0 -1
    outer loop
      vertex -7.44624 -10.0401 -8
      vertex -21.4452 -28.9155 -8
      vertex -7.92992 -9.66263 -8
    endloop
  endfacet
  facet normal 0 0 -1
    outer loop
      vertex -22.8382 -27.8284 -8
      vertex -7.92992 -9.66263 -8
      vertex -21.4452 -28.9155 -8
    endloop
  endfacet
  facet normal -0 0 -1
    outer loop
      vertex -7.92992 -9.66263 -8
      vertex -22.8382 -27.8284 -8
      vertex -8.39449 -9.26189 -8
    endloop
  endfacet
  facet normal 0 0 -1
    outer loop
      vertex -24.1761 -26.6742 -8
      vertex -8.39449 -9.26189 -8
      vertex -22.8382 -27.8284 -8
    endloop
  endfacet
  facet normal -0 0 -1
    outer loop
      vertex -8.39449 -9.26189 -8
      vertex -24.1761 -26.6742 -8
      vertex -8.83883 -8.83883 -8
    endloop
  endfacet
  facet normal 0 0 -1
    outer loop
      vertex -25.4558 -25.4558 -8
      vertex -8.83883 -8.83883 -8
      vertex -24.1761 -26.6742 -8
    endloop
  endfacet
  facet normal -0 0 -1
    outer loop
      vertex -8.83883 -8.83883 -8
      vertex -25.4558 -25.4558 -8
      vertex -9.26189 -8.39449 -8
    endloop
  endfacet
  facet normal 0 0 -1
    outer loop
      vertex -26.6742 -24.1761 -8
      vertex -9.26189 -8.39449 -8
      vertex -25.4558 -25.4558 -8
    endloop
  endfacet
  facet normal -0 0 -1
    outer loop
      vertex -9.26189 -8.39449 -8
      vertex -26.6742 -24.1761 -8
      vertex -9.66263 -7.92992 -8
    endloop
  endfacet
  facet normal 0 0 -1
    outer loop
      vertex -27.8284 -22.8382 -8
      vertex -9.66263 -7.92992 -8
      vertex -26.6742 -24.1761 -8
    endloop
  endfacet
  facet normal -0 0 -1
    outer loop
      vertex -9.66263 -7.92992 -8
      vertex -27.8284 -22.8382 -8
      vertex -10.0401 -7.44624 -8
    endloop
  endfacet
  facet normal 0 0 -1
    outer loop
      vertex -28.9155 -21.4452 -8
      vertex -10.0401 -7.44624 -8
      vertex -27.8284 -22.8382 -8
    endloop
  endfacet
  facet normal -0 0 -1
    outer loop
      vertex -10.0401 -7.44624 -8
      vertex -28.9155 -21.4452 -8
      vertex -10.3934 -6.94463 -8
    endloop
  endfacet
  facet normal 0 0 -1
    outer loop
      vertex -29.9329 -20.0005 -8
      vertex -10.3934 -6.94463 -8
      vertex -28.9155 -21.4452 -8
    endloop
  endfacet
  facet normal -0.21913 0.975696 0
    outer loop
      vertex -7.02325 35.3083 -8
      vertex -8.74729 34.9211 -2
      vertex -7.02325 35.3083 -2
    endloop
  endfacet
  facet normal -0.21913 0.975696 0
    outer loop
      vertex -8.74729 34.9211 -2
      vertex -7.02325 35.3083 -8
      vertex -8.74729 34.9211 -8
    endloop
  endfacet
  facet normal -0.313697 0.949523 0
    outer loop
      vertex -10.4502 34.4499 -8
      vertex -12.128 33.8956 -2
      vertex -10.4502 34.4499 -2
    endloop
  endfacet
  facet normal -0.313697 0.949523 0
    outer loop
      vertex -12.128 33.8956 -2
      vertex -10.4502 34.4499 -8
      vertex -12.128 33.8956 -8
    endloop
  endfacet
  facet normal -0.449589 0.893236 0
    outer loop
      vertex -15.392 32.5436 -8
      vertex -16.9703 31.7492 -2
      vertex -15.392 32.5436 -2
    endloop
  endfacet
  facet normal -0.449589 0.893236 0
    outer loop
      vertex -16.9703 31.7492 -2
      vertex -15.392 32.5436 -8
      vertex -16.9703 31.7492 -8
    endloop
  endfacet
  facet normal 0.689548 -0.72424 0
    outer loop
      vertex 24.1761 -26.6742 -8
      vertex 25.4558 -25.4558 -2
      vertex 24.1761 -26.6742 -2
    endloop
  endfacet
  facet normal 0.689548 -0.72424 0
    outer loop
      vertex 25.4558 -25.4558 -2
      vertex 24.1761 -26.6742 -8
      vertex 25.4558 -25.4558 -8
    endloop
  endfacet
  facet normal 0.122357 -0.992486 0
    outer loop
      vertex 3.52862 -35.8266 -8
      vertex 5.2823 -35.6104 -2
      vertex 3.52862 -35.8266 -2
    endloop
  endfacet
  facet normal 0.122357 -0.992486 0
    outer loop
      vertex 5.2823 -35.6104 -2
      vertex 3.52862 -35.8266 -8
      vertex 5.2823 -35.6104 -8
    endloop
  endfacet
  facet normal 0.817604 0.575781 0
    outer loop
      vertex 29.9329 20.0005 -2
      vertex 28.9155 21.4452 -8
      vertex 28.9155 21.4452 -2
    endloop
  endfacet
  facet normal 0.817604 0.575781 0
    outer loop
      vertex 28.9155 21.4452 -8
      vertex 29.9329 20.0005 -2
      vertex 29.9329 20.0005 -8
    endloop
  endfacet
  facet normal -0.992486 -0.122357 0
    outer loop
      vertex -35.6104 -5.2823 -8
      vertex -35.8266 -3.52862 -2
      vertex -35.8266 -3.52862 -8
    endloop
  endfacet
  facet normal -0.992486 -0.122357 0
    outer loop
      vertex -35.8266 -3.52862 -2
      vertex -35.6104 -5.2823 -8
      vertex -35.6104 -5.2823 -2
    endloop
  endfacet
  facet normal 0.449589 0.893236 -0
    outer loop
      vertex 16.9703 31.7492 -8
      vertex 15.392 32.5436 -2
      vertex 16.9703 31.7492 -2
    endloop
  endfacet
  facet normal 0.449589 0.893236 0
    outer loop
      vertex 15.392 32.5436 -2
      vertex 16.9703 31.7492 -8
      vertex 15.392 32.5436 -8
    endloop
  endfacet
  facet normal 0.893236 -0.449589 0
    outer loop
      vertex 31.7492 -16.9703 -2
      vertex 32.5436 -15.392 -8
      vertex 32.5436 -15.392 -2
    endloop
  endfacet
  facet normal 0.893236 -0.449589 0
    outer loop
      vertex 32.5436 -15.392 -8
      vertex 31.7492 -16.9703 -2
      vertex 31.7492 -16.9703 -8
    endloop
  endfacet
  facet normal 0.72424 0.689548 0
    outer loop
      vertex 26.6742 24.1761 -2
      vertex 25.4558 25.4558 -8
      vertex 25.4558 25.4558 -2
    endloop
  endfacet
  facet normal 0.72424 0.689548 0
    outer loop
      vertex 25.4558 25.4558 -8
      vertex 26.6742 24.1761 -2
      vertex 26.6742 24.1761 -8
    endloop
  endfacet
  facet normal -0.689548 -0.72424 0
    outer loop
      vertex -25.4558 -25.4558 -8
      vertex -24.1761 -26.6742 -2
      vertex -25.4558 -25.4558 -2
    endloop
  endfacet
  facet normal -0.689548 -0.72424 -0
    outer loop
      vertex -24.1761 -26.6742 -2
      vertex -25.4558 -25.4558 -8
      vertex -24.1761 -26.6742 -8
    endloop
  endfacet
  facet normal -0.122357 0.992486 0
    outer loop
      vertex -3.52862 35.8266 -8
      vertex -5.2823 35.6104 -2
      vertex -3.52862 35.8266 -2
    endloop
  endfacet
  facet normal -0.122357 0.992486 0
    outer loop
      vertex -5.2823 35.6104 -2
      vertex -3.52862 35.8266 -8
      vertex -5.2823 35.6104 -8
    endloop
  endfacet
  facet normal -0.817604 0.575781 0
    outer loop
      vertex -29.9329 20.0005 -8
      vertex -28.9155 21.4452 -2
      vertex -28.9155 21.4452 -8
    endloop
  endfacet
  facet normal -0.817604 0.575781 0
    outer loop
      vertex -28.9155 21.4452 -2
      vertex -29.9329 20.0005 -8
      vertex -29.9329 20.0005 -2
    endloop
  endfacet
  facet normal 0.170971 0.985276 -0
    outer loop
      vertex 7.02325 35.3083 -8
      vertex 5.2823 35.6104 -2
      vertex 7.02325 35.3083 -2
    endloop
  endfacet
  facet normal 0.170971 0.985276 0
    outer loop
      vertex 5.2823 35.6104 -2
      vertex 7.02325 35.3083 -8
      vertex 5.2823 35.6104 -8
    endloop
  endfacet
  facet normal 0.985276 0.170971 0
    outer loop
      vertex 35.6104 5.2823 -2
      vertex 35.3083 7.02325 -8
      vertex 35.3083 7.02325 -2
    endloop
  endfacet
  facet normal 0.985276 0.170971 0
    outer loop
      vertex 35.3083 7.02325 -8
      vertex 35.6104 5.2823 -2
      vertex 35.6104 5.2823 -8
    endloop
  endfacet
  facet normal -0.914201 -0.405261 0
    outer loop
      vertex -32.5436 -15.392 -8
      vertex -33.2597 -13.7766 -2
      vertex -33.2597 -13.7766 -8
    endloop
  endfacet
  facet normal -0.914201 -0.405261 0
    outer loop
      vertex -33.2597 -13.7766 -2
      vertex -32.5436 -15.392 -8
      vertex -32.5436 -15.392 -2
    endloop
  endfacet
  facet normal 0.788349 0.615229 0
    outer loop
      vertex 28.9155 21.4452 -2
      vertex 27.8284 22.8382 -8
      vertex 27.8284 22.8382 -2
    endloop
  endfacet
  facet normal 0.788349 0.615229 0
    outer loop
      vertex 27.8284 22.8382 -8
      vertex 28.9155 21.4452 -2
      vertex 28.9155 21.4452 -8
    endloop
  endfacet
  facet normal 0.999698 -0.0245618 0
    outer loop
      vertex 35.9566 -1.76644 -2
      vertex 36 0 -8
      vertex 36 0 -2
    endloop
  endfacet
  facet normal 0.999698 -0.0245618 0
    outer loop
      vertex 36 0 -8
      vertex 35.9566 -1.76644 -2
      vertex 35.9566 -1.76644 -8
    endloop
  endfacet
  facet normal -0.0245618 0.999698 0
    outer loop
      vertex 0 36 -8
      vertex -1.76644 35.9566 -2
      vertex 0 36 -2
    endloop
  endfacet
  facet normal -0.0245618 0.999698 0
    outer loop
      vertex -1.76644 35.9566 -2
      vertex 0 36 -8
      vertex -1.76644 35.9566 -8
    endloop
  endfacet
  facet normal -0.359878 0.932999 0
    outer loop
      vertex -12.128 33.8956 -8
      vertex -13.7766 33.2597 -2
      vertex -12.128 33.8956 -2
    endloop
  endfacet
  facet normal -0.359878 0.932999 0
    outer loop
      vertex -13.7766 33.2597 -2
      vertex -12.128 33.8956 -8
      vertex -13.7766 33.2597 -8
    endloop
  endfacet
  facet normal -0.534996 0.844855 0
    outer loop
      vertex -18.5077 30.8782 -8
      vertex -20.0005 29.9329 -2
      vertex -18.5077 30.8782 -2
    endloop
  endfacet
  facet normal -0.534996 0.844855 0
    outer loop
      vertex -20.0005 29.9329 -2
      vertex -18.5077 30.8782 -8
      vertex -20.0005 29.9329 -8
    endloop
  endfacet
  facet normal -0.999698 0.0245618 0
    outer loop
      vertex -36 0 -8
      vertex -35.9566 1.76644 -2
      vertex -35.9566 1.76644 -8
    endloop
  endfacet
  facet normal -0.999698 0.0245618 0
    outer loop
      vertex -35.9566 1.76644 -2
      vertex -36 0 -8
      vertex -36 0 -2
    endloop
  endfacet
  facet normal -0.0245618 -0.999698 0
    outer loop
      vertex -1.76644 -35.9566 -8
      vertex 0 -36 -2
      vertex -1.76644 -35.9566 -2
    endloop
  endfacet
  facet normal -0.0245618 -0.999698 -0
    outer loop
      vertex 0 -36 -2
      vertex -1.76644 -35.9566 -8
      vertex 0 -36 -8
    endloop
  endfacet
  facet normal 0.975696 0.21913 0
    outer loop
      vertex 35.3083 7.02325 -2
      vertex 34.9211 8.74729 -8
      vertex 34.9211 8.74729 -2
    endloop
  endfacet
  facet normal 0.975696 0.21913 0
    outer loop
      vertex 34.9211 8.74729 -8
      vertex 35.3083 7.02325 -2
      vertex 35.3083 7.02325 -8
    endloop
  endfacet
  facet normal 0.963785 0.266682 0
    outer loop
      vertex 34.9211 8.74729 -2
      vertex 34.4499 10.4502 -8
      vertex 34.4499 10.4502 -2
    endloop
  endfacet
  facet normal 0.963785 0.266682 0
    outer loop
      vertex 34.4499 10.4502 -8
      vertex 34.9211 8.74729 -2
      vertex 34.9211 8.74729 -8
    endloop
  endfacet
  facet normal 0.575781 0.817604 -0
    outer loop
      vertex 21.4452 28.9155 -8
      vertex 20.0005 29.9329 -2
      vertex 21.4452 28.9155 -2
    endloop
  endfacet
  facet normal 0.575781 0.817604 0
    outer loop
      vertex 20.0005 29.9329 -2
      vertex 21.4452 28.9155 -8
      vertex 20.0005 29.9329 -8
    endloop
  endfacet
  facet normal 0.788349 -0.615229 0
    outer loop
      vertex 27.8284 -22.8382 -2
      vertex 28.9155 -21.4452 -8
      vertex 28.9155 -21.4452 -2
    endloop
  endfacet
  facet normal 0.788349 -0.615229 0
    outer loop
      vertex 28.9155 -21.4452 -8
      vertex 27.8284 -22.8382 -2
      vertex 27.8284 -22.8382 -8
    endloop
  endfacet
  facet normal 0.21913 0.975696 -0
    outer loop
      vertex 8.74729 34.9211 -8
      vertex 7.02325 35.3083 -2
      vertex 8.74729 34.9211 -2
    endloop
  endfacet
  facet normal 0.21913 0.975696 0
    outer loop
      vertex 7.02325 35.3083 -2
      vertex 8.74729 34.9211 -8
      vertex 7.02325 35.3083 -8
    endloop
  endfacet
  facet normal -0.0735723 0.99729 0
    outer loop
      vertex -1.76644 35.9566 -8
      vertex -3.52862 35.8266 -2
      vertex -1.76644 35.9566 -2
    endloop
  endfacet
  facet normal -0.0735723 0.99729 0
    outer loop
      vertex -3.52862 35.8266 -2
      vertex -1.76644 35.9566 -8
      vertex -3.52862 35.8266 -8
    endloop
  endfacet
  facet normal 0.359878 -0.932999 0
    outer loop
      vertex 12.128 -33.8956 -8
      vertex 13.7766 -33.2597 -2
      vertex 12.128 -33.8956 -2
    endloop
  endfacet
  facet normal 0.359878 -0.932999 0
    outer loop
      vertex 13.7766 -33.2597 -2
      vertex 12.128 -33.8956 -8
      vertex 13.7766 -33.2597 -8
    endloop
  endfacet
  facet normal -0.788349 0.615229 0
    outer loop
      vertex -28.9155 21.4452 -8
      vertex -27.8284 22.8382 -2
      vertex -27.8284 22.8382 -8
    endloop
  endfacet
  facet normal -0.788349 0.615229 0
    outer loop
      vertex -27.8284 22.8382 -2
      vertex -28.9155 21.4452 -8
      vertex -28.9155 21.4452 -2
    endloop
  endfacet
  facet normal -0.122357 -0.992486 0
    outer loop
      vertex -5.2823 -35.6104 -8
      vertex -3.52862 -35.8266 -2
      vertex -5.2823 -35.6104 -2
    endloop
  endfacet
  facet normal -0.122357 -0.992486 -0
    outer loop
      vertex -3.52862 -35.8266 -2
      vertex -5.2823 -35.6104 -8
      vertex -3.52862 -35.8266 -8
    endloop
  endfacet
  facet normal 0.653212 0.757175 -0
    outer loop
      vertex 24.1761 26.6742 -8
      vertex 22.8382 27.8284 -2
      vertex 24.1761 26.6742 -2
    endloop
  endfacet
  facet normal 0.653212 0.757175 0
    outer loop
      vertex 22.8382 27.8284 -2
      vertex 24.1761 26.6742 -8
      vertex 22.8382 27.8284 -8
    endloop
  endfacet
  facet normal 0.313697 0.949523 -0
    outer loop
      vertex 12.128 33.8956 -8
      vertex 10.4502 34.4499 -2
      vertex 12.128 33.8956 -2
    endloop
  endfacet
  facet normal 0.313697 0.949523 0
    outer loop
      vertex 10.4502 34.4499 -2
      vertex 12.128 33.8956 -8
      vertex 10.4502 34.4499 -8
    endloop
  endfacet
  facet normal -0.817604 -0.575781 0
    outer loop
      vertex -28.9155 -21.4452 -8
      vertex -29.9329 -20.0005 -2
      vertex -29.9329 -20.0005 -8
    endloop
  endfacet
  facet normal -0.817604 -0.575781 0
    outer loop
      vertex -29.9329 -20.0005 -2
      vertex -28.9155 -21.4452 -8
      vertex -28.9155 -21.4452 -2
    endloop
  endfacet
  facet normal -0.266682 -0.963785 0
    outer loop
      vertex -10.4502 -34.4499 -8
      vertex -8.74729 -34.9211 -2
      vertex -10.4502 -34.4499 -2
    endloop
  endfacet
  facet normal -0.266682 -0.963785 -0
    outer loop
      vertex -8.74729 -34.9211 -2
      vertex -10.4502 -34.4499 -8
      vertex -8.74729 -34.9211 -8
    endloop
  endfacet
  facet normal 0 0 1
    outer loop
      vertex -27.6951 -4.00085 -2
      vertex -10.357 -3.70579 -2
      vertex -27.6616 -3.89562 -2
    endloop
  endfacet
  facet normal 0 0 1
    outer loop
      vertex -10.357 -3.70579 -2
      vertex -27.6951 -4.00085 -2
      vertex -10.1627 -4.20952 -2
    endloop
  endfacet
  facet normal -0 0 1
    outer loop
      vertex -27.7337 -4.10432 -2
      vertex -10.1627 -4.20952 -2
      vertex -27.6951 -4.00085 -2
    endloop
  endfacet
  facet normal -0 0 1
    outer loop
      vertex -27.7773 -4.20576 -2
      vertex -10.1627 -4.20952 -2
      vertex -27.7337 -4.10432 -2
    endloop
  endfacet
  facet normal 0 0 1
    outer loop
      vertex -10.1627 -4.20952 -2
      vertex -27.7773 -4.20576 -2
      vertex -9.94388 -4.70311 -2
    endloop
  endfacet
  facet normal -0 0 1
    outer loop
      vertex -27.8259 -4.30494 -2
      vertex -9.94388 -4.70311 -2
      vertex -27.7773 -4.20576 -2
    endloop
  endfacet
  facet normal -0 0 1
    outer loop
      vertex -27.8793 -4.40162 -2
      vertex -9.94388 -4.70311 -2
      vertex -27.8259 -4.30494 -2
    endloop
  endfacet
  facet normal 0 0 1
    outer loop
      vertex -9.94388 -4.70311 -2
      vertex -27.8793 -4.40162 -2
      vertex -9.70113 -5.18536 -2
    endloop
  endfacet
  facet normal -0 0 1
    outer loop
      vertex -27.9374 -4.49556 -2
      vertex -9.70113 -5.18536 -2
      vertex -27.8793 -4.40162 -2
    endloop
  endfacet
  facet normal 0 0 1
    outer loop
      vertex -9.70113 -5.18536 -2
      vertex -27.9374 -4.49556 -2
      vertex -9.43501 -5.65513 -2
    endloop
  endfacet
  facet normal -0 0 1
    outer loop
      vertex -28 -4.58654 -2
      vertex -9.43501 -5.65513 -2
      vertex -27.9374 -4.49556 -2
    endloop
  endfacet
  facet normal -0 0 1
    outer loop
      vertex -28.0669 -4.67433 -2
      vertex -9.43501 -5.65513 -2
      vertex -28 -4.58654 -2
    endloop
  endfacet
  facet normal 0 0 1
    outer loop
      vertex -9.43501 -5.65513 -2
      vertex -28.0669 -4.67433 -2
      vertex -9.14616 -6.11127 -2
    endloop
  endfacet
  facet normal 0 0 1
    outer loop
      vertex -9.14616 -6.11127 -2
      vertex -27.8284 -22.8382 -2
      vertex -26.6742 -24.1761 -2
    endloop
  endfacet
  facet normal -0 0 1
    outer loop
      vertex -28.1382 -4.75874 -2
      vertex -9.14616 -6.11127 -2
      vertex -28.0669 -4.67433 -2
    endloop
  endfacet
  facet normal -0 0 1
    outer loop
      vertex -28.2134 -4.83955 -2
      vertex -9.14616 -6.11127 -2
      vertex -28.1382 -4.75874 -2
    endloop
  endfacet
  facet normal 0 0 1
    outer loop
      vertex -9.14616 -6.11127 -2
      vertex -28.2134 -4.83955 -2
      vertex -28.9155 -21.4452 -2
    endloop
  endfacet
  facet normal 0 0 1
    outer loop
      vertex -29.9329 -20.0005 -2
      vertex -28.2134 -4.83955 -2
      vertex -28.2926 -4.91656 -2
    endloop
  endfacet
  facet normal 0 0 1
    outer loop
      vertex -29.9329 -20.0005 -2
      vertex -28.2926 -4.91656 -2
      vertex -28.3754 -4.98961 -2
    endloop
  endfacet
  facet normal 0 0 1
    outer loop
      vertex -30.8782 -18.5077 -2
      vertex -28.3754 -4.98961 -2
      vertex -28.4617 -5.05849 -2
    endloop
  endfacet
  facet normal 0 0 1
    outer loop
      vertex -30.8782 -18.5077 -2
      vertex -28.4617 -5.05849 -2
      vertex -28.5513 -5.12307 -2
    endloop
  endfacet
  facet normal 0 0 1
    outer loop
      vertex -31.7492 -16.9703 -2
      vertex -28.5513 -5.12307 -2
      vertex -28.644 -5.18316 -2
    endloop
  endfacet
  facet normal 0 0 1
    outer loop
      vertex -31.7492 -16.9703 -2
      vertex -28.644 -5.18316 -2
      vertex -28.7395 -5.23864 -2
    endloop
  endfacet
  facet normal 0 0 1
    outer loop
      vertex -32.5436 -15.392 -2
      vertex -28.7395 -5.23864 -2
      vertex -28.8376 -5.28937 -2
    endloop
  endfacet
  facet normal 0 0 1
    outer loop
      vertex -9.14616 -6.11127 -2
      vertex -28.9155 -21.4452 -2
      vertex -27.8284 -22.8382 -2
    endloop
  endfacet
  facet normal 0 0 1
    outer loop
      vertex -32.5436 -15.392 -2
      vertex -28.8376 -5.28937 -2
      vertex -28.938 -5.33522 -2
    endloop
  endfacet
  facet normal 0 0 1
    outer loop
      vertex -32.5436 -15.392 -2
      vertex -28.938 -5.33522 -2
      vertex -29.0406 -5.37609 -2
    endloop
  endfacet
  facet normal 0 0 1
    outer loop
      vertex -33.2597 -13.7766 -2
      vertex -29.0406 -5.37609 -2
      vertex -29.1451 -5.41187 -2
    endloop
  endfacet
  facet normal 0 0 1
    outer loop
      vertex -33.2597 -13.7766 -2
      vertex -29.1451 -5.41187 -2
      vertex -29.2512 -5.44248 -2
    endloop
  endfacet
  facet normal 0 0 1
    outer loop
      vertex -33.2597 -13.7766 -2
      vertex -29.2512 -5.44248 -2
      vertex -29.3587 -5.46785 -2
    endloop
  endfacet
  facet normal 0 0 1
    outer loop
      vertex -33.2597 -13.7766 -2
      vertex -29.3587 -5.46785 -2
      vertex -29.4673 -5.48792 -2
    endloop
  endfacet
  facet normal 0 0 1
    outer loop
      vertex -33.8956 -12.128 -2
      vertex -29.4673 -5.48792 -2
      vertex -29.5767 -5.50263 -2
    endloop
  endfacet
  facet normal 0 0 1
    outer loop
      vertex -33.8956 -12.128 -2
      vertex -29.5767 -5.50263 -2
      vertex -29.6868 -5.51196 -2
    endloop
  endfacet
  facet normal 0 0 1
    outer loop
      vertex -33.8956 -12.128 -2
      vertex -29.6868 -5.51196 -2
      vertex -29.7971 -5.51587 -2
    endloop
  endfacet
  facet normal 0 0 1
    outer loop
      vertex -33.8956 -12.128 -2
      vertex -29.7971 -5.51587 -2
      vertex -29.9076 -5.51437 -2
    endloop
  endfacet
  facet normal 0 0 1
    outer loop
      vertex -28.2134 -4.83955 -2
      vertex -29.9329 -20.0005 -2
      vertex -28.9155 -21.4452 -2
    endloop
  endfacet
  facet normal 0 0 1
    outer loop
      vertex -34.4499 -10.4502 -2
      vertex -29.9076 -5.51437 -2
      vertex -30.0178 -5.50744 -2
    endloop
  endfacet
  facet normal 0 0 1
    outer loop
      vertex -34.4499 -10.4502 -2
      vertex -30.0178 -5.50744 -2
      vertex -30.1275 -5.49512 -2
    endloop
  endfacet
  facet normal 0 0 1
    outer loop
      vertex -34.4499 -10.4502 -2
      vertex -30.1275 -5.49512 -2
      vertex -30.2365 -5.47743 -2
    endloop
  endfacet
  facet normal 0 0 1
    outer loop
      vertex -34.4499 -10.4502 -2
      vertex -30.2365 -5.47743 -2
      vertex -30.3446 -5.45441 -2
    endloop
  endfacet
  facet normal 0 0 1
    outer loop
      vertex -34.4499 -10.4502 -2
      vertex -30.3446 -5.45441 -2
      vertex -30.4513 -5.42612 -2
    endloop
  endfacet
  facet normal 0 0 1
    outer loop
      vertex -34.9211 -8.74729 -2
      vertex -30.4513 -5.42612 -2
      vertex -30.5565 -5.39262 -2
    endloop
  endfacet
  facet normal 0 0 1
    outer loop
      vertex -34.9211 -8.74729 -2
      vertex -30.5565 -5.39262 -2
      vertex -30.66 -5.354 -2
    endloop
  endfacet
  facet normal 0 0 1
    outer loop
      vertex -34.9211 -8.74729 -2
      vertex -30.66 -5.354 -2
      vertex -30.7614 -5.31035 -2
    endloop
  endfacet
  facet normal 0 0 1
    outer loop
      vertex -34.9211 -8.74729 -2
      vertex -30.7614 -5.31035 -2
      vertex -30.8606 -5.26178 -2
    endloop
  endfacet
  facet normal 0 0 1
    outer loop
      vertex -28.3754 -4.98961 -2
      vertex -30.8782 -18.5077 -2
      vertex -29.9329 -20.0005 -2
    endloop
  endfacet
  facet normal 0 0 1
    outer loop
      vertex -34.9211 -8.74729 -2
      vertex -30.8606 -5.26178 -2
      vertex -30.9573 -5.2084 -2
    endloop
  endfacet
  facet normal 0 0 1
    outer loop
      vertex -34.9211 -8.74729 -2
      vertex -30.9573 -5.2084 -2
      vertex -31.0512 -5.15034 -2
    endloop
  endfacet
  facet normal 0 0 1
    outer loop
      vertex -34.9211 -8.74729 -2
      vertex -31.0512 -5.15034 -2
      vertex -31.1422 -5.08774 -2
    endloop
  endfacet
  facet normal 0 0 1
    outer loop
      vertex -35.3083 -7.02325 -2
      vertex -31.1422 -5.08774 -2
      vertex -31.23 -5.02075 -2
    endloop
  endfacet
  facet normal 0 0 1
    outer loop
      vertex -35.3083 -7.02325 -2
      vertex -31.23 -5.02075 -2
      vertex -31.3144 -4.94953 -2
    endloop
  endfacet
  facet normal 0 0 1
    outer loop
      vertex -35.3083 -7.02325 -2
      vertex -31.3144 -4.94953 -2
      vertex -31.3952 -4.87426 -2
    endloop
  endfacet
  facet normal 0 0 1
    outer loop
      vertex -35.3083 -7.02325 -2
      vertex -31.3952 -4.87426 -2
      vertex -31.4722 -4.79511 -2
    endloop
  endfacet
  facet normal 0 0 1
    outer loop
      vertex -35.3083 -7.02325 -2
      vertex -31.4722 -4.79511 -2
      vertex -31.5453 -4.71228 -2
    endloop
  endfacet
  facet normal 0 0 1
    outer loop
      vertex -35.3083 -7.02325 -2
      vertex -31.5453 -4.71228 -2
      vertex -31.6142 -4.62596 -2
    endloop
  endfacet
  facet normal 0 0 1
    outer loop
      vertex -35.3083 -7.02325 -2
      vertex -31.6142 -4.62596 -2
      vertex -31.6787 -4.53637 -2
    endloop
  endfacet
  facet normal 0 0 1
    outer loop
      vertex -35.6104 -5.2823 -2
      vertex -31.6787 -4.53637 -2
      vertex -31.7388 -4.44372 -2
    endloop
  endfacet
  facet normal 0 0 1
    outer loop
      vertex -28.5513 -5.12307 -2
      vertex -31.7492 -16.9703 -2
      vertex -30.8782 -18.5077 -2
    endloop
  endfacet
  facet normal 0 0 1
    outer loop
      vertex -35.6104 -5.2823 -2
      vertex -31.7388 -4.44372 -2
      vertex -31.7943 -4.34823 -2
    endloop
  endfacet
  facet normal 0 0 1
    outer loop
      vertex -35.6104 -5.2823 -2
      vertex -31.7943 -4.34823 -2
      vertex -31.8451 -4.25013 -2
    endloop
  endfacet
  facet normal 0 0 1
    outer loop
      vertex -35.6104 -5.2823 -2
      vertex -31.8451 -4.25013 -2
      vertex -31.8909 -4.14967 -2
    endloop
  endfacet
  facet normal 0 0 1
    outer loop
      vertex -35.6104 -5.2823 -2
      vertex -31.8909 -4.14967 -2
      vertex -31.9318 -4.04707 -2
    endloop
  endfacet
  facet normal 0 0 1
    outer loop
      vertex -35.6104 -5.2823 -2
      vertex -31.9318 -4.04707 -2
      vertex -31.9676 -3.94259 -2
    endloop
  endfacet
  facet normal 0 0 1
    outer loop
      vertex -35.6104 -5.2823 -2
      vertex -31.9676 -3.94259 -2
      vertex -31.9982 -3.83649 -2
    endloop
  endfacet
  facet normal 0 0 1
    outer loop
      vertex -35.6104 -5.2823 -2
      vertex -31.9982 -3.83649 -2
      vertex -32.0235 -3.729 -2
    endloop
  endfacet
  facet normal 0 0 1
    outer loop
      vertex -35.8266 -3.52862 -2
      vertex -32.0235 -3.729 -2
      vertex -32.0436 -3.62041 -2
    endloop
  endfacet
  facet normal -0 0 1
    outer loop
      vertex -35.8266 -3.52862 -2
      vertex -32.0436 -3.62041 -2
      vertex -32.0583 -3.51096 -2
    endloop
  endfacet
  facet normal 0 0 1
    outer loop
      vertex -35.8266 -3.52862 -2
      vertex -32.0583 -3.51096 -2
      vertex -32.0676 -3.40092 -2
    endloop
  endfacet
  facet normal 0 0 1
    outer loop
      vertex -35.8266 -3.52862 -2
      vertex -32.0676 -3.40092 -2
      vertex -32.0716 -3.29055 -2
    endloop
  endfacet
  facet normal 0 0 1
    outer loop
      vertex -31.8175 -2.22707 -2
      vertex -35.9566 -1.76644 -2
      vertex -31.866 -2.32625 -2
    endloop
  endfacet
  facet normal 0 0 1
    outer loop
      vertex -28.7395 -5.23864 -2
      vertex -32.5436 -15.392 -2
      vertex -31.7492 -16.9703 -2
    endloop
  endfacet
  facet normal 0 0 1
    outer loop
      vertex -31.866 -2.32625 -2
      vertex -35.9566 -1.76644 -2
      vertex -31.9097 -2.42769 -2
    endloop
  endfacet
  facet normal 0 0 1
    outer loop
      vertex -29.0406 -5.37609 -2
      vertex -33.2597 -13.7766 -2
      vertex -32.5436 -15.392 -2
    endloop
  endfacet
  facet normal 0 0 1
    outer loop
      vertex -31.9097 -2.42769 -2
      vertex -35.9566 -1.76644 -2
      vertex -31.9483 -2.53116 -2
    endloop
  endfacet
  facet normal 0 0 1
    outer loop
      vertex -29.4673 -5.48792 -2
      vertex -33.8956 -12.128 -2
      vertex -33.2597 -13.7766 -2
    endloop
  endfacet
  facet normal 0 0 1
    outer loop
      vertex -31.9483 -2.53116 -2
      vertex -35.9566 -1.76644 -2
      vertex -31.9818 -2.63639 -2
    endloop
  endfacet
  facet normal 0 0 1
    outer loop
      vertex -29.9076 -5.51437 -2
      vertex -34.4499 -10.4502 -2
      vertex -33.8956 -12.128 -2
    endloop
  endfacet
  facet normal 0 0 1
    outer loop
      vertex -31.9818 -2.63639 -2
      vertex -35.9566 -1.76644 -2
      vertex -32.0101 -2.74314 -2
    endloop
  endfacet
  facet normal 0 0 1
    outer loop
      vertex -30.4513 -5.42612 -2
      vertex -34.9211 -8.74729 -2
      vertex -34.4499 -10.4502 -2
    endloop
  endfacet
  facet normal 0 0 1
    outer loop
      vertex -32.0101 -2.74314 -2
      vertex -35.9566 -1.76644 -2
      vertex -32.0331 -2.85115 -2
    endloop
  endfacet
  facet normal 0 0 1
    outer loop
      vertex -31.1422 -5.08774 -2
      vertex -35.3083 -7.02325 -2
      vertex -34.9211 -8.74729 -2
    endloop
  endfacet
  facet normal 0 -0 1
    outer loop
      vertex -35.8266 -3.52862 -2
      vertex -32.0331 -2.85115 -2
      vertex -35.9566 -1.76644 -2
    endloop
  endfacet
  facet normal 0 0 1
    outer loop
      vertex -31.6787 -4.53637 -2
      vertex -35.6104 -5.2823 -2
      vertex -35.3083 -7.02325 -2
    endloop
  endfacet
  facet normal 0 0 1
    outer loop
      vertex -32.0331 -2.85115 -2
      vertex -35.8266 -3.52862 -2
      vertex -32.0508 -2.96016 -2
    endloop
  endfacet
  facet normal 0 0 1
    outer loop
      vertex -32.0235 -3.729 -2
      vertex -35.8266 -3.52862 -2
      vertex -35.6104 -5.2823 -2
    endloop
  endfacet
  facet normal 0 0 1
    outer loop
      vertex -32.0508 -2.96016 -2
      vertex -35.8266 -3.52862 -2
      vertex -32.0631 -3.06991 -2
    endloop
  endfacet
  facet normal 0 0 1
    outer loop
      vertex -32.07 -3.18012 -2
      vertex -35.8266 -3.52862 -2
      vertex -32.0716 -3.29055 -2
    endloop
  endfacet
  facet normal 0 0 1
    outer loop
      vertex -32.0631 -3.06991 -2
      vertex -35.8266 -3.52862 -2
      vertex -32.07 -3.18012 -2
    endloop
  endfacet
  facet normal 0 0 1
    outer loop
      vertex 12.128 33.8956 -2
      vertex -1.32361 28.6861 -2
      vertex 13.7766 33.2597 -2
    endloop
  endfacet
  facet normal 0 0 1
    outer loop
      vertex -1.38167 28.5921 -2
      vertex 13.7766 33.2597 -2
      vertex -1.32361 28.6861 -2
    endloop
  endfacet
  facet normal 0 0 1
    outer loop
      vertex 13.7766 33.2597 -2
      vertex -1.38167 28.5921 -2
      vertex 4.20952 10.1627 -2
    endloop
  endfacet
  facet normal -0 0 1
    outer loop
      vertex -1.44428 28.5012 -2
      vertex 4.20952 10.1627 -2
      vertex -1.38167 28.5921 -2
    endloop
  endfacet
  facet normal 0 0 1
    outer loop
      vertex 4.20952 10.1627 -2
      vertex -1.44428 28.5012 -2
      vertex 3.70579 10.357 -2
    endloop
  endfacet
  facet normal -0 0 1
    outer loop
      vertex -1.51127 28.4134 -2
      vertex 3.70579 10.357 -2
      vertex -1.44428 28.5012 -2
    endloop
  endfacet
  facet normal 0 0 1
    outer loop
      vertex 3.70579 10.357 -2
      vertex -1.51127 28.4134 -2
      vertex 3.19313 10.5263 -2
    endloop
  endfacet
  facet normal -0 0 1
    outer loop
      vertex -1.58248 28.329 -2
      vertex 3.19313 10.5263 -2
      vertex -1.51127 28.4134 -2
    endloop
  endfacet
  facet normal -0 0 1
    outer loop
      vertex -1.65776 28.2481 -2
      vertex 3.19313 10.5263 -2
      vertex -1.58248 28.329 -2
    endloop
  endfacet
  facet normal 0 0 1
    outer loop
      vertex 3.19313 10.5263 -2
      vertex -1.65776 28.2481 -2
      vertex 2.67278 10.6703 -2
    endloop
  endfacet
  facet normal -0 0 1
    outer loop
      vertex -1.7369 28.1711 -2
      vertex 2.67278 10.6703 -2
      vertex -1.65776 28.2481 -2
    endloop
  endfacet
  facet normal -0 0 1
    outer loop
      vertex -1.81973 28.0981 -2
      vertex 2.67278 10.6703 -2
      vertex -1.7369 28.1711 -2
    endloop
  endfacet
  facet normal 0 0 1
    outer loop
      vertex 2.67278 10.6703 -2
      vertex -1.81973 28.0981 -2
      vertex 2.14599 10.7886 -2
    endloop
  endfacet
  facet normal -0 0 1
    outer loop
      vertex -1.90605 28.0292 -2
      vertex 2.14599 10.7886 -2
      vertex -1.81973 28.0981 -2
    endloop
  endfacet
  facet normal -0 0 1
    outer loop
      vertex -1.99564 27.9646 -2
      vertex 2.14599 10.7886 -2
      vertex -1.90605 28.0292 -2
    endloop
  endfacet
  facet normal 0 0 1
    outer loop
      vertex 2.14599 10.7886 -2
      vertex -1.99564 27.9646 -2
      vertex 1.61403 10.8809 -2
    endloop
  endfacet
  facet normal -0 0 1
    outer loop
      vertex -2.08829 27.9045 -2
      vertex 1.61403 10.8809 -2
      vertex -1.99564 27.9646 -2
    endloop
  endfacet
  facet normal 0 0 1
    outer loop
      vertex 1.61403 10.8809 -2
      vertex -2.08829 27.9045 -2
      vertex 1.07819 10.947 -2
    endloop
  endfacet
  facet normal -0 0 1
    outer loop
      vertex -2.18378 27.8491 -2
      vertex 1.07819 10.947 -2
      vertex -2.08829 27.9045 -2
    endloop
  endfacet
  facet normal -0 0 1
    outer loop
      vertex -2.28188 27.7983 -2
      vertex 1.07819 10.947 -2
      vertex -2.18378 27.8491 -2
    endloop
  endfacet
  facet normal 0 0 1
    outer loop
      vertex 1.07819 10.947 -2
      vertex -2.28188 27.7983 -2
      vertex 0.539744 10.9867 -2
    endloop
  endfacet
  facet normal -0 0 1
    outer loop
      vertex -2.38234 27.7525 -2
      vertex 0.539744 10.9867 -2
      vertex -2.28188 27.7983 -2
    endloop
  endfacet
  facet normal -0 0 1
    outer loop
      vertex -2.48494 27.7116 -2
      vertex 0.539744 10.9867 -2
      vertex -2.38234 27.7525 -2
    endloop
  endfacet
  facet normal 0 0 1
    outer loop
      vertex 0.539744 10.9867 -2
      vertex -2.48494 27.7116 -2
      vertex 0 11 -2
    endloop
  endfacet
  facet normal -0 0 1
    outer loop
      vertex -2.58942 27.6758 -2
      vertex 0 11 -2
      vertex -2.48494 27.7116 -2
    endloop
  endfacet
  facet normal -0 0 1
    outer loop
      vertex -2.69553 27.6452 -2
      vertex 0 11 -2
      vertex -2.58942 27.6758 -2
    endloop
  endfacet
  facet normal 0 0 1
    outer loop
      vertex 0 11 -2
      vertex -2.69553 27.6452 -2
      vertex -0.539744 10.9867 -2
    endloop
  endfacet
  facet normal -0 0 1
    outer loop
      vertex -2.80301 27.6198 -2
      vertex -0.539744 10.9867 -2
      vertex -2.69553 27.6452 -2
    endloop
  endfacet
  facet normal -0 0 1
    outer loop
      vertex -2.9116 27.5998 -2
      vertex -0.539744 10.9867 -2
      vertex -2.80301 27.6198 -2
    endloop
  endfacet
  facet normal 0 0 1
    outer loop
      vertex -0.539744 10.9867 -2
      vertex -2.9116 27.5998 -2
      vertex -1.07819 10.947 -2
    endloop
  endfacet
  facet normal -0 0 1
    outer loop
      vertex -3.02106 27.5851 -2
      vertex -1.07819 10.947 -2
      vertex -2.9116 27.5998 -2
    endloop
  endfacet
  facet normal 0 0 1
    outer loop
      vertex -1.07819 10.947 -2
      vertex -3.02106 27.5851 -2
      vertex -1.61403 10.8809 -2
    endloop
  endfacet
  facet normal -0 0 1
    outer loop
      vertex -3.1311 27.5757 -2
      vertex -1.61403 10.8809 -2
      vertex -3.02106 27.5851 -2
    endloop
  endfacet
  facet normal -0 0 1
    outer loop
      vertex -3.24146 27.5718 -2
      vertex -1.61403 10.8809 -2
      vertex -3.1311 27.5757 -2
    endloop
  endfacet
  facet normal 0 0 1
    outer loop
      vertex -1.61403 10.8809 -2
      vertex -3.24146 27.5718 -2
      vertex -2.14599 10.7886 -2
    endloop
  endfacet
  facet normal 0 0 1
    outer loop
      vertex -3.35189 27.5733 -2
      vertex -2.14599 10.7886 -2
      vertex -3.24146 27.5718 -2
    endloop
  endfacet
  facet normal 0 0 1
    outer loop
      vertex -3.46211 27.5803 -2
      vertex -2.14599 10.7886 -2
      vertex -3.35189 27.5733 -2
    endloop
  endfacet
  facet normal 0 0 1
    outer loop
      vertex -2.14599 10.7886 -2
      vertex -3.46211 27.5803 -2
      vertex -2.67278 10.6703 -2
    endloop
  endfacet
  facet normal 0 0 1
    outer loop
      vertex -3.57185 27.5926 -2
      vertex -2.67278 10.6703 -2
      vertex -3.46211 27.5803 -2
    endloop
  endfacet
  facet normal 0 0 1
    outer loop
      vertex -3.68086 27.6103 -2
      vertex -2.67278 10.6703 -2
      vertex -3.57185 27.5926 -2
    endloop
  endfacet
  facet normal 0 0 1
    outer loop
      vertex -2.67278 10.6703 -2
      vertex -3.68086 27.6103 -2
      vertex -3.19313 10.5263 -2
    endloop
  endfacet
  facet normal 0 0 1
    outer loop
      vertex -3.78887 27.6333 -2
      vertex -3.19313 10.5263 -2
      vertex -3.68086 27.6103 -2
    endloop
  endfacet
  facet normal 0 0 1
    outer loop
      vertex -3.89562 27.6616 -2
      vertex -3.19313 10.5263 -2
      vertex -3.78887 27.6333 -2
    endloop
  endfacet
  facet normal 0 0 1
    outer loop
      vertex -3.19313 10.5263 -2
      vertex -3.89562 27.6616 -2
      vertex -3.70579 10.357 -2
    endloop
  endfacet
  facet normal 0 0 1
    outer loop
      vertex -4.00085 27.6951 -2
      vertex -3.70579 10.357 -2
      vertex -3.89562 27.6616 -2
    endloop
  endfacet
  facet normal 0 0 1
    outer loop
      vertex -4.10432 27.7337 -2
      vertex -3.70579 10.357 -2
      vertex -4.00085 27.6951 -2
    endloop
  endfacet
  facet normal 0 0 1
    outer loop
      vertex -4.20952 10.1627 -2
      vertex -4.10432 27.7337 -2
      vertex -4.20576 27.7773 -2
    endloop
  endfacet
  facet normal 0 0 1
    outer loop
      vertex -4.10432 27.7337 -2
      vertex -4.20952 10.1627 -2
      vertex -3.70579 10.357 -2
    endloop
  endfacet
  facet normal 0 0 1
    outer loop
      vertex -4.70311 9.94388 -2
      vertex -4.20576 27.7773 -2
      vertex -4.30494 27.8259 -2
    endloop
  endfacet
  facet normal 0 0 1
    outer loop
      vertex -4.70311 9.94388 -2
      vertex -4.30494 27.8259 -2
      vertex -4.40162 27.8793 -2
    endloop
  endfacet
  facet normal 0 0 1
    outer loop
      vertex -5.18536 9.70113 -2
      vertex -4.40162 27.8793 -2
      vertex -4.49556 27.9374 -2
    endloop
  endfacet
  facet normal 0 0 1
    outer loop
      vertex -5.18536 9.70113 -2
      vertex -4.49556 27.9374 -2
      vertex -4.58654 28 -2
    endloop
  endfacet
  facet normal 0 0 1
    outer loop
      vertex -5.65513 9.43501 -2
      vertex -4.58654 28 -2
      vertex -4.67433 28.0669 -2
    endloop
  endfacet
  facet normal 0 0 1
    outer loop
      vertex -4.20576 27.7773 -2
      vertex -4.70311 9.94388 -2
      vertex -4.20952 10.1627 -2
    endloop
  endfacet
  facet normal 0 0 1
    outer loop
      vertex -6.11127 9.14616 -2
      vertex -4.67433 28.0669 -2
      vertex -4.75874 28.1382 -2
    endloop
  endfacet
  facet normal 0 0 1
    outer loop
      vertex -6.11127 9.14616 -2
      vertex -4.75874 28.1382 -2
      vertex -4.83955 28.2134 -2
    endloop
  endfacet
  facet normal 0 0 1
    outer loop
      vertex -20.0005 29.9329 -2
      vertex -4.83955 28.2134 -2
      vertex -4.91656 28.2926 -2
    endloop
  endfacet
  facet normal 0 0 1
    outer loop
      vertex -20.0005 29.9329 -2
      vertex -4.91656 28.2926 -2
      vertex -4.98961 28.3754 -2
    endloop
  endfacet
  facet normal 0 0 1
    outer loop
      vertex -18.5077 30.8782 -2
      vertex -4.98961 28.3754 -2
      vertex -5.05849 28.4617 -2
    endloop
  endfacet
  facet normal 0 0 1
    outer loop
      vertex -18.5077 30.8782 -2
      vertex -5.05849 28.4617 -2
      vertex -5.12307 28.5513 -2
    endloop
  endfacet
  facet normal 0 0 1
    outer loop
      vertex -16.9703 31.7492 -2
      vertex -5.12307 28.5513 -2
      vertex -5.18316 28.644 -2
    endloop
  endfacet
  facet normal 0 0 1
    outer loop
      vertex -4.40162 27.8793 -2
      vertex -5.18536 9.70113 -2
      vertex -4.70311 9.94388 -2
    endloop
  endfacet
  facet normal 0 0 1
    outer loop
      vertex -16.9703 31.7492 -2
      vertex -5.18316 28.644 -2
      vertex -5.23864 28.7395 -2
    endloop
  endfacet
  facet normal 0 0 1
    outer loop
      vertex -15.392 32.5436 -2
      vertex -5.23864 28.7395 -2
      vertex -5.28937 28.8376 -2
    endloop
  endfacet
  facet normal 0 0 1
    outer loop
      vertex -15.392 32.5436 -2
      vertex -5.28937 28.8376 -2
      vertex -5.33522 28.938 -2
    endloop
  endfacet
  facet normal 0 0 1
    outer loop
      vertex -15.392 32.5436 -2
      vertex -5.33522 28.938 -2
      vertex -5.37609 29.0406 -2
    endloop
  endfacet
  facet normal 0 0 1
    outer loop
      vertex -13.7766 33.2597 -2
      vertex -5.37609 29.0406 -2
      vertex -5.41187 29.1451 -2
    endloop
  endfacet
  facet normal 0 0 1
    outer loop
      vertex -13.7766 33.2597 -2
      vertex -5.41187 29.1451 -2
      vertex -5.44248 29.2512 -2
    endloop
  endfacet
  facet normal 0 0 1
    outer loop
      vertex -13.7766 33.2597 -2
      vertex -5.44248 29.2512 -2
      vertex -5.46785 29.3587 -2
    endloop
  endfacet
  facet normal 0 0 1
    outer loop
      vertex -13.7766 33.2597 -2
      vertex -5.46785 29.3587 -2
      vertex -5.48792 29.4673 -2
    endloop
  endfacet
  facet normal 0 0 1
    outer loop
      vertex -12.128 33.8956 -2
      vertex -5.48792 29.4673 -2
      vertex -5.50263 29.5767 -2
    endloop
  endfacet
  facet normal 0 0 1
    outer loop
      vertex -12.128 33.8956 -2
      vertex -5.50263 29.5767 -2
      vertex -5.51196 29.6868 -2
    endloop
  endfacet
  facet normal 0 0 1
    outer loop
      vertex -12.128 33.8956 -2
      vertex -5.51196 29.6868 -2
      vertex -5.51587 29.7971 -2
    endloop
  endfacet
  facet normal 0 0 1
    outer loop
      vertex -4.58654 28 -2
      vertex -5.65513 9.43501 -2
      vertex -5.18536 9.70113 -2
    endloop
  endfacet
  facet normal 0 0 1
    outer loop
      vertex 12.128 -33.8956 -2
      vertex 5.51196 -29.6868 -2
      vertex 5.51587 -29.7971 -2
    endloop
  endfacet
  facet normal 0 0 1
    outer loop
      vertex 6.11127 -9.14616 -2
      vertex 5.50263 -29.5767 -2
      vertex 5.51196 -29.6868 -2
    endloop
  endfacet
  facet normal 0 0 1
    outer loop
      vertex 6.11127 -9.14616 -2
      vertex 5.48792 -29.4673 -2
      vertex 5.50263 -29.5767 -2
    endloop
  endfacet
  facet normal 0 0 1
    outer loop
      vertex 6.11127 -9.14616 -2
      vertex 5.46785 -29.3587 -2
      vertex 5.48792 -29.4673 -2
    endloop
  endfacet
  facet normal 0 0 1
    outer loop
      vertex 6.11127 -9.14616 -2
      vertex 5.44248 -29.2512 -2
      vertex 5.46785 -29.3587 -2
    endloop
  endfacet
  facet normal 0 0 1
    outer loop
      vertex 6.11127 -9.14616 -2
      vertex 5.41187 -29.1451 -2
      vertex 5.44248 -29.2512 -2
    endloop
  endfacet
  facet normal 0 0 1
    outer loop
      vertex 6.11127 -9.14616 -2
      vertex 5.37609 -29.0406 -2
      vertex 5.41187 -29.1451 -2
    endloop
  endfacet
  facet normal 0 0 1
    outer loop
      vertex 6.11127 -9.14616 -2
      vertex 5.33522 -28.938 -2
      vertex 5.37609 -29.0406 -2
    endloop
  endfacet
  facet normal 0 0 1
    outer loop
      vertex 6.11127 -9.14616 -2
      vertex 5.28937 -28.8376 -2
      vertex 5.33522 -28.938 -2
    endloop
  endfacet
  facet normal 0 0 1
    outer loop
      vertex 6.11127 -9.14616 -2
      vertex 5.23864 -28.7395 -2
      vertex 5.28937 -28.8376 -2
    endloop
  endfacet
  facet normal 0 0 1
    outer loop
      vertex 4.58654 -28 -2
      vertex 5.65513 -9.43501 -2
      vertex 5.18536 -9.70113 -2
    endloop
  endfacet
  facet normal 0 0 1
    outer loop
      vertex 6.11127 -9.14616 -2
      vertex 5.18316 -28.644 -2
      vertex 5.23864 -28.7395 -2
    endloop
  endfacet
  facet normal 0 0 1
    outer loop
      vertex 6.11127 -9.14616 -2
      vertex 5.12307 -28.5513 -2
      vertex 5.18316 -28.644 -2
    endloop
  endfacet
  facet normal 0 0 1
    outer loop
      vertex 6.11127 -9.14616 -2
      vertex 5.05849 -28.4617 -2
      vertex 5.12307 -28.5513 -2
    endloop
  endfacet
  facet normal 0 0 1
    outer loop
      vertex 6.11127 -9.14616 -2
      vertex 4.98961 -28.3754 -2
      vertex 5.05849 -28.4617 -2
    endloop
  endfacet
  facet normal 0 0 1
    outer loop
      vertex 6.11127 -9.14616 -2
      vertex 4.91656 -28.2926 -2
      vertex 4.98961 -28.3754 -2
    endloop
  endfacet
  facet normal 0 0 1
    outer loop
      vertex 6.11127 -9.14616 -2
      vertex 4.83955 -28.2134 -2
      vertex 4.91656 -28.2926 -2
    endloop
  endfacet
  facet normal 0 0 1
    outer loop
      vertex 6.11127 -9.14616 -2
      vertex 4.75874 -28.1382 -2
      vertex 4.83955 -28.2134 -2
    endloop
  endfacet
  facet normal 0 0 1
    outer loop
      vertex 4.40162 -27.8793 -2
      vertex 5.18536 -9.70113 -2
      vertex 4.70311 -9.94388 -2
    endloop
  endfacet
  facet normal 0 0 1
    outer loop
      vertex 6.11127 -9.14616 -2
      vertex 4.67433 -28.0669 -2
      vertex 4.75874 -28.1382 -2
    endloop
  endfacet
  facet normal 0 0 1
    outer loop
      vertex 5.65513 -9.43501 -2
      vertex 4.58654 -28 -2
      vertex 4.67433 -28.0669 -2
    endloop
  endfacet
  facet normal 0 0 1
    outer loop
      vertex 5.18536 -9.70113 -2
      vertex 4.49556 -27.9374 -2
      vertex 4.58654 -28 -2
    endloop
  endfacet
  facet normal 0 0 1
    outer loop
      vertex 5.18536 -9.70113 -2
      vertex 4.40162 -27.8793 -2
      vertex 4.49556 -27.9374 -2
    endloop
  endfacet
  facet normal 0 0 1
    outer loop
      vertex 4.70311 -9.94388 -2
      vertex 4.30494 -27.8259 -2
      vertex 4.40162 -27.8793 -2
    endloop
  endfacet
  facet normal 0 0 1
    outer loop
      vertex 4.20576 -27.7773 -2
      vertex 4.70311 -9.94388 -2
      vertex 4.20952 -10.1627 -2
    endloop
  endfacet
  facet normal 0 0 1
    outer loop
      vertex 4.70311 -9.94388 -2
      vertex 4.20576 -27.7773 -2
      vertex 4.30494 -27.8259 -2
    endloop
  endfacet
  facet normal 0 0 1
    outer loop
      vertex 4.20952 -10.1627 -2
      vertex 4.10432 -27.7337 -2
      vertex 4.20576 -27.7773 -2
    endloop
  endfacet
  facet normal 0 0 1
    outer loop
      vertex 4.20952 -10.1627 -2
      vertex 4.00085 -27.6951 -2
      vertex 4.10432 -27.7337 -2
    endloop
  endfacet
  facet normal -0 0 1
    outer loop
      vertex 3.70579 -10.357 -2
      vertex 4.00085 -27.6951 -2
      vertex 4.20952 -10.1627 -2
    endloop
  endfacet
  facet normal 0 0 1
    outer loop
      vertex 4.00085 -27.6951 -2
      vertex 3.70579 -10.357 -2
      vertex 3.89562 -27.6616 -2
    endloop
  endfacet
  facet normal -0 0 1
    outer loop
      vertex 3.19313 -10.5263 -2
      vertex 3.89562 -27.6616 -2
      vertex 3.70579 -10.357 -2
    endloop
  endfacet
  facet normal 0 0 1
    outer loop
      vertex 3.89562 -27.6616 -2
      vertex 3.19313 -10.5263 -2
      vertex 3.78887 -27.6333 -2
    endloop
  endfacet
  facet normal 0 0 1
    outer loop
      vertex 3.78887 -27.6333 -2
      vertex 3.19313 -10.5263 -2
      vertex 3.68086 -27.6103 -2
    endloop
  endfacet
  facet normal -0 0 1
    outer loop
      vertex 2.67278 -10.6703 -2
      vertex 3.68086 -27.6103 -2
      vertex 3.19313 -10.5263 -2
    endloop
  endfacet
  facet normal 0 0 1
    outer loop
      vertex 3.68086 -27.6103 -2
      vertex 2.67278 -10.6703 -2
      vertex 3.57185 -27.5926 -2
    endloop
  endfacet
  facet normal 0 0 1
    outer loop
      vertex 3.57185 -27.5926 -2
      vertex 2.67278 -10.6703 -2
      vertex 3.46211 -27.5803 -2
    endloop
  endfacet
  facet normal -0 0 1
    outer loop
      vertex 2.14599 -10.7886 -2
      vertex 3.46211 -27.5803 -2
      vertex 2.67278 -10.6703 -2
    endloop
  endfacet
  facet normal 0 0 1
    outer loop
      vertex 3.46211 -27.5803 -2
      vertex 2.14599 -10.7886 -2
      vertex 3.35189 -27.5733 -2
    endloop
  endfacet
  facet normal 0 0 1
    outer loop
      vertex 3.35189 -27.5733 -2
      vertex 2.14599 -10.7886 -2
      vertex 3.24146 -27.5718 -2
    endloop
  endfacet
  facet normal -0 0 1
    outer loop
      vertex 1.61403 -10.8809 -2
      vertex 3.24146 -27.5718 -2
      vertex 2.14599 -10.7886 -2
    endloop
  endfacet
  facet normal 0 0 1
    outer loop
      vertex 3.24146 -27.5718 -2
      vertex 1.61403 -10.8809 -2
      vertex 3.1311 -27.5757 -2
    endloop
  endfacet
  facet normal 0 0 1
    outer loop
      vertex 3.1311 -27.5757 -2
      vertex 1.61403 -10.8809 -2
      vertex 3.02106 -27.5851 -2
    endloop
  endfacet
  facet normal -0 0 1
    outer loop
      vertex 1.07819 -10.947 -2
      vertex 3.02106 -27.5851 -2
      vertex 1.61403 -10.8809 -2
    endloop
  endfacet
  facet normal 0 0 1
    outer loop
      vertex 3.02106 -27.5851 -2
      vertex 1.07819 -10.947 -2
      vertex 2.9116 -27.5998 -2
    endloop
  endfacet
  facet normal -0 0 1
    outer loop
      vertex 0.539744 -10.9867 -2
      vertex 2.9116 -27.5998 -2
      vertex 1.07819 -10.947 -2
    endloop
  endfacet
  facet normal 0 0 1
    outer loop
      vertex 2.9116 -27.5998 -2
      vertex 0.539744 -10.9867 -2
      vertex 2.80301 -27.6198 -2
    endloop
  endfacet
  facet normal 0 0 1
    outer loop
      vertex 2.80301 -27.6198 -2
      vertex 0.539744 -10.9867 -2
      vertex 2.69553 -27.6452 -2
    endloop
  endfacet
  facet normal -0 0 1
    outer loop
      vertex 0 -11 -2
      vertex 2.69553 -27.6452 -2
      vertex 0.539744 -10.9867 -2
    endloop
  endfacet
  facet normal 0 0 1
    outer loop
      vertex 2.69553 -27.6452 -2
      vertex 0 -11 -2
      vertex 2.58942 -27.6758 -2
    endloop
  endfacet
  facet normal 0 0 1
    outer loop
      vertex 2.58942 -27.6758 -2
      vertex 0 -11 -2
      vertex 2.48494 -27.7116 -2
    endloop
  endfacet
  facet normal 0 0 1
    outer loop
      vertex -0.539744 -10.9867 -2
      vertex 2.48494 -27.7116 -2
      vertex 0 -11 -2
    endloop
  endfacet
  facet normal 0 0 1
    outer loop
      vertex 2.48494 -27.7116 -2
      vertex -0.539744 -10.9867 -2
      vertex 2.38234 -27.7525 -2
    endloop
  endfacet
  facet normal 0 0 1
    outer loop
      vertex 2.38234 -27.7525 -2
      vertex -0.539744 -10.9867 -2
      vertex 2.28188 -27.7983 -2
    endloop
  endfacet
  facet normal 0 0 1
    outer loop
      vertex -1.07819 -10.947 -2
      vertex 2.28188 -27.7983 -2
      vertex -0.539744 -10.9867 -2
    endloop
  endfacet
  facet normal 0 0 1
    outer loop
      vertex 2.28188 -27.7983 -2
      vertex -1.07819 -10.947 -2
      vertex 2.18378 -27.8491 -2
    endloop
  endfacet
  facet normal 0 0 1
    outer loop
      vertex 2.18378 -27.8491 -2
      vertex -1.07819 -10.947 -2
      vertex 2.08829 -27.9045 -2
    endloop
  endfacet
  facet normal 0 0 1
    outer loop
      vertex -1.61403 -10.8809 -2
      vertex 2.08829 -27.9045 -2
      vertex -1.07819 -10.947 -2
    endloop
  endfacet
  facet normal 0 0 1
    outer loop
      vertex 2.08829 -27.9045 -2
      vertex -1.61403 -10.8809 -2
      vertex 1.99564 -27.9646 -2
    endloop
  endfacet
  facet normal 0 0 1
    outer loop
      vertex -2.14599 -10.7886 -2
      vertex 1.99564 -27.9646 -2
      vertex -1.61403 -10.8809 -2
    endloop
  endfacet
  facet normal 0 0 1
    outer loop
      vertex 1.99564 -27.9646 -2
      vertex -2.14599 -10.7886 -2
      vertex 1.90605 -28.0292 -2
    endloop
  endfacet
  facet normal 0 0 1
    outer loop
      vertex 1.90605 -28.0292 -2
      vertex -2.14599 -10.7886 -2
      vertex 1.81973 -28.0981 -2
    endloop
  endfacet
  facet normal 0 0 1
    outer loop
      vertex -2.67278 -10.6703 -2
      vertex 1.81973 -28.0981 -2
      vertex -2.14599 -10.7886 -2
    endloop
  endfacet
  facet normal 0 0 1
    outer loop
      vertex 1.81973 -28.0981 -2
      vertex -2.67278 -10.6703 -2
      vertex 1.7369 -28.1711 -2
    endloop
  endfacet
  facet normal 0 0 1
    outer loop
      vertex 1.7369 -28.1711 -2
      vertex -2.67278 -10.6703 -2
      vertex 1.65776 -28.2481 -2
    endloop
  endfacet
  facet normal 0 0 1
    outer loop
      vertex -3.19313 -10.5263 -2
      vertex 1.65776 -28.2481 -2
      vertex -2.67278 -10.6703 -2
    endloop
  endfacet
  facet normal 0 0 1
    outer loop
      vertex 1.65776 -28.2481 -2
      vertex -3.19313 -10.5263 -2
      vertex 1.58248 -28.329 -2
    endloop
  endfacet
  facet normal 0 0 1
    outer loop
      vertex 1.58248 -28.329 -2
      vertex -3.19313 -10.5263 -2
      vertex 1.51127 -28.4134 -2
    endloop
  endfacet
  facet normal 0 0 1
    outer loop
      vertex -3.70579 -10.357 -2
      vertex 1.51127 -28.4134 -2
      vertex -3.19313 -10.5263 -2
    endloop
  endfacet
  facet normal 0 0 1
    outer loop
      vertex 1.51127 -28.4134 -2
      vertex -3.70579 -10.357 -2
      vertex 1.44428 -28.5012 -2
    endloop
  endfacet
  facet normal 0 0 1
    outer loop
      vertex -4.20952 -10.1627 -2
      vertex 1.44428 -28.5012 -2
      vertex -3.70579 -10.357 -2
    endloop
  endfacet
  facet normal 0 0 1
    outer loop
      vertex 1.44428 -28.5012 -2
      vertex -4.20952 -10.1627 -2
      vertex 1.38167 -28.5921 -2
    endloop
  endfacet
  facet normal 0 0 1
    outer loop
      vertex -13.7766 -33.2597 -2
      vertex 1.38167 -28.5921 -2
      vertex -4.20952 -10.1627 -2
    endloop
  endfacet
  facet normal 0 0 1
    outer loop
      vertex 1.38167 -28.5921 -2
      vertex -13.7766 -33.2597 -2
      vertex 1.32361 -28.6861 -2
    endloop
  endfacet
  facet normal 0 -0 1
    outer loop
      vertex -12.128 -33.8956 -2
      vertex 1.32361 -28.6861 -2
      vertex -13.7766 -33.2597 -2
    endloop
  endfacet
  facet normal -0 0 1
    outer loop
      vertex 8.83528 -6.55269 -2
      vertex 28.9155 -21.4452 -2
      vertex 9.14616 -6.11127 -2
    endloop
  endfacet
  facet normal 0 0 1
    outer loop
      vertex 28.9155 -21.4452 -2
      vertex 8.83528 -6.55269 -2
      vertex 27.8284 -22.8382 -2
    endloop
  endfacet
  facet normal -0 0 1
    outer loop
      vertex 8.50311 -6.97833 -2
      vertex 27.8284 -22.8382 -2
      vertex 8.83528 -6.55269 -2
    endloop
  endfacet
  facet normal 0 0 1
    outer loop
      vertex 27.8284 -22.8382 -2
      vertex 8.50311 -6.97833 -2
      vertex 26.6742 -24.1761 -2
    endloop
  endfacet
  facet normal -0 0 1
    outer loop
      vertex 8.15046 -7.38715 -2
      vertex 26.6742 -24.1761 -2
      vertex 8.50311 -6.97833 -2
    endloop
  endfacet
  facet normal 0 0 1
    outer loop
      vertex 26.6742 -24.1761 -2
      vertex 8.15046 -7.38715 -2
      vertex 25.4558 -25.4558 -2
    endloop
  endfacet
  facet normal -0 0 1
    outer loop
      vertex 7.77817 -7.77817 -2
      vertex 25.4558 -25.4558 -2
      vertex 8.15046 -7.38715 -2
    endloop
  endfacet
  facet normal 0 0 1
    outer loop
      vertex 25.4558 -25.4558 -2
      vertex 7.77817 -7.77817 -2
      vertex 24.1761 -26.6742 -2
    endloop
  endfacet
  facet normal -0 0 1
    outer loop
      vertex 7.38715 -8.15046 -2
      vertex 24.1761 -26.6742 -2
      vertex 7.77817 -7.77817 -2
    endloop
  endfacet
  facet normal 0 0 1
    outer loop
      vertex 24.1761 -26.6742 -2
      vertex 7.38715 -8.15046 -2
      vertex 22.8382 -27.8284 -2
    endloop
  endfacet
  facet normal -0 0 1
    outer loop
      vertex 6.97833 -8.50311 -2
      vertex 22.8382 -27.8284 -2
      vertex 7.38715 -8.15046 -2
    endloop
  endfacet
  facet normal 0 0 1
    outer loop
      vertex 22.8382 -27.8284 -2
      vertex 6.97833 -8.50311 -2
      vertex 21.4452 -28.9155 -2
    endloop
  endfacet
  facet normal -0 0 1
    outer loop
      vertex 6.55269 -8.83528 -2
      vertex 21.4452 -28.9155 -2
      vertex 6.97833 -8.50311 -2
    endloop
  endfacet
  facet normal 0 0 1
    outer loop
      vertex 21.4452 -28.9155 -2
      vertex 6.55269 -8.83528 -2
      vertex 20.0005 -29.9329 -2
    endloop
  endfacet
  facet normal -0 0 1
    outer loop
      vertex 6.11127 -9.14616 -2
      vertex 20.0005 -29.9329 -2
      vertex 6.55269 -8.83528 -2
    endloop
  endfacet
  facet normal -0 0 1
    outer loop
      vertex 5.51196 -29.6868 -2
      vertex 20.0005 -29.9329 -2
      vertex 6.11127 -9.14616 -2
    endloop
  endfacet
  facet normal 0 0 1
    outer loop
      vertex 5.51196 -29.6868 -2
      vertex 18.5077 -30.8782 -2
      vertex 20.0005 -29.9329 -2
    endloop
  endfacet
  facet normal -0 0 1
    outer loop
      vertex 5.51437 -29.9076 -2
      vertex 12.128 -33.8956 -2
      vertex 5.51587 -29.7971 -2
    endloop
  endfacet
  facet normal 0 0 1
    outer loop
      vertex 5.51196 -29.6868 -2
      vertex 16.9703 -31.7492 -2
      vertex 18.5077 -30.8782 -2
    endloop
  endfacet
  facet normal 0 0 1
    outer loop
      vertex 12.128 -33.8956 -2
      vertex 5.51437 -29.9076 -2
      vertex 10.4502 -34.4499 -2
    endloop
  endfacet
  facet normal 0 0 1
    outer loop
      vertex 5.51196 -29.6868 -2
      vertex 12.128 -33.8956 -2
      vertex 13.7766 -33.2597 -2
    endloop
  endfacet
  facet normal 0 0 1
    outer loop
      vertex 5.51196 -29.6868 -2
      vertex 13.7766 -33.2597 -2
      vertex 15.392 -32.5436 -2
    endloop
  endfacet
  facet normal 0 0 1
    outer loop
      vertex 5.51196 -29.6868 -2
      vertex 15.392 -32.5436 -2
      vertex 16.9703 -31.7492 -2
    endloop
  endfacet
  facet normal 0 0 1
    outer loop
      vertex 4.67433 -28.0669 -2
      vertex 6.11127 -9.14616 -2
      vertex 5.65513 -9.43501 -2
    endloop
  endfacet
  facet normal -0 0 1
    outer loop
      vertex 5.50744 -30.0178 -2
      vertex 10.4502 -34.4499 -2
      vertex 5.51437 -29.9076 -2
    endloop
  endfacet
  facet normal -0 0 1
    outer loop
      vertex 5.49512 -30.1275 -2
      vertex 10.4502 -34.4499 -2
      vertex 5.50744 -30.0178 -2
    endloop
  endfacet
  facet normal -0 0 1
    outer loop
      vertex 5.47743 -30.2365 -2
      vertex 10.4502 -34.4499 -2
      vertex 5.49512 -30.1275 -2
    endloop
  endfacet
  facet normal -0 0 1
    outer loop
      vertex 5.45441 -30.3446 -2
      vertex 10.4502 -34.4499 -2
      vertex 5.47743 -30.2365 -2
    endloop
  endfacet
  facet normal -0 0 1
    outer loop
      vertex 5.42612 -30.4513 -2
      vertex 10.4502 -34.4499 -2
      vertex 5.45441 -30.3446 -2
    endloop
  endfacet
  facet normal 0 0 1
    outer loop
      vertex 10.4502 -34.4499 -2
      vertex 5.42612 -30.4513 -2
      vertex 8.74729 -34.9211 -2
    endloop
  endfacet
  facet normal -0 0 1
    outer loop
      vertex 5.39262 -30.5565 -2
      vertex 8.74729 -34.9211 -2
      vertex 5.42612 -30.4513 -2
    endloop
  endfacet
  facet normal -0 0 1
    outer loop
      vertex 5.354 -30.66 -2
      vertex 8.74729 -34.9211 -2
      vertex 5.39262 -30.5565 -2
    endloop
  endfacet
  facet normal -0 0 1
    outer loop
      vertex 5.31035 -30.7614 -2
      vertex 8.74729 -34.9211 -2
      vertex 5.354 -30.66 -2
    endloop
  endfacet
  facet normal -0 0 1
    outer loop
      vertex 5.26178 -30.8606 -2
      vertex 8.74729 -34.9211 -2
      vertex 5.31035 -30.7614 -2
    endloop
  endfacet
  facet normal -0 0 1
    outer loop
      vertex 5.2084 -30.9573 -2
      vertex 8.74729 -34.9211 -2
      vertex 5.26178 -30.8606 -2
    endloop
  endfacet
  facet normal -0 0 1
    outer loop
      vertex 5.15034 -31.0512 -2
      vertex 8.74729 -34.9211 -2
      vertex 5.2084 -30.9573 -2
    endloop
  endfacet
  facet normal 0 0 1
    outer loop
      vertex 8.74729 -34.9211 -2
      vertex 5.15034 -31.0512 -2
      vertex 7.02325 -35.3083 -2
    endloop
  endfacet
  facet normal -0 0 1
    outer loop
      vertex 5.08774 -31.1422 -2
      vertex 7.02325 -35.3083 -2
      vertex 5.15034 -31.0512 -2
    endloop
  endfacet
  facet normal -0 0 1
    outer loop
      vertex 5.02075 -31.23 -2
      vertex 7.02325 -35.3083 -2
      vertex 5.08774 -31.1422 -2
    endloop
  endfacet
  facet normal -0 0 1
    outer loop
      vertex 4.94953 -31.3144 -2
      vertex 7.02325 -35.3083 -2
      vertex 5.02075 -31.23 -2
    endloop
  endfacet
  facet normal -0 0 1
    outer loop
      vertex 4.87426 -31.3952 -2
      vertex 7.02325 -35.3083 -2
      vertex 4.94953 -31.3144 -2
    endloop
  endfacet
  facet normal -0 0 1
    outer loop
      vertex 4.79511 -31.4722 -2
      vertex 7.02325 -35.3083 -2
      vertex 4.87426 -31.3952 -2
    endloop
  endfacet
  facet normal -0 0 1
    outer loop
      vertex 4.71228 -31.5453 -2
      vertex 7.02325 -35.3083 -2
      vertex 4.79511 -31.4722 -2
    endloop
  endfacet
  facet normal -0 0 1
    outer loop
      vertex 4.62596 -31.6142 -2
      vertex 7.02325 -35.3083 -2
      vertex 4.71228 -31.5453 -2
    endloop
  endfacet
  facet normal -0 0 1
    outer loop
      vertex 4.53637 -31.6787 -2
      vertex 7.02325 -35.3083 -2
      vertex 4.62596 -31.6142 -2
    endloop
  endfacet
  facet normal 0 0 1
    outer loop
      vertex 7.02325 -35.3083 -2
      vertex 4.53637 -31.6787 -2
      vertex 5.2823 -35.6104 -2
    endloop
  endfacet
  facet normal -0 0 1
    outer loop
      vertex 4.44372 -31.7388 -2
      vertex 5.2823 -35.6104 -2
      vertex 4.53637 -31.6787 -2
    endloop
  endfacet
  facet normal -0 0 1
    outer loop
      vertex 4.34823 -31.7943 -2
      vertex 5.2823 -35.6104 -2
      vertex 4.44372 -31.7388 -2
    endloop
  endfacet
  facet normal -0 0 1
    outer loop
      vertex 4.25013 -31.8451 -2
      vertex 5.2823 -35.6104 -2
      vertex 4.34823 -31.7943 -2
    endloop
  endfacet
  facet normal -0 0 1
    outer loop
      vertex 4.14967 -31.8909 -2
      vertex 5.2823 -35.6104 -2
      vertex 4.25013 -31.8451 -2
    endloop
  endfacet
  facet normal -0 0 1
    outer loop
      vertex 4.04707 -31.9318 -2
      vertex 5.2823 -35.6104 -2
      vertex 4.14967 -31.8909 -2
    endloop
  endfacet
  facet normal -0 0 1
    outer loop
      vertex 3.94259 -31.9676 -2
      vertex 5.2823 -35.6104 -2
      vertex 4.04707 -31.9318 -2
    endloop
  endfacet
  facet normal -0 0 1
    outer loop
      vertex 3.83649 -31.9982 -2
      vertex 5.2823 -35.6104 -2
      vertex 3.94259 -31.9676 -2
    endloop
  endfacet
  facet normal -0 0 1
    outer loop
      vertex 3.729 -32.0235 -2
      vertex 5.2823 -35.6104 -2
      vertex 3.83649 -31.9982 -2
    endloop
  endfacet
  facet normal 0 0 1
    outer loop
      vertex 3.52862 -35.8266 -2
      vertex 3.729 -32.0235 -2
      vertex 3.62041 -32.0436 -2
    endloop
  endfacet
  facet normal 0 0 1
    outer loop
      vertex 3.729 -32.0235 -2
      vertex 3.52862 -35.8266 -2
      vertex 5.2823 -35.6104 -2
    endloop
  endfacet
  facet normal -0 0 1
    outer loop
      vertex 3.51096 -32.0583 -2
      vertex 3.52862 -35.8266 -2
      vertex 3.62041 -32.0436 -2
    endloop
  endfacet
  facet normal -0 0 1
    outer loop
      vertex 3.40092 -32.0676 -2
      vertex 3.52862 -35.8266 -2
      vertex 3.51096 -32.0583 -2
    endloop
  endfacet
  facet normal -0 0 1
    outer loop
      vertex 3.29055 -32.0716 -2
      vertex 3.52862 -35.8266 -2
      vertex 3.40092 -32.0676 -2
    endloop
  endfacet
  facet normal 0 0 1
    outer loop
      vertex 3.18012 -32.07 -2
      vertex 3.52862 -35.8266 -2
      vertex 3.29055 -32.0716 -2
    endloop
  endfacet
  facet normal 0 0 1
    outer loop
      vertex 3.06991 -32.0631 -2
      vertex 3.52862 -35.8266 -2
      vertex 3.18012 -32.07 -2
    endloop
  endfacet
  facet normal 0 0 1
    outer loop
      vertex 2.96016 -32.0508 -2
      vertex 3.52862 -35.8266 -2
      vertex 3.06991 -32.0631 -2
    endloop
  endfacet
  facet normal 0 0 1
    outer loop
      vertex 2.85115 -32.0331 -2
      vertex 3.52862 -35.8266 -2
      vertex 2.96016 -32.0508 -2
    endloop
  endfacet
  facet normal 0 0 1
    outer loop
      vertex 1.76644 -35.9566 -2
      vertex 2.85115 -32.0331 -2
      vertex 2.74314 -32.0101 -2
    endloop
  endfacet
  facet normal 0 0 1
    outer loop
      vertex 1.76644 -35.9566 -2
      vertex 2.74314 -32.0101 -2
      vertex 2.63639 -31.9818 -2
    endloop
  endfacet
  facet normal 0 0 1
    outer loop
      vertex 1.76644 -35.9566 -2
      vertex 2.63639 -31.9818 -2
      vertex 2.53116 -31.9483 -2
    endloop
  endfacet
  facet normal 0 0 1
    outer loop
      vertex 1.76644 -35.9566 -2
      vertex 2.53116 -31.9483 -2
      vertex 2.42769 -31.9097 -2
    endloop
  endfacet
  facet normal 0 0 1
    outer loop
      vertex 1.76644 -35.9566 -2
      vertex 2.42769 -31.9097 -2
      vertex 2.32625 -31.866 -2
    endloop
  endfacet
  facet normal 0 0 1
    outer loop
      vertex 1.76644 -35.9566 -2
      vertex 2.32625 -31.866 -2
      vertex 2.22707 -31.8175 -2
    endloop
  endfacet
  facet normal 0 0 1
    outer loop
      vertex 1.76644 -35.9566 -2
      vertex 2.22707 -31.8175 -2
      vertex 2.13039 -31.7641 -2
    endloop
  endfacet
  facet normal 0 0 1
    outer loop
      vertex 1.76644 -35.9566 -2
      vertex 2.13039 -31.7641 -2
      vertex 2.03645 -31.706 -2
    endloop
  endfacet
  facet normal 0 0 1
    outer loop
      vertex 0 -36 -2
      vertex 2.03645 -31.706 -2
      vertex 1.94548 -31.6434 -2
    endloop
  endfacet
  facet normal 0 0 1
    outer loop
      vertex 0 -36 -2
      vertex 1.94548 -31.6434 -2
      vertex 1.85768 -31.5764 -2
    endloop
  endfacet
  facet normal 0 0 1
    outer loop
      vertex 0 -36 -2
      vertex 1.85768 -31.5764 -2
      vertex 1.77327 -31.5052 -2
    endloop
  endfacet
  facet normal 0 0 1
    outer loop
      vertex 2.85115 -32.0331 -2
      vertex 1.76644 -35.9566 -2
      vertex 3.52862 -35.8266 -2
    endloop
  endfacet
  facet normal 0 0 1
    outer loop
      vertex 0 -36 -2
      vertex 1.77327 -31.5052 -2
      vertex 1.69246 -31.4299 -2
    endloop
  endfacet
  facet normal 0 0 1
    outer loop
      vertex 0 -36 -2
      vertex 1.69246 -31.4299 -2
      vertex 1.61545 -31.3508 -2
    endloop
  endfacet
  facet normal 0 0 1
    outer loop
      vertex 0 -36 -2
      vertex 1.61545 -31.3508 -2
      vertex 1.54241 -31.268 -2
    endloop
  endfacet
  facet normal 0 0 1
    outer loop
      vertex -1.76644 -35.9566 -2
      vertex 1.54241 -31.268 -2
      vertex 1.47352 -31.1816 -2
    endloop
  endfacet
  facet normal 0 0 1
    outer loop
      vertex -1.76644 -35.9566 -2
      vertex 1.47352 -31.1816 -2
      vertex 1.40895 -31.0921 -2
    endloop
  endfacet
  facet normal 0 0 1
    outer loop
      vertex -1.76644 -35.9566 -2
      vertex 1.40895 -31.0921 -2
      vertex 1.34885 -30.9994 -2
    endloop
  endfacet
  facet normal 0 0 1
    outer loop
      vertex -1.76644 -35.9566 -2
      vertex 1.34885 -30.9994 -2
      vertex 1.29337 -30.9039 -2
    endloop
  endfacet
  facet normal 0 0 1
    outer loop
      vertex -1.76644 -35.9566 -2
      vertex 1.29337 -30.9039 -2
      vertex 1.24264 -30.8058 -2
    endloop
  endfacet
  facet normal 0 0 1
    outer loop
      vertex -1.76644 -35.9566 -2
      vertex 1.24264 -30.8058 -2
      vertex 1.19679 -30.7054 -2
    endloop
  endfacet
  facet normal 0 0 1
    outer loop
      vertex -3.52862 -35.8266 -2
      vertex 1.19679 -30.7054 -2
      vertex 1.15593 -30.6028 -2
    endloop
  endfacet
  facet normal 0 0 1
    outer loop
      vertex -3.52862 -35.8266 -2
      vertex 1.15593 -30.6028 -2
      vertex 1.12014 -30.4983 -2
    endloop
  endfacet
  facet normal 0 0 1
    outer loop
      vertex -3.52862 -35.8266 -2
      vertex 1.12014 -30.4983 -2
      vertex 1.08953 -30.3922 -2
    endloop
  endfacet
  facet normal 0 0 1
    outer loop
      vertex -3.52862 -35.8266 -2
      vertex 1.08953 -30.3922 -2
      vertex 1.06416 -30.2847 -2
    endloop
  endfacet
  facet normal 0 0 1
    outer loop
      vertex -3.52862 -35.8266 -2
      vertex 1.06416 -30.2847 -2
      vertex 1.04409 -30.1761 -2
    endloop
  endfacet
  facet normal 0 0 1
    outer loop
      vertex -5.2823 -35.6104 -2
      vertex 1.04409 -30.1761 -2
      vertex 1.02938 -30.0666 -2
    endloop
  endfacet
  facet normal 0 0 1
    outer loop
      vertex 1.32361 -28.6861 -2
      vertex -12.128 -33.8956 -2
      vertex 1.27023 -28.7828 -2
    endloop
  endfacet
  facet normal 0 0 1
    outer loop
      vertex 1.27023 -28.7828 -2
      vertex -12.128 -33.8956 -2
      vertex 1.22166 -28.8819 -2
    endloop
  endfacet
  facet normal 0 0 1
    outer loop
      vertex 2.03645 -31.706 -2
      vertex 0 -36 -2
      vertex 1.76644 -35.9566 -2
    endloop
  endfacet
  facet normal 0 0 1
    outer loop
      vertex -5.2823 -35.6104 -2
      vertex 1.02938 -30.0666 -2
      vertex 1.02005 -29.9566 -2
    endloop
  endfacet
  facet normal 0 -0 1
    outer loop
      vertex -10.4502 -34.4499 -2
      vertex 1.22166 -28.8819 -2
      vertex -12.128 -33.8956 -2
    endloop
  endfacet
  facet normal 0 0 1
    outer loop
      vertex 1.22166 -28.8819 -2
      vertex -10.4502 -34.4499 -2
      vertex 1.17801 -28.9834 -2
    endloop
  endfacet
  facet normal 0 0 1
    outer loop
      vertex 1.17801 -28.9834 -2
      vertex -10.4502 -34.4499 -2
      vertex 1.13939 -29.0868 -2
    endloop
  endfacet
  facet normal 0 -0 1
    outer loop
      vertex -8.74729 -34.9211 -2
      vertex 1.13939 -29.0868 -2
      vertex -10.4502 -34.4499 -2
    endloop
  endfacet
  facet normal 0 0 1
    outer loop
      vertex 1.54241 -31.268 -2
      vertex -1.76644 -35.9566 -2
      vertex 0 -36 -2
    endloop
  endfacet
  facet normal 0 0 1
    outer loop
      vertex 1.13939 -29.0868 -2
      vertex -8.74729 -34.9211 -2
      vertex 1.10589 -29.1921 -2
    endloop
  endfacet
  facet normal 0 0 1
    outer loop
      vertex 1.10589 -29.1921 -2
      vertex -8.74729 -34.9211 -2
      vertex 1.0776 -29.2988 -2
    endloop
  endfacet
  facet normal 0 0 1
    outer loop
      vertex 1.0776 -29.2988 -2
      vertex -8.74729 -34.9211 -2
      vertex 1.05458 -29.4068 -2
    endloop
  endfacet
  facet normal 0 0 1
    outer loop
      vertex 1.19679 -30.7054 -2
      vertex -3.52862 -35.8266 -2
      vertex -1.76644 -35.9566 -2
    endloop
  endfacet
  facet normal 0 0 1
    outer loop
      vertex 1.03689 -29.5158 -2
      vertex -7.02325 -35.3083 -2
      vertex 1.02457 -29.6256 -2
    endloop
  endfacet
  facet normal 0 -0 1
    outer loop
      vertex -7.02325 -35.3083 -2
      vertex 1.05458 -29.4068 -2
      vertex -8.74729 -34.9211 -2
    endloop
  endfacet
  facet normal 0 0 1
    outer loop
      vertex -13.7766 -33.2597 -2
      vertex -4.20952 -10.1627 -2
      vertex -4.70311 -9.94388 -2
    endloop
  endfacet
  facet normal 0 0 1
    outer loop
      vertex -15.392 -32.5436 -2
      vertex -4.70311 -9.94388 -2
      vertex -5.18536 -9.70113 -2
    endloop
  endfacet
  facet normal 0 0 1
    outer loop
      vertex 1.04409 -30.1761 -2
      vertex -5.2823 -35.6104 -2
      vertex -3.52862 -35.8266 -2
    endloop
  endfacet
  facet normal 0 0 1
    outer loop
      vertex -16.9703 -31.7492 -2
      vertex -5.18536 -9.70113 -2
      vertex -5.65513 -9.43501 -2
    endloop
  endfacet
  facet normal 0 0 1
    outer loop
      vertex -18.5077 -30.8782 -2
      vertex -5.65513 -9.43501 -2
      vertex -6.11127 -9.14616 -2
    endloop
  endfacet
  facet normal 0 0 1
    outer loop
      vertex -20.0005 -29.9329 -2
      vertex -6.11127 -9.14616 -2
      vertex -6.55269 -8.83528 -2
    endloop
  endfacet
  facet normal 0 0 1
    outer loop
      vertex -21.4452 -28.9155 -2
      vertex -6.55269 -8.83528 -2
      vertex -6.97833 -8.50311 -2
    endloop
  endfacet
  facet normal 0 0 1
    outer loop
      vertex 1.01614 -29.8462 -2
      vertex -5.2823 -35.6104 -2
      vertex 1.02005 -29.9566 -2
    endloop
  endfacet
  facet normal 0 0 1
    outer loop
      vertex -22.8382 -27.8284 -2
      vertex -6.97833 -8.50311 -2
      vertex -7.38715 -8.15046 -2
    endloop
  endfacet
  facet normal 0 0 1
    outer loop
      vertex -24.1761 -26.6742 -2
      vertex -7.38715 -8.15046 -2
      vertex -7.77817 -7.77817 -2
    endloop
  endfacet
  facet normal 0 0 1
    outer loop
      vertex -25.4558 -25.4558 -2
      vertex -7.77817 -7.77817 -2
      vertex -8.15046 -7.38715 -2
    endloop
  endfacet
  facet normal 0 0 1
    outer loop
      vertex -26.6742 -24.1761 -2
      vertex -8.15046 -7.38715 -2
      vertex -8.50311 -6.97833 -2
    endloop
  endfacet
  facet normal 0 0 1
    outer loop
      vertex 1.01765 -29.7358 -2
      vertex -5.2823 -35.6104 -2
      vertex 1.01614 -29.8462 -2
    endloop
  endfacet
  facet normal 0 0 1
    outer loop
      vertex -26.6742 -24.1761 -2
      vertex -8.50311 -6.97833 -2
      vertex -8.83528 -6.55269 -2
    endloop
  endfacet
  facet normal 0 0 1
    outer loop
      vertex -26.6742 -24.1761 -2
      vertex -8.83528 -6.55269 -2
      vertex -9.14616 -6.11127 -2
    endloop
  endfacet
  facet normal 0 0 1
    outer loop
      vertex -27.6616 -3.89562 -2
      vertex -10.5263 -3.19313 -2
      vertex -27.6333 -3.78887 -2
    endloop
  endfacet
  facet normal 0 0 1
    outer loop
      vertex -27.6333 -3.78887 -2
      vertex -10.5263 -3.19313 -2
      vertex -27.6103 -3.68086 -2
    endloop
  endfacet
  facet normal 0 0 1
    outer loop
      vertex -10.6703 -2.67278 -2
      vertex -27.6103 -3.68086 -2
      vertex -10.5263 -3.19313 -2
    endloop
  endfacet
  facet normal 0 0 1
    outer loop
      vertex -27.6103 -3.68086 -2
      vertex -10.6703 -2.67278 -2
      vertex -27.5926 -3.57185 -2
    endloop
  endfacet
  facet normal 0 0 1
    outer loop
      vertex -27.5926 -3.57185 -2
      vertex -10.6703 -2.67278 -2
      vertex -27.5803 -3.46211 -2
    endloop
  endfacet
  facet normal 0 -0 1
    outer loop
      vertex -5.2823 -35.6104 -2
      vertex 1.01765 -29.7358 -2
      vertex -7.02325 -35.3083 -2
    endloop
  endfacet
  facet normal 0 0 1
    outer loop
      vertex -10.7886 -2.14599 -2
      vertex -27.5803 -3.46211 -2
      vertex -10.6703 -2.67278 -2
    endloop
  endfacet
  facet normal 0 0 1
    outer loop
      vertex -27.5803 -3.46211 -2
      vertex -10.7886 -2.14599 -2
      vertex -27.5733 -3.35189 -2
    endloop
  endfacet
  facet normal 0 0 1
    outer loop
      vertex -27.5733 -3.35189 -2
      vertex -10.7886 -2.14599 -2
      vertex -27.5718 -3.24146 -2
    endloop
  endfacet
  facet normal 0 0 1
    outer loop
      vertex -27.5718 -3.24146 -2
      vertex -10.7886 -2.14599 -2
      vertex -10.8809 -1.61403 -2
    endloop
  endfacet
  facet normal 0 0 1
    outer loop
      vertex -27.5757 -3.1311 -2
      vertex -10.8809 -1.61403 -2
      vertex -10.947 -1.07819 -2
    endloop
  endfacet
  facet normal 0 0 1
    outer loop
      vertex -27.5998 -2.9116 -2
      vertex -10.947 -1.07819 -2
      vertex -10.9867 -0.539744 -2
    endloop
  endfacet
  facet normal 0 0 1
    outer loop
      vertex -27.6452 -2.69553 -2
      vertex -10.9867 -0.539744 -2
      vertex -11 0 -2
    endloop
  endfacet
  facet normal -0 0 1
    outer loop
      vertex -29.9329 20.0005 -2
      vertex -9.14616 6.11127 -2
      vertex -28.9155 21.4452 -2
    endloop
  endfacet
  facet normal 0 0 1
    outer loop
      vertex -10.8809 -1.61403 -2
      vertex -27.5757 -3.1311 -2
      vertex -27.5718 -3.24146 -2
    endloop
  endfacet
  facet normal 0 0 1
    outer loop
      vertex -9.14616 6.11127 -2
      vertex -29.9329 20.0005 -2
      vertex -9.43501 5.65513 -2
    endloop
  endfacet
  facet normal 0 0 1
    outer loop
      vertex -10.5263 -3.19313 -2
      vertex -27.6616 -3.89562 -2
      vertex -10.357 -3.70579 -2
    endloop
  endfacet
  facet normal -0 0 1
    outer loop
      vertex -30.8782 18.5077 -2
      vertex -9.43501 5.65513 -2
      vertex -29.9329 20.0005 -2
    endloop
  endfacet
  facet normal 0 0 1
    outer loop
      vertex 1.02457 -29.6256 -2
      vertex -7.02325 -35.3083 -2
      vertex 1.01765 -29.7358 -2
    endloop
  endfacet
  facet normal 0 0 1
    outer loop
      vertex -9.43501 5.65513 -2
      vertex -30.8782 18.5077 -2
      vertex -9.70113 5.18536 -2
    endloop
  endfacet
  facet normal 0 0 1
    outer loop
      vertex 1.05458 -29.4068 -2
      vertex -7.02325 -35.3083 -2
      vertex 1.03689 -29.5158 -2
    endloop
  endfacet
  facet normal -0 0 1
    outer loop
      vertex -31.7492 16.9703 -2
      vertex -9.70113 5.18536 -2
      vertex -30.8782 18.5077 -2
    endloop
  endfacet
  facet normal 0 0 1
    outer loop
      vertex -4.70311 -9.94388 -2
      vertex -15.392 -32.5436 -2
      vertex -13.7766 -33.2597 -2
    endloop
  endfacet
  facet normal 0 0 1
    outer loop
      vertex -9.70113 5.18536 -2
      vertex -31.7492 16.9703 -2
      vertex -9.94388 4.70311 -2
    endloop
  endfacet
  facet normal 0 0 1
    outer loop
      vertex -5.18536 -9.70113 -2
      vertex -16.9703 -31.7492 -2
      vertex -15.392 -32.5436 -2
    endloop
  endfacet
  facet normal -0 0 1
    outer loop
      vertex -32.5436 15.392 -2
      vertex -9.94388 4.70311 -2
      vertex -31.7492 16.9703 -2
    endloop
  endfacet
  facet normal 0 0 1
    outer loop
      vertex -5.65513 -9.43501 -2
      vertex -18.5077 -30.8782 -2
      vertex -16.9703 -31.7492 -2
    endloop
  endfacet
  facet normal 0 0 1
    outer loop
      vertex -9.94388 4.70311 -2
      vertex -32.5436 15.392 -2
      vertex -10.1627 4.20952 -2
    endloop
  endfacet
  facet normal 0 0 1
    outer loop
      vertex -6.11127 -9.14616 -2
      vertex -20.0005 -29.9329 -2
      vertex -18.5077 -30.8782 -2
    endloop
  endfacet
  facet normal -0 0 1
    outer loop
      vertex -33.2597 13.7766 -2
      vertex -10.1627 4.20952 -2
      vertex -32.5436 15.392 -2
    endloop
  endfacet
  facet normal 0 0 1
    outer loop
      vertex -6.55269 -8.83528 -2
      vertex -21.4452 -28.9155 -2
      vertex -20.0005 -29.9329 -2
    endloop
  endfacet
  facet normal 0 -0 1
    outer loop
      vertex -28.5012 -1.44428 -2
      vertex -10.1627 4.20952 -2
      vertex -28.5921 -1.38167 -2
    endloop
  endfacet
  facet normal 0 0 1
    outer loop
      vertex -7.38715 -8.15046 -2
      vertex -24.1761 -26.6742 -2
      vertex -22.8382 -27.8284 -2
    endloop
  endfacet
  facet normal 0 0 1
    outer loop
      vertex -10.1627 4.20952 -2
      vertex -28.5012 -1.44428 -2
      vertex -10.357 3.70579 -2
    endloop
  endfacet
  facet normal 0 0 1
    outer loop
      vertex -7.77817 -7.77817 -2
      vertex -25.4558 -25.4558 -2
      vertex -24.1761 -26.6742 -2
    endloop
  endfacet
  facet normal 0 0 1
    outer loop
      vertex -8.15046 -7.38715 -2
      vertex -26.6742 -24.1761 -2
      vertex -25.4558 -25.4558 -2
    endloop
  endfacet
  facet normal 0 0 1
    outer loop
      vertex -6.97833 -8.50311 -2
      vertex -22.8382 -27.8284 -2
      vertex -21.4452 -28.9155 -2
    endloop
  endfacet
  facet normal 0 0 1
    outer loop
      vertex -10.947 -1.07819 -2
      vertex -27.5851 -3.02106 -2
      vertex -27.5757 -3.1311 -2
    endloop
  endfacet
  facet normal 0 0 1
    outer loop
      vertex -10.947 -1.07819 -2
      vertex -27.5998 -2.9116 -2
      vertex -27.5851 -3.02106 -2
    endloop
  endfacet
  facet normal 0 0 1
    outer loop
      vertex -10.9867 -0.539744 -2
      vertex -27.6198 -2.80301 -2
      vertex -27.5998 -2.9116 -2
    endloop
  endfacet
  facet normal 0 0 1
    outer loop
      vertex -10.9867 -0.539744 -2
      vertex -27.6452 -2.69553 -2
      vertex -27.6198 -2.80301 -2
    endloop
  endfacet
  facet normal 0 0 1
    outer loop
      vertex -11 0 -2
      vertex -27.6758 -2.58942 -2
      vertex -27.6452 -2.69553 -2
    endloop
  endfacet
  facet normal 0 0 1
    outer loop
      vertex -11 0 -2
      vertex -27.7116 -2.48494 -2
      vertex -27.6758 -2.58942 -2
    endloop
  endfacet
  facet normal 0 0 1
    outer loop
      vertex -10.9867 0.539744 -2
      vertex -27.7116 -2.48494 -2
      vertex -11 0 -2
    endloop
  endfacet
  facet normal 0 -0 1
    outer loop
      vertex -27.7116 -2.48494 -2
      vertex -10.9867 0.539744 -2
      vertex -27.7525 -2.38234 -2
    endloop
  endfacet
  facet normal 0 -0 1
    outer loop
      vertex -28.4134 -1.51127 -2
      vertex -10.357 3.70579 -2
      vertex -28.5012 -1.44428 -2
    endloop
  endfacet
  facet normal 0 -0 1
    outer loop
      vertex -27.7525 -2.38234 -2
      vertex -10.9867 0.539744 -2
      vertex -27.7983 -2.28188 -2
    endloop
  endfacet
  facet normal 0 0 1
    outer loop
      vertex -10.947 1.07819 -2
      vertex -27.7983 -2.28188 -2
      vertex -10.9867 0.539744 -2
    endloop
  endfacet
  facet normal 0 -0 1
    outer loop
      vertex -27.7983 -2.28188 -2
      vertex -10.947 1.07819 -2
      vertex -27.8491 -2.18378 -2
    endloop
  endfacet
  facet normal 0 -0 1
    outer loop
      vertex -27.8491 -2.18378 -2
      vertex -10.947 1.07819 -2
      vertex -27.9045 -2.08829 -2
    endloop
  endfacet
  facet normal 0 0 1
    outer loop
      vertex -10.8809 1.61403 -2
      vertex -27.9045 -2.08829 -2
      vertex -10.947 1.07819 -2
    endloop
  endfacet
  facet normal 0 0 1
    outer loop
      vertex -10.357 3.70579 -2
      vertex -28.4134 -1.51127 -2
      vertex -10.5263 3.19313 -2
    endloop
  endfacet
  facet normal 0 -0 1
    outer loop
      vertex -27.9045 -2.08829 -2
      vertex -10.8809 1.61403 -2
      vertex -27.9646 -1.99564 -2
    endloop
  endfacet
  facet normal 0 -0 1
    outer loop
      vertex -28.2481 -1.65776 -2
      vertex -10.5263 3.19313 -2
      vertex -28.329 -1.58248 -2
    endloop
  endfacet
  facet normal 0 0 1
    outer loop
      vertex -10.7886 2.14599 -2
      vertex -27.9646 -1.99564 -2
      vertex -10.8809 1.61403 -2
    endloop
  endfacet
  facet normal 0 0 1
    outer loop
      vertex -10.5263 3.19313 -2
      vertex -28.2481 -1.65776 -2
      vertex -10.6703 2.67278 -2
    endloop
  endfacet
  facet normal 0 -0 1
    outer loop
      vertex -27.9646 -1.99564 -2
      vertex -10.7886 2.14599 -2
      vertex -28.0292 -1.90605 -2
    endloop
  endfacet
  facet normal 0 -0 1
    outer loop
      vertex -28.1711 -1.7369 -2
      vertex -10.6703 2.67278 -2
      vertex -28.2481 -1.65776 -2
    endloop
  endfacet
  facet normal 0 -0 1
    outer loop
      vertex -28.0292 -1.90605 -2
      vertex -10.7886 2.14599 -2
      vertex -28.0981 -1.81973 -2
    endloop
  endfacet
  facet normal 0 -0 1
    outer loop
      vertex -28.0981 -1.81973 -2
      vertex -10.6703 2.67278 -2
      vertex -28.1711 -1.7369 -2
    endloop
  endfacet
  facet normal 0 0 1
    outer loop
      vertex -10.6703 2.67278 -2
      vertex -28.0981 -1.81973 -2
      vertex -10.7886 2.14599 -2
    endloop
  endfacet
  facet normal 0 -0 1
    outer loop
      vertex -28.329 -1.58248 -2
      vertex -10.5263 3.19313 -2
      vertex -28.4134 -1.51127 -2
    endloop
  endfacet
  facet normal 0 0 1
    outer loop
      vertex -10.1627 4.20952 -2
      vertex -33.2597 13.7766 -2
      vertex -28.5921 -1.38167 -2
    endloop
  endfacet
  facet normal 0 0 1
    outer loop
      vertex -28.5921 -1.38167 -2
      vertex -33.2597 13.7766 -2
      vertex -28.6861 -1.32361 -2
    endloop
  endfacet
  facet normal -0 0 1
    outer loop
      vertex -33.8956 12.128 -2
      vertex -28.6861 -1.32361 -2
      vertex -33.2597 13.7766 -2
    endloop
  endfacet
  facet normal 0 0 1
    outer loop
      vertex -28.6861 -1.32361 -2
      vertex -33.8956 12.128 -2
      vertex -28.7828 -1.27023 -2
    endloop
  endfacet
  facet normal 0 0 1
    outer loop
      vertex -28.7828 -1.27023 -2
      vertex -33.8956 12.128 -2
      vertex -28.8819 -1.22166 -2
    endloop
  endfacet
  facet normal -0 0 1
    outer loop
      vertex -34.4499 10.4502 -2
      vertex -28.8819 -1.22166 -2
      vertex -33.8956 12.128 -2
    endloop
  endfacet
  facet normal 0 0 1
    outer loop
      vertex -28.8819 -1.22166 -2
      vertex -34.4499 10.4502 -2
      vertex -28.9834 -1.17801 -2
    endloop
  endfacet
  facet normal 0 0 1
    outer loop
      vertex -28.9834 -1.17801 -2
      vertex -34.4499 10.4502 -2
      vertex -29.0868 -1.13939 -2
    endloop
  endfacet
  facet normal -0 0 1
    outer loop
      vertex -34.9211 8.74729 -2
      vertex -29.0868 -1.13939 -2
      vertex -34.4499 10.4502 -2
    endloop
  endfacet
  facet normal 0 0 1
    outer loop
      vertex -29.0868 -1.13939 -2
      vertex -34.9211 8.74729 -2
      vertex -29.1921 -1.10589 -2
    endloop
  endfacet
  facet normal 0 0 1
    outer loop
      vertex -29.1921 -1.10589 -2
      vertex -34.9211 8.74729 -2
      vertex -29.2988 -1.0776 -2
    endloop
  endfacet
  facet normal 0 0 1
    outer loop
      vertex -29.2988 -1.0776 -2
      vertex -34.9211 8.74729 -2
      vertex -29.4068 -1.05458 -2
    endloop
  endfacet
  facet normal -0 0 1
    outer loop
      vertex -35.3083 7.02325 -2
      vertex -29.4068 -1.05458 -2
      vertex -34.9211 8.74729 -2
    endloop
  endfacet
  facet normal 0 0 1
    outer loop
      vertex -29.4068 -1.05458 -2
      vertex -35.3083 7.02325 -2
      vertex -29.5158 -1.03689 -2
    endloop
  endfacet
  facet normal 0 0 1
    outer loop
      vertex -29.5158 -1.03689 -2
      vertex -35.3083 7.02325 -2
      vertex -29.6256 -1.02457 -2
    endloop
  endfacet
  facet normal 0 0 1
    outer loop
      vertex -29.6256 -1.02457 -2
      vertex -35.3083 7.02325 -2
      vertex -29.7358 -1.01765 -2
    endloop
  endfacet
  facet normal -0 0 1
    outer loop
      vertex -35.6104 5.2823 -2
      vertex -29.7358 -1.01765 -2
      vertex -35.3083 7.02325 -2
    endloop
  endfacet
  facet normal 0 0 1
    outer loop
      vertex -29.7358 -1.01765 -2
      vertex -35.6104 5.2823 -2
      vertex -29.8462 -1.01614 -2
    endloop
  endfacet
  facet normal 0 0 1
    outer loop
      vertex -29.8462 -1.01614 -2
      vertex -35.6104 5.2823 -2
      vertex -29.9566 -1.02005 -2
    endloop
  endfacet
  facet normal 0 0 1
    outer loop
      vertex -29.9566 -1.02005 -2
      vertex -35.6104 5.2823 -2
      vertex -30.0666 -1.02938 -2
    endloop
  endfacet
  facet normal 0 0 1
    outer loop
      vertex -30.0666 -1.02938 -2
      vertex -35.6104 5.2823 -2
      vertex -30.1761 -1.04409 -2
    endloop
  endfacet
  facet normal -0 0 1
    outer loop
      vertex -35.8266 3.52862 -2
      vertex -30.1761 -1.04409 -2
      vertex -35.6104 5.2823 -2
    endloop
  endfacet
  facet normal 0 0 1
    outer loop
      vertex -30.1761 -1.04409 -2
      vertex -35.8266 3.52862 -2
      vertex -30.2847 -1.06416 -2
    endloop
  endfacet
  facet normal 0 0 1
    outer loop
      vertex -30.2847 -1.06416 -2
      vertex -35.8266 3.52862 -2
      vertex -30.3922 -1.08953 -2
    endloop
  endfacet
  facet normal 0 0 1
    outer loop
      vertex -30.3922 -1.08953 -2
      vertex -35.8266 3.52862 -2
      vertex -30.4983 -1.12014 -2
    endloop
  endfacet
  facet normal 0 0 1
    outer loop
      vertex -30.4983 -1.12014 -2
      vertex -35.8266 3.52862 -2
      vertex -30.6028 -1.15593 -2
    endloop
  endfacet
  facet normal 0 0 1
    outer loop
      vertex -30.6028 -1.15593 -2
      vertex -35.8266 3.52862 -2
      vertex -30.7054 -1.19679 -2
    endloop
  endfacet
  facet normal -0 0 1
    outer loop
      vertex -35.9566 1.76644 -2
      vertex -30.7054 -1.19679 -2
      vertex -35.8266 3.52862 -2
    endloop
  endfacet
  facet normal 0 0 1
    outer loop
      vertex -30.7054 -1.19679 -2
      vertex -35.9566 1.76644 -2
      vertex -30.8058 -1.24264 -2
    endloop
  endfacet
  facet normal 0 0 1
    outer loop
      vertex -30.8058 -1.24264 -2
      vertex -35.9566 1.76644 -2
      vertex -30.9039 -1.29337 -2
    endloop
  endfacet
  facet normal 0 0 1
    outer loop
      vertex -30.9039 -1.29337 -2
      vertex -35.9566 1.76644 -2
      vertex -30.9994 -1.34885 -2
    endloop
  endfacet
  facet normal 0 0 1
    outer loop
      vertex -30.9994 -1.34885 -2
      vertex -35.9566 1.76644 -2
      vertex -31.0921 -1.40895 -2
    endloop
  endfacet
  facet normal 0 0 1
    outer loop
      vertex -31.0921 -1.40895 -2
      vertex -35.9566 1.76644 -2
      vertex -31.1816 -1.47352 -2
    endloop
  endfacet
  facet normal 0 0 1
    outer loop
      vertex -31.1816 -1.47352 -2
      vertex -35.9566 1.76644 -2
      vertex -31.268 -1.54241 -2
    endloop
  endfacet
  facet normal -0 0 1
    outer loop
      vertex -36 0 -2
      vertex -31.268 -1.54241 -2
      vertex -35.9566 1.76644 -2
    endloop
  endfacet
  facet normal 0 0 1
    outer loop
      vertex -31.268 -1.54241 -2
      vertex -36 0 -2
      vertex -31.3508 -1.61545 -2
    endloop
  endfacet
  facet normal 0 0 1
    outer loop
      vertex -31.3508 -1.61545 -2
      vertex -36 0 -2
      vertex -31.4299 -1.69246 -2
    endloop
  endfacet
  facet normal 0 0 1
    outer loop
      vertex -31.4299 -1.69246 -2
      vertex -36 0 -2
      vertex -31.5052 -1.77327 -2
    endloop
  endfacet
  facet normal 0 0 1
    outer loop
      vertex -31.5052 -1.77327 -2
      vertex -36 0 -2
      vertex -31.5764 -1.85768 -2
    endloop
  endfacet
  facet normal 0 0 1
    outer loop
      vertex -31.5764 -1.85768 -2
      vertex -36 0 -2
      vertex -31.6434 -1.94548 -2
    endloop
  endfacet
  facet normal 0 0 1
    outer loop
      vertex -31.6434 -1.94548 -2
      vertex -36 0 -2
      vertex -31.706 -2.03645 -2
    endloop
  endfacet
  facet normal 0 0 1
    outer loop
      vertex -31.706 -2.03645 -2
      vertex -36 0 -2
      vertex -31.7641 -2.13039 -2
    endloop
  endfacet
  facet normal 0 0 1
    outer loop
      vertex -31.7641 -2.13039 -2
      vertex -35.9566 -1.76644 -2
      vertex -31.8175 -2.22707 -2
    endloop
  endfacet
  facet normal -0 -0 1
    outer loop
      vertex -35.9566 -1.76644 -2
      vertex -31.7641 -2.13039 -2
      vertex -36 0 -2
    endloop
  endfacet
  facet normal 0 0 1
    outer loop
      vertex 31.706 2.03645 -2
      vertex 36 0 -2
      vertex 35.9566 1.76644 -2
    endloop
  endfacet
  facet normal -0 0 1
    outer loop
      vertex 32.0331 2.85115 -2
      vertex 35.9566 1.76644 -2
      vertex 35.8266 3.52862 -2
    endloop
  endfacet
  facet normal -0 0 1
    outer loop
      vertex 31.7641 2.13039 -2
      vertex 35.9566 1.76644 -2
      vertex 31.8175 2.22707 -2
    endloop
  endfacet
  facet normal -0 0 1
    outer loop
      vertex 32.0235 3.729 -2
      vertex 35.8266 3.52862 -2
      vertex 35.6104 5.2823 -2
    endloop
  endfacet
  facet normal 0 0 1
    outer loop
      vertex 35.9566 1.76644 -2
      vertex 31.9097 2.42769 -2
      vertex 31.866 2.32625 -2
    endloop
  endfacet
  facet normal 0 0 1
    outer loop
      vertex 31.6787 4.53637 -2
      vertex 35.6104 5.2823 -2
      vertex 35.3083 7.02325 -2
    endloop
  endfacet
  facet normal 0 0 1
    outer loop
      vertex 35.9566 1.76644 -2
      vertex 31.9818 2.63639 -2
      vertex 31.9483 2.53116 -2
    endloop
  endfacet
  facet normal 0 0 1
    outer loop
      vertex 31.1422 5.08774 -2
      vertex 35.3083 7.02325 -2
      vertex 34.9211 8.74729 -2
    endloop
  endfacet
  facet normal 0 0 1
    outer loop
      vertex 35.9566 1.76644 -2
      vertex 32.0331 2.85115 -2
      vertex 32.0101 2.74314 -2
    endloop
  endfacet
  facet normal 0 0 1
    outer loop
      vertex 30.4513 5.42612 -2
      vertex 34.9211 8.74729 -2
      vertex 34.4499 10.4502 -2
    endloop
  endfacet
  facet normal 0 0 1
    outer loop
      vertex 35.8266 3.52862 -2
      vertex 32.0631 3.06991 -2
      vertex 32.0508 2.96016 -2
    endloop
  endfacet
  facet normal 0 0 1
    outer loop
      vertex 29.9076 5.51437 -2
      vertex 34.4499 10.4502 -2
      vertex 33.8956 12.128 -2
    endloop
  endfacet
  facet normal 0 0 1
    outer loop
      vertex 35.8266 3.52862 -2
      vertex 32.07 3.18012 -2
      vertex 32.0631 3.06991 -2
    endloop
  endfacet
  facet normal 0 0 1
    outer loop
      vertex 29.4673 5.48792 -2
      vertex 33.8956 12.128 -2
      vertex 33.2597 13.7766 -2
    endloop
  endfacet
  facet normal 0 0 1
    outer loop
      vertex 35.8266 3.52862 -2
      vertex 32.0508 2.96016 -2
      vertex 32.0331 2.85115 -2
    endloop
  endfacet
  facet normal 0 0 1
    outer loop
      vertex 29.0406 5.37609 -2
      vertex 33.2597 13.7766 -2
      vertex 32.5436 15.392 -2
    endloop
  endfacet
  facet normal 0 0 1
    outer loop
      vertex 35.8266 3.52862 -2
      vertex 32.0716 3.29055 -2
      vertex 32.07 3.18012 -2
    endloop
  endfacet
  facet normal 0 0 1
    outer loop
      vertex 35.9566 1.76644 -2
      vertex 32.0101 2.74314 -2
      vertex 31.9818 2.63639 -2
    endloop
  endfacet
  facet normal 0 0 1
    outer loop
      vertex 35.8266 3.52862 -2
      vertex 32.0676 3.40092 -2
      vertex 32.0716 3.29055 -2
    endloop
  endfacet
  facet normal 0 0 1
    outer loop
      vertex 35.8266 3.52862 -2
      vertex 32.0583 3.51096 -2
      vertex 32.0676 3.40092 -2
    endloop
  endfacet
  facet normal 0 0 1
    outer loop
      vertex 35.8266 3.52862 -2
      vertex 32.0436 3.62041 -2
      vertex 32.0583 3.51096 -2
    endloop
  endfacet
  facet normal 0 0 1
    outer loop
      vertex 35.8266 3.52862 -2
      vertex 32.0235 3.729 -2
      vertex 32.0436 3.62041 -2
    endloop
  endfacet
  facet normal 0 0 1
    outer loop
      vertex 35.6104 5.2823 -2
      vertex 31.9982 3.83649 -2
      vertex 32.0235 3.729 -2
    endloop
  endfacet
  facet normal 0 0 1
    outer loop
      vertex 35.6104 5.2823 -2
      vertex 31.9676 3.94259 -2
      vertex 31.9982 3.83649 -2
    endloop
  endfacet
  facet normal 0 0 1
    outer loop
      vertex 35.6104 5.2823 -2
      vertex 31.9318 4.04707 -2
      vertex 31.9676 3.94259 -2
    endloop
  endfacet
  facet normal 0 0 1
    outer loop
      vertex 35.6104 5.2823 -2
      vertex 31.8909 4.14967 -2
      vertex 31.9318 4.04707 -2
    endloop
  endfacet
  facet normal 0 0 1
    outer loop
      vertex 35.6104 5.2823 -2
      vertex 31.8451 4.25013 -2
      vertex 31.8909 4.14967 -2
    endloop
  endfacet
  facet normal 0 0 1
    outer loop
      vertex 35.6104 5.2823 -2
      vertex 31.7943 4.34823 -2
      vertex 31.8451 4.25013 -2
    endloop
  endfacet
  facet normal 0 0 1
    outer loop
      vertex 28.7395 5.23864 -2
      vertex 32.5436 15.392 -2
      vertex 31.7492 16.9703 -2
    endloop
  endfacet
  facet normal 0 0 1
    outer loop
      vertex 35.6104 5.2823 -2
      vertex 31.7388 4.44372 -2
      vertex 31.7943 4.34823 -2
    endloop
  endfacet
  facet normal 0 0 1
    outer loop
      vertex 35.6104 5.2823 -2
      vertex 31.6787 4.53637 -2
      vertex 31.7388 4.44372 -2
    endloop
  endfacet
  facet normal 0 0 1
    outer loop
      vertex 35.3083 7.02325 -2
      vertex 31.6142 4.62596 -2
      vertex 31.6787 4.53637 -2
    endloop
  endfacet
  facet normal 0 0 1
    outer loop
      vertex 35.3083 7.02325 -2
      vertex 31.5453 4.71228 -2
      vertex 31.6142 4.62596 -2
    endloop
  endfacet
  facet normal 0 0 1
    outer loop
      vertex 35.3083 7.02325 -2
      vertex 31.4722 4.79511 -2
      vertex 31.5453 4.71228 -2
    endloop
  endfacet
  facet normal 0 0 1
    outer loop
      vertex 35.3083 7.02325 -2
      vertex 31.3952 4.87426 -2
      vertex 31.4722 4.79511 -2
    endloop
  endfacet
  facet normal 0 0 1
    outer loop
      vertex 35.3083 7.02325 -2
      vertex 31.3144 4.94953 -2
      vertex 31.3952 4.87426 -2
    endloop
  endfacet
  facet normal 0 0 1
    outer loop
      vertex 35.3083 7.02325 -2
      vertex 31.23 5.02075 -2
      vertex 31.3144 4.94953 -2
    endloop
  endfacet
  facet normal 0 0 1
    outer loop
      vertex 35.3083 7.02325 -2
      vertex 31.1422 5.08774 -2
      vertex 31.23 5.02075 -2
    endloop
  endfacet
  facet normal 0 0 1
    outer loop
      vertex 34.9211 8.74729 -2
      vertex 31.0512 5.15034 -2
      vertex 31.1422 5.08774 -2
    endloop
  endfacet
  facet normal 0 0 1
    outer loop
      vertex 34.9211 8.74729 -2
      vertex 30.9573 5.2084 -2
      vertex 31.0512 5.15034 -2
    endloop
  endfacet
  facet normal 0 0 1
    outer loop
      vertex 28.5513 5.12307 -2
      vertex 31.7492 16.9703 -2
      vertex 30.8782 18.5077 -2
    endloop
  endfacet
  facet normal 0 0 1
    outer loop
      vertex 34.9211 8.74729 -2
      vertex 30.8606 5.26178 -2
      vertex 30.9573 5.2084 -2
    endloop
  endfacet
  facet normal 0 0 1
    outer loop
      vertex 34.9211 8.74729 -2
      vertex 30.7614 5.31035 -2
      vertex 30.8606 5.26178 -2
    endloop
  endfacet
  facet normal 0 0 1
    outer loop
      vertex 34.9211 8.74729 -2
      vertex 30.66 5.354 -2
      vertex 30.7614 5.31035 -2
    endloop
  endfacet
  facet normal 0 0 1
    outer loop
      vertex 34.9211 8.74729 -2
      vertex 30.5565 5.39262 -2
      vertex 30.66 5.354 -2
    endloop
  endfacet
  facet normal 0 0 1
    outer loop
      vertex 34.9211 8.74729 -2
      vertex 30.4513 5.42612 -2
      vertex 30.5565 5.39262 -2
    endloop
  endfacet
  facet normal 0 0 1
    outer loop
      vertex 34.4499 10.4502 -2
      vertex 30.3446 5.45441 -2
      vertex 30.4513 5.42612 -2
    endloop
  endfacet
  facet normal 0 0 1
    outer loop
      vertex 34.4499 10.4502 -2
      vertex 30.2365 5.47743 -2
      vertex 30.3446 5.45441 -2
    endloop
  endfacet
  facet normal 0 0 1
    outer loop
      vertex 34.4499 10.4502 -2
      vertex 30.1275 5.49512 -2
      vertex 30.2365 5.47743 -2
    endloop
  endfacet
  facet normal 0 0 1
    outer loop
      vertex 34.4499 10.4502 -2
      vertex 30.0178 5.50744 -2
      vertex 30.1275 5.49512 -2
    endloop
  endfacet
  facet normal 0 0 1
    outer loop
      vertex 28.3754 4.98961 -2
      vertex 30.8782 18.5077 -2
      vertex 29.9329 20.0005 -2
    endloop
  endfacet
  facet normal 0 0 1
    outer loop
      vertex 34.4499 10.4502 -2
      vertex 29.9076 5.51437 -2
      vertex 30.0178 5.50744 -2
    endloop
  endfacet
  facet normal 0 0 1
    outer loop
      vertex 33.8956 12.128 -2
      vertex 29.7971 5.51587 -2
      vertex 29.9076 5.51437 -2
    endloop
  endfacet
  facet normal 0 0 1
    outer loop
      vertex 33.8956 12.128 -2
      vertex 29.6868 5.51196 -2
      vertex 29.7971 5.51587 -2
    endloop
  endfacet
  facet normal 0 0 1
    outer loop
      vertex 33.8956 12.128 -2
      vertex 29.5767 5.50263 -2
      vertex 29.6868 5.51196 -2
    endloop
  endfacet
  facet normal 0 0 1
    outer loop
      vertex 33.8956 12.128 -2
      vertex 29.4673 5.48792 -2
      vertex 29.5767 5.50263 -2
    endloop
  endfacet
  facet normal 0 0 1
    outer loop
      vertex 33.2597 13.7766 -2
      vertex 29.3587 5.46785 -2
      vertex 29.4673 5.48792 -2
    endloop
  endfacet
  facet normal 0 0 1
    outer loop
      vertex 33.2597 13.7766 -2
      vertex 29.2512 5.44248 -2
      vertex 29.3587 5.46785 -2
    endloop
  endfacet
  facet normal 0 0 1
    outer loop
      vertex 33.2597 13.7766 -2
      vertex 29.1451 5.41187 -2
      vertex 29.2512 5.44248 -2
    endloop
  endfacet
  facet normal 0 0 1
    outer loop
      vertex 33.2597 13.7766 -2
      vertex 29.0406 5.37609 -2
      vertex 29.1451 5.41187 -2
    endloop
  endfacet
  facet normal 0 0 1
    outer loop
      vertex 32.5436 15.392 -2
      vertex 28.938 5.33522 -2
      vertex 29.0406 5.37609 -2
    endloop
  endfacet
  facet normal 0 0 1
    outer loop
      vertex 28.2134 4.83955 -2
      vertex 29.9329 20.0005 -2
      vertex 28.9155 21.4452 -2
    endloop
  endfacet
  facet normal 0 0 1
    outer loop
      vertex 32.5436 15.392 -2
      vertex 28.8376 5.28937 -2
      vertex 28.938 5.33522 -2
    endloop
  endfacet
  facet normal 0 0 1
    outer loop
      vertex 32.5436 15.392 -2
      vertex 28.7395 5.23864 -2
      vertex 28.8376 5.28937 -2
    endloop
  endfacet
  facet normal 0 0 1
    outer loop
      vertex 31.7492 16.9703 -2
      vertex 28.644 5.18316 -2
      vertex 28.7395 5.23864 -2
    endloop
  endfacet
  facet normal 0 0 1
    outer loop
      vertex 31.7492 16.9703 -2
      vertex 28.5513 5.12307 -2
      vertex 28.644 5.18316 -2
    endloop
  endfacet
  facet normal 0 0 1
    outer loop
      vertex 30.8782 18.5077 -2
      vertex 28.4617 5.05849 -2
      vertex 28.5513 5.12307 -2
    endloop
  endfacet
  facet normal 0 0 1
    outer loop
      vertex 30.8782 18.5077 -2
      vertex 28.3754 4.98961 -2
      vertex 28.4617 5.05849 -2
    endloop
  endfacet
  facet normal 0 0 1
    outer loop
      vertex 29.9329 20.0005 -2
      vertex 28.2926 4.91656 -2
      vertex 28.3754 4.98961 -2
    endloop
  endfacet
  facet normal 0 0 1
    outer loop
      vertex 29.9329 20.0005 -2
      vertex 28.2134 4.83955 -2
      vertex 28.2926 4.91656 -2
    endloop
  endfacet
  facet normal -0 0 1
    outer loop
      vertex 9.14616 6.11127 -2
      vertex 28.2134 4.83955 -2
      vertex 28.9155 21.4452 -2
    endloop
  endfacet
  facet normal 0 0 1
    outer loop
      vertex 28.2134 4.83955 -2
      vertex 9.14616 6.11127 -2
      vertex 28.1382 4.75874 -2
    endloop
  endfacet
  facet normal 0 0 1
    outer loop
      vertex 28.1382 4.75874 -2
      vertex 9.14616 6.11127 -2
      vertex 28.0669 4.67433 -2
    endloop
  endfacet
  facet normal -0 -0 1
    outer loop
      vertex 9.43501 5.65513 -2
      vertex 28.0669 4.67433 -2
      vertex 9.14616 6.11127 -2
    endloop
  endfacet
  facet normal 0 0 1
    outer loop
      vertex 28.0669 4.67433 -2
      vertex 9.43501 5.65513 -2
      vertex 28 4.58654 -2
    endloop
  endfacet
  facet normal 0 0 1
    outer loop
      vertex 8.83528 6.55269 -2
      vertex 28.9155 21.4452 -2
      vertex 27.8284 22.8382 -2
    endloop
  endfacet
  facet normal 0 0 1
    outer loop
      vertex 28 4.58654 -2
      vertex 9.43501 5.65513 -2
      vertex 27.9374 4.49556 -2
    endloop
  endfacet
  facet normal -0 -0 1
    outer loop
      vertex 9.70113 5.18536 -2
      vertex 27.9374 4.49556 -2
      vertex 9.43501 5.65513 -2
    endloop
  endfacet
  facet normal 0 0 1
    outer loop
      vertex 27.9374 4.49556 -2
      vertex 9.70113 5.18536 -2
      vertex 27.8793 4.40162 -2
    endloop
  endfacet
  facet normal -0 -0 1
    outer loop
      vertex 9.94388 4.70311 -2
      vertex 27.8793 4.40162 -2
      vertex 9.70113 5.18536 -2
    endloop
  endfacet
  facet normal 0 0 1
    outer loop
      vertex 27.8793 4.40162 -2
      vertex 9.94388 4.70311 -2
      vertex 27.8259 4.30494 -2
    endloop
  endfacet
  facet normal 0 0 1
    outer loop
      vertex 27.8259 4.30494 -2
      vertex 9.94388 4.70311 -2
      vertex 27.7773 4.20576 -2
    endloop
  endfacet
  facet normal -0 -0 1
    outer loop
      vertex 10.1627 4.20952 -2
      vertex 27.7773 4.20576 -2
      vertex 9.94388 4.70311 -2
    endloop
  endfacet
  facet normal 0 0 1
    outer loop
      vertex 27.7773 4.20576 -2
      vertex 10.1627 4.20952 -2
      vertex 27.7337 4.10432 -2
    endloop
  endfacet
  facet normal 0 0 1
    outer loop
      vertex 27.7337 4.10432 -2
      vertex 10.1627 4.20952 -2
      vertex 27.6951 4.00085 -2
    endloop
  endfacet
  facet normal 0 -0 1
    outer loop
      vertex 10.357 3.70579 -2
      vertex 27.6951 4.00085 -2
      vertex 10.1627 4.20952 -2
    endloop
  endfacet
  facet normal 0 0 1
    outer loop
      vertex 27.6951 4.00085 -2
      vertex 10.357 3.70579 -2
      vertex 27.6616 3.89562 -2
    endloop
  endfacet
  facet normal 0 0 1
    outer loop
      vertex 8.50311 6.97833 -2
      vertex 27.8284 22.8382 -2
      vertex 26.6742 24.1761 -2
    endloop
  endfacet
  facet normal 0 0 1
    outer loop
      vertex 35.9566 1.76644 -2
      vertex 31.9483 2.53116 -2
      vertex 31.9097 2.42769 -2
    endloop
  endfacet
  facet normal 0 0 1
    outer loop
      vertex 35.9566 1.76644 -2
      vertex 31.866 2.32625 -2
      vertex 31.8175 2.22707 -2
    endloop
  endfacet
  facet normal -0 0 1
    outer loop
      vertex 31.706 2.03645 -2
      vertex 35.9566 1.76644 -2
      vertex 31.7641 2.13039 -2
    endloop
  endfacet
  facet normal 0 0 1
    outer loop
      vertex 36 0 -2
      vertex 31.706 2.03645 -2
      vertex 31.6434 1.94548 -2
    endloop
  endfacet
  facet normal 0 0 1
    outer loop
      vertex 36 0 -2
      vertex 31.6434 1.94548 -2
      vertex 31.5764 1.85768 -2
    endloop
  endfacet
  facet normal -0 0 1
    outer loop
      vertex 31.5052 1.77327 -2
      vertex 36 0 -2
      vertex 31.5764 1.85768 -2
    endloop
  endfacet
  facet normal -0 0 1
    outer loop
      vertex 31.4299 1.69246 -2
      vertex 36 0 -2
      vertex 31.5052 1.77327 -2
    endloop
  endfacet
  facet normal -0 0 1
    outer loop
      vertex 31.3508 1.61545 -2
      vertex 36 0 -2
      vertex 31.4299 1.69246 -2
    endloop
  endfacet
  facet normal -0 0 1
    outer loop
      vertex 31.268 1.54241 -2
      vertex 36 0 -2
      vertex 31.3508 1.61545 -2
    endloop
  endfacet
  facet normal 0 0 1
    outer loop
      vertex 36 0 -2
      vertex 31.268 1.54241 -2
      vertex 35.9566 -1.76644 -2
    endloop
  endfacet
  facet normal -0 0 1
    outer loop
      vertex 31.1816 1.47352 -2
      vertex 35.9566 -1.76644 -2
      vertex 31.268 1.54241 -2
    endloop
  endfacet
  facet normal -0 0 1
    outer loop
      vertex 31.0921 1.40895 -2
      vertex 35.9566 -1.76644 -2
      vertex 31.1816 1.47352 -2
    endloop
  endfacet
  facet normal -0 0 1
    outer loop
      vertex 30.9994 1.34885 -2
      vertex 35.9566 -1.76644 -2
      vertex 31.0921 1.40895 -2
    endloop
  endfacet
  facet normal -0 0 1
    outer loop
      vertex 30.9039 1.29337 -2
      vertex 35.9566 -1.76644 -2
      vertex 30.9994 1.34885 -2
    endloop
  endfacet
  facet normal -0 0 1
    outer loop
      vertex 30.8058 1.24264 -2
      vertex 35.9566 -1.76644 -2
      vertex 30.9039 1.29337 -2
    endloop
  endfacet
  facet normal -0 0 1
    outer loop
      vertex 30.7054 1.19679 -2
      vertex 35.9566 -1.76644 -2
      vertex 30.8058 1.24264 -2
    endloop
  endfacet
  facet normal 0 0 1
    outer loop
      vertex 35.9566 -1.76644 -2
      vertex 30.7054 1.19679 -2
      vertex 35.8266 -3.52862 -2
    endloop
  endfacet
  facet normal -0 0 1
    outer loop
      vertex 30.6028 1.15593 -2
      vertex 35.8266 -3.52862 -2
      vertex 30.7054 1.19679 -2
    endloop
  endfacet
  facet normal -0 0 1
    outer loop
      vertex 30.4983 1.12014 -2
      vertex 35.8266 -3.52862 -2
      vertex 30.6028 1.15593 -2
    endloop
  endfacet
  facet normal -0 0 1
    outer loop
      vertex 30.3922 1.08953 -2
      vertex 35.8266 -3.52862 -2
      vertex 30.4983 1.12014 -2
    endloop
  endfacet
  facet normal -0 0 1
    outer loop
      vertex 30.2847 1.06416 -2
      vertex 35.8266 -3.52862 -2
      vertex 30.3922 1.08953 -2
    endloop
  endfacet
  facet normal -0 0 1
    outer loop
      vertex 30.1761 1.04409 -2
      vertex 35.8266 -3.52862 -2
      vertex 30.2847 1.06416 -2
    endloop
  endfacet
  facet normal 0 0 1
    outer loop
      vertex 35.8266 -3.52862 -2
      vertex 30.1761 1.04409 -2
      vertex 35.6104 -5.2823 -2
    endloop
  endfacet
  facet normal -0 0 1
    outer loop
      vertex 30.0666 1.02938 -2
      vertex 35.6104 -5.2823 -2
      vertex 30.1761 1.04409 -2
    endloop
  endfacet
  facet normal -0 0 1
    outer loop
      vertex 29.9566 1.02005 -2
      vertex 35.6104 -5.2823 -2
      vertex 30.0666 1.02938 -2
    endloop
  endfacet
  facet normal -0 0 1
    outer loop
      vertex 29.8462 1.01614 -2
      vertex 35.6104 -5.2823 -2
      vertex 29.9566 1.02005 -2
    endloop
  endfacet
  facet normal 0 0 1
    outer loop
      vertex 29.7358 1.01765 -2
      vertex 35.6104 -5.2823 -2
      vertex 29.8462 1.01614 -2
    endloop
  endfacet
  facet normal 0 0 1
    outer loop
      vertex 35.6104 -5.2823 -2
      vertex 29.7358 1.01765 -2
      vertex 35.3083 -7.02325 -2
    endloop
  endfacet
  facet normal 0 0 1
    outer loop
      vertex 29.6256 1.02457 -2
      vertex 35.3083 -7.02325 -2
      vertex 29.7358 1.01765 -2
    endloop
  endfacet
  facet normal 0 0 1
    outer loop
      vertex 29.5158 1.03689 -2
      vertex 35.3083 -7.02325 -2
      vertex 29.6256 1.02457 -2
    endloop
  endfacet
  facet normal 0 0 1
    outer loop
      vertex 29.4068 1.05458 -2
      vertex 35.3083 -7.02325 -2
      vertex 29.5158 1.03689 -2
    endloop
  endfacet
  facet normal 0 0 1
    outer loop
      vertex 35.3083 -7.02325 -2
      vertex 29.4068 1.05458 -2
      vertex 34.9211 -8.74729 -2
    endloop
  endfacet
  facet normal 0 0 1
    outer loop
      vertex 29.2988 1.0776 -2
      vertex 34.9211 -8.74729 -2
      vertex 29.4068 1.05458 -2
    endloop
  endfacet
  facet normal 0 0 1
    outer loop
      vertex 29.1921 1.10589 -2
      vertex 34.9211 -8.74729 -2
      vertex 29.2988 1.0776 -2
    endloop
  endfacet
  facet normal 0 0 1
    outer loop
      vertex 29.0868 1.13939 -2
      vertex 34.9211 -8.74729 -2
      vertex 29.1921 1.10589 -2
    endloop
  endfacet
  facet normal 0 0 1
    outer loop
      vertex 34.9211 -8.74729 -2
      vertex 29.0868 1.13939 -2
      vertex 34.4499 -10.4502 -2
    endloop
  endfacet
  facet normal 0 0 1
    outer loop
      vertex 28.9834 1.17801 -2
      vertex 34.4499 -10.4502 -2
      vertex 29.0868 1.13939 -2
    endloop
  endfacet
  facet normal 0 0 1
    outer loop
      vertex 28.8819 1.22166 -2
      vertex 34.4499 -10.4502 -2
      vertex 28.9834 1.17801 -2
    endloop
  endfacet
  facet normal 0 0 1
    outer loop
      vertex 34.4499 -10.4502 -2
      vertex 28.8819 1.22166 -2
      vertex 33.8956 -12.128 -2
    endloop
  endfacet
  facet normal 0 0 1
    outer loop
      vertex 28.7828 1.27023 -2
      vertex 33.8956 -12.128 -2
      vertex 28.8819 1.22166 -2
    endloop
  endfacet
  facet normal 0 0 1
    outer loop
      vertex 28.6861 1.32361 -2
      vertex 33.8956 -12.128 -2
      vertex 28.7828 1.27023 -2
    endloop
  endfacet
  facet normal 0 0 1
    outer loop
      vertex 33.8956 -12.128 -2
      vertex 28.6861 1.32361 -2
      vertex 33.2597 -13.7766 -2
    endloop
  endfacet
  facet normal 0 0 1
    outer loop
      vertex 28.5921 1.38167 -2
      vertex 33.2597 -13.7766 -2
      vertex 28.6861 1.32361 -2
    endloop
  endfacet
  facet normal 0 0 1
    outer loop
      vertex 10.357 -3.70579 -2
      vertex 28.4134 1.51127 -2
      vertex 10.5263 -3.19313 -2
    endloop
  endfacet
  facet normal 0 0 1
    outer loop
      vertex 28.2481 1.65776 -2
      vertex 10.5263 -3.19313 -2
      vertex 28.329 1.58248 -2
    endloop
  endfacet
  facet normal 0 0 1
    outer loop
      vertex 28.0981 1.81973 -2
      vertex 10.6703 -2.67278 -2
      vertex 28.1711 1.7369 -2
    endloop
  endfacet
  facet normal 0 0 1
    outer loop
      vertex 28.1711 1.7369 -2
      vertex 10.6703 -2.67278 -2
      vertex 28.2481 1.65776 -2
    endloop
  endfacet
  facet normal 0 0 1
    outer loop
      vertex 10.5263 -3.19313 -2
      vertex 28.2481 1.65776 -2
      vertex 10.6703 -2.67278 -2
    endloop
  endfacet
  facet normal 0 0 1
    outer loop
      vertex 28.329 1.58248 -2
      vertex 10.5263 -3.19313 -2
      vertex 28.4134 1.51127 -2
    endloop
  endfacet
  facet normal 0 0 1
    outer loop
      vertex 10.6703 -2.67278 -2
      vertex 28.0981 1.81973 -2
      vertex 10.7886 -2.14599 -2
    endloop
  endfacet
  facet normal 0 0 1
    outer loop
      vertex 28.0292 1.90605 -2
      vertex 10.7886 -2.14599 -2
      vertex 28.0981 1.81973 -2
    endloop
  endfacet
  facet normal 0 0 1
    outer loop
      vertex 27.9646 1.99564 -2
      vertex 10.7886 -2.14599 -2
      vertex 28.0292 1.90605 -2
    endloop
  endfacet
  facet normal 0 0 1
    outer loop
      vertex 10.7886 -2.14599 -2
      vertex 27.9646 1.99564 -2
      vertex 10.8809 -1.61403 -2
    endloop
  endfacet
  facet normal 0 0 1
    outer loop
      vertex 27.9045 2.08829 -2
      vertex 10.8809 -1.61403 -2
      vertex 27.9646 1.99564 -2
    endloop
  endfacet
  facet normal 0 0 1
    outer loop
      vertex 10.8809 -1.61403 -2
      vertex 27.9045 2.08829 -2
      vertex 10.947 -1.07819 -2
    endloop
  endfacet
  facet normal 0 0 1
    outer loop
      vertex 27.8491 2.18378 -2
      vertex 10.947 -1.07819 -2
      vertex 27.9045 2.08829 -2
    endloop
  endfacet
  facet normal 0 0 1
    outer loop
      vertex 27.7983 2.28188 -2
      vertex 10.947 -1.07819 -2
      vertex 27.8491 2.18378 -2
    endloop
  endfacet
  facet normal 0 0 1
    outer loop
      vertex 10.947 -1.07819 -2
      vertex 27.7983 2.28188 -2
      vertex 10.9867 -0.539744 -2
    endloop
  endfacet
  facet normal 0 0 1
    outer loop
      vertex 28.4134 1.51127 -2
      vertex 10.357 -3.70579 -2
      vertex 28.5012 1.44428 -2
    endloop
  endfacet
  facet normal 0 0 1
    outer loop
      vertex 27.7525 2.38234 -2
      vertex 10.9867 -0.539744 -2
      vertex 27.7983 2.28188 -2
    endloop
  endfacet
  facet normal 0 0 1
    outer loop
      vertex 27.7116 2.48494 -2
      vertex 10.9867 -0.539744 -2
      vertex 27.7525 2.38234 -2
    endloop
  endfacet
  facet normal 0 0 1
    outer loop
      vertex 10.9867 -0.539744 -2
      vertex 27.7116 2.48494 -2
      vertex 11 0 -2
    endloop
  endfacet
  facet normal 0 0 1
    outer loop
      vertex 11 0 -2
      vertex 27.7116 2.48494 -2
      vertex 27.6758 2.58942 -2
    endloop
  endfacet
  facet normal 0 0 1
    outer loop
      vertex 11 0 -2
      vertex 27.6758 2.58942 -2
      vertex 27.6452 2.69553 -2
    endloop
  endfacet
  facet normal 0 0 1
    outer loop
      vertex 10.9867 0.539744 -2
      vertex 27.6452 2.69553 -2
      vertex 27.6198 2.80301 -2
    endloop
  endfacet
  facet normal 0 0 1
    outer loop
      vertex 10.9867 0.539744 -2
      vertex 27.6198 2.80301 -2
      vertex 27.5998 2.9116 -2
    endloop
  endfacet
  facet normal 0 0 1
    outer loop
      vertex 10.947 1.07819 -2
      vertex 27.5998 2.9116 -2
      vertex 27.5851 3.02106 -2
    endloop
  endfacet
  facet normal 0 0 1
    outer loop
      vertex 10.947 1.07819 -2
      vertex 27.5851 3.02106 -2
      vertex 27.5757 3.1311 -2
    endloop
  endfacet
  facet normal 0 0 1
    outer loop
      vertex 10.8809 1.61403 -2
      vertex 27.5757 3.1311 -2
      vertex 27.5718 3.24146 -2
    endloop
  endfacet
  facet normal 0 -0 1
    outer loop
      vertex 10.5263 3.19313 -2
      vertex 27.6616 3.89562 -2
      vertex 10.357 3.70579 -2
    endloop
  endfacet
  facet normal 0 0 1
    outer loop
      vertex 10.1627 -4.20952 -2
      vertex 28.5012 1.44428 -2
      vertex 10.357 -3.70579 -2
    endloop
  endfacet
  facet normal 0 0 1
    outer loop
      vertex 8.15046 7.38715 -2
      vertex 26.6742 24.1761 -2
      vertex 25.4558 25.4558 -2
    endloop
  endfacet
  facet normal 0 0 1
    outer loop
      vertex 28.5012 1.44428 -2
      vertex 10.1627 -4.20952 -2
      vertex 28.5921 1.38167 -2
    endloop
  endfacet
  facet normal 0 0 1
    outer loop
      vertex 7.77817 7.77817 -2
      vertex 25.4558 25.4558 -2
      vertex 24.1761 26.6742 -2
    endloop
  endfacet
  facet normal 0 0 1
    outer loop
      vertex 28.5921 1.38167 -2
      vertex 10.1627 -4.20952 -2
      vertex 33.2597 -13.7766 -2
    endloop
  endfacet
  facet normal 0 0 1
    outer loop
      vertex 7.38715 8.15046 -2
      vertex 24.1761 26.6742 -2
      vertex 22.8382 27.8284 -2
    endloop
  endfacet
  facet normal 0 0 1
    outer loop
      vertex 33.2597 -13.7766 -2
      vertex 10.1627 -4.20952 -2
      vertex 32.5436 -15.392 -2
    endloop
  endfacet
  facet normal 0 0 1
    outer loop
      vertex 6.97833 8.50311 -2
      vertex 22.8382 27.8284 -2
      vertex 21.4452 28.9155 -2
    endloop
  endfacet
  facet normal -0 0 1
    outer loop
      vertex 9.94388 -4.70311 -2
      vertex 32.5436 -15.392 -2
      vertex 10.1627 -4.20952 -2
    endloop
  endfacet
  facet normal 0 0 1
    outer loop
      vertex 6.55269 8.83528 -2
      vertex 21.4452 28.9155 -2
      vertex 20.0005 29.9329 -2
    endloop
  endfacet
  facet normal 0 0 1
    outer loop
      vertex 32.5436 -15.392 -2
      vertex 9.94388 -4.70311 -2
      vertex 31.7492 -16.9703 -2
    endloop
  endfacet
  facet normal 0 0 1
    outer loop
      vertex 6.11127 9.14616 -2
      vertex 20.0005 29.9329 -2
      vertex 18.5077 30.8782 -2
    endloop
  endfacet
  facet normal -0 0 1
    outer loop
      vertex 9.70113 -5.18536 -2
      vertex 31.7492 -16.9703 -2
      vertex 9.94388 -4.70311 -2
    endloop
  endfacet
  facet normal 0 0 1
    outer loop
      vertex 5.65513 9.43501 -2
      vertex 18.5077 30.8782 -2
      vertex 16.9703 31.7492 -2
    endloop
  endfacet
  facet normal 0 0 1
    outer loop
      vertex 31.7492 -16.9703 -2
      vertex 9.70113 -5.18536 -2
      vertex 30.8782 -18.5077 -2
    endloop
  endfacet
  facet normal 0 0 1
    outer loop
      vertex 5.18536 9.70113 -2
      vertex 16.9703 31.7492 -2
      vertex 15.392 32.5436 -2
    endloop
  endfacet
  facet normal -0 0 1
    outer loop
      vertex 9.43501 -5.65513 -2
      vertex 30.8782 -18.5077 -2
      vertex 9.70113 -5.18536 -2
    endloop
  endfacet
  facet normal 0 0 1
    outer loop
      vertex 4.70311 9.94388 -2
      vertex 15.392 32.5436 -2
      vertex 13.7766 33.2597 -2
    endloop
  endfacet
  facet normal 0 0 1
    outer loop
      vertex 30.8782 -18.5077 -2
      vertex 9.43501 -5.65513 -2
      vertex 29.9329 -20.0005 -2
    endloop
  endfacet
  facet normal 0 0 1
    outer loop
      vertex -1.05458 29.4068 -2
      vertex 7.02325 35.3083 -2
      vertex -1.03689 29.5158 -2
    endloop
  endfacet
  facet normal -0 0 1
    outer loop
      vertex 9.14616 -6.11127 -2
      vertex 29.9329 -20.0005 -2
      vertex 9.43501 -5.65513 -2
    endloop
  endfacet
  facet normal 0 0 1
    outer loop
      vertex 29.9329 -20.0005 -2
      vertex 9.14616 -6.11127 -2
      vertex 28.9155 -21.4452 -2
    endloop
  endfacet
  facet normal 0 0 1
    outer loop
      vertex 27.6452 2.69553 -2
      vertex 10.9867 0.539744 -2
      vertex 11 0 -2
    endloop
  endfacet
  facet normal 0 0 1
    outer loop
      vertex 27.5998 2.9116 -2
      vertex 10.947 1.07819 -2
      vertex 10.9867 0.539744 -2
    endloop
  endfacet
  facet normal 0 0 1
    outer loop
      vertex 27.5757 3.1311 -2
      vertex 10.8809 1.61403 -2
      vertex 10.947 1.07819 -2
    endloop
  endfacet
  facet normal 0 0 1
    outer loop
      vertex 27.5718 3.24146 -2
      vertex 10.7886 2.14599 -2
      vertex 10.8809 1.61403 -2
    endloop
  endfacet
  facet normal 0 0 1
    outer loop
      vertex 27.5733 3.35189 -2
      vertex 10.7886 2.14599 -2
      vertex 27.5718 3.24146 -2
    endloop
  endfacet
  facet normal 0 0 1
    outer loop
      vertex 27.5803 3.46211 -2
      vertex 10.7886 2.14599 -2
      vertex 27.5733 3.35189 -2
    endloop
  endfacet
  facet normal 0 0 1
    outer loop
      vertex -1.03689 29.5158 -2
      vertex 7.02325 35.3083 -2
      vertex -1.02457 29.6256 -2
    endloop
  endfacet
  facet normal 0 -0 1
    outer loop
      vertex 10.7886 2.14599 -2
      vertex 27.5803 3.46211 -2
      vertex 10.6703 2.67278 -2
    endloop
  endfacet
  facet normal 0 0 1
    outer loop
      vertex 27.5926 3.57185 -2
      vertex 10.6703 2.67278 -2
      vertex 27.5803 3.46211 -2
    endloop
  endfacet
  facet normal 0 0 1
    outer loop
      vertex 27.6103 3.68086 -2
      vertex 10.6703 2.67278 -2
      vertex 27.5926 3.57185 -2
    endloop
  endfacet
  facet normal 0 -0 1
    outer loop
      vertex 10.6703 2.67278 -2
      vertex 27.6103 3.68086 -2
      vertex 10.5263 3.19313 -2
    endloop
  endfacet
  facet normal 0 0 1
    outer loop
      vertex 27.6333 3.78887 -2
      vertex 10.5263 3.19313 -2
      vertex 27.6103 3.68086 -2
    endloop
  endfacet
  facet normal 0 0 1
    outer loop
      vertex 27.6616 3.89562 -2
      vertex 10.5263 3.19313 -2
      vertex 27.6333 3.78887 -2
    endloop
  endfacet
  facet normal 0 0 1
    outer loop
      vertex 28.9155 21.4452 -2
      vertex 8.83528 6.55269 -2
      vertex 9.14616 6.11127 -2
    endloop
  endfacet
  facet normal 0 0 1
    outer loop
      vertex -1.02457 29.6256 -2
      vertex 7.02325 35.3083 -2
      vertex -1.01765 29.7358 -2
    endloop
  endfacet
  facet normal 0 0 1
    outer loop
      vertex 27.8284 22.8382 -2
      vertex 8.50311 6.97833 -2
      vertex 8.83528 6.55269 -2
    endloop
  endfacet
  facet normal 0 0 1
    outer loop
      vertex 26.6742 24.1761 -2
      vertex 8.15046 7.38715 -2
      vertex 8.50311 6.97833 -2
    endloop
  endfacet
  facet normal 0 0 1
    outer loop
      vertex 25.4558 25.4558 -2
      vertex 7.77817 7.77817 -2
      vertex 8.15046 7.38715 -2
    endloop
  endfacet
  facet normal 0 0 1
    outer loop
      vertex 24.1761 26.6742 -2
      vertex 7.38715 8.15046 -2
      vertex 7.77817 7.77817 -2
    endloop
  endfacet
  facet normal 0 0 1
    outer loop
      vertex 5.2823 35.6104 -2
      vertex -1.01765 29.7358 -2
      vertex 7.02325 35.3083 -2
    endloop
  endfacet
  facet normal 0 0 1
    outer loop
      vertex 22.8382 27.8284 -2
      vertex 6.97833 8.50311 -2
      vertex 7.38715 8.15046 -2
    endloop
  endfacet
  facet normal 0 0 1
    outer loop
      vertex 21.4452 28.9155 -2
      vertex 6.55269 8.83528 -2
      vertex 6.97833 8.50311 -2
    endloop
  endfacet
  facet normal 0 0 1
    outer loop
      vertex 20.0005 29.9329 -2
      vertex 6.11127 9.14616 -2
      vertex 6.55269 8.83528 -2
    endloop
  endfacet
  facet normal 0 0 1
    outer loop
      vertex 18.5077 30.8782 -2
      vertex 5.65513 9.43501 -2
      vertex 6.11127 9.14616 -2
    endloop
  endfacet
  facet normal 0 0 1
    outer loop
      vertex -1.01765 29.7358 -2
      vertex 5.2823 35.6104 -2
      vertex -1.01614 29.8462 -2
    endloop
  endfacet
  facet normal 0 0 1
    outer loop
      vertex 16.9703 31.7492 -2
      vertex 5.18536 9.70113 -2
      vertex 5.65513 9.43501 -2
    endloop
  endfacet
  facet normal 0 0 1
    outer loop
      vertex 15.392 32.5436 -2
      vertex 4.70311 9.94388 -2
      vertex 5.18536 9.70113 -2
    endloop
  endfacet
  facet normal 0 0 1
    outer loop
      vertex 7.02325 35.3083 -2
      vertex -1.05458 29.4068 -2
      vertex 8.74729 34.9211 -2
    endloop
  endfacet
  facet normal 0 0 1
    outer loop
      vertex 13.7766 33.2597 -2
      vertex 4.20952 10.1627 -2
      vertex 4.70311 9.94388 -2
    endloop
  endfacet
  facet normal 0 0 1
    outer loop
      vertex -1.04409 30.1761 -2
      vertex 5.2823 35.6104 -2
      vertex 3.52862 35.8266 -2
    endloop
  endfacet
  facet normal 0 0 1
    outer loop
      vertex -1.0776 29.2988 -2
      vertex 8.74729 34.9211 -2
      vertex -1.05458 29.4068 -2
    endloop
  endfacet
  facet normal 0 0 1
    outer loop
      vertex -1.10589 29.1921 -2
      vertex 8.74729 34.9211 -2
      vertex -1.0776 29.2988 -2
    endloop
  endfacet
  facet normal 0 0 1
    outer loop
      vertex -1.13939 29.0868 -2
      vertex 8.74729 34.9211 -2
      vertex -1.10589 29.1921 -2
    endloop
  endfacet
  facet normal 0 0 1
    outer loop
      vertex -1.19679 30.7054 -2
      vertex 3.52862 35.8266 -2
      vertex 1.76644 35.9566 -2
    endloop
  endfacet
  facet normal 0 0 1
    outer loop
      vertex 8.74729 34.9211 -2
      vertex -1.13939 29.0868 -2
      vertex 10.4502 34.4499 -2
    endloop
  endfacet
  facet normal 0 0 1
    outer loop
      vertex -1.17801 28.9834 -2
      vertex 10.4502 34.4499 -2
      vertex -1.13939 29.0868 -2
    endloop
  endfacet
  facet normal 0 0 1
    outer loop
      vertex -1.22166 28.8819 -2
      vertex 10.4502 34.4499 -2
      vertex -1.17801 28.9834 -2
    endloop
  endfacet
  facet normal 0 0 1
    outer loop
      vertex -1.54241 31.268 -2
      vertex 1.76644 35.9566 -2
      vertex 0 36 -2
    endloop
  endfacet
  facet normal 0 0 1
    outer loop
      vertex 10.4502 34.4499 -2
      vertex -1.22166 28.8819 -2
      vertex 12.128 33.8956 -2
    endloop
  endfacet
  facet normal 0 0 1
    outer loop
      vertex -1.27023 28.7828 -2
      vertex 12.128 33.8956 -2
      vertex -1.22166 28.8819 -2
    endloop
  endfacet
  facet normal 0 0 1
    outer loop
      vertex -1.32361 28.6861 -2
      vertex 12.128 33.8956 -2
      vertex -1.27023 28.7828 -2
    endloop
  endfacet
  facet normal 0 0 1
    outer loop
      vertex 5.2823 35.6104 -2
      vertex -1.02005 29.9566 -2
      vertex -1.01614 29.8462 -2
    endloop
  endfacet
  facet normal 0 0 1
    outer loop
      vertex 5.2823 35.6104 -2
      vertex -1.02938 30.0666 -2
      vertex -1.02005 29.9566 -2
    endloop
  endfacet
  facet normal 0 0 1
    outer loop
      vertex 5.2823 35.6104 -2
      vertex -1.04409 30.1761 -2
      vertex -1.02938 30.0666 -2
    endloop
  endfacet
  facet normal 0 0 1
    outer loop
      vertex 3.52862 35.8266 -2
      vertex -1.06416 30.2847 -2
      vertex -1.04409 30.1761 -2
    endloop
  endfacet
  facet normal 0 0 1
    outer loop
      vertex 3.52862 35.8266 -2
      vertex -1.08953 30.3922 -2
      vertex -1.06416 30.2847 -2
    endloop
  endfacet
  facet normal 0 0 1
    outer loop
      vertex 3.52862 35.8266 -2
      vertex -1.12014 30.4983 -2
      vertex -1.08953 30.3922 -2
    endloop
  endfacet
  facet normal 0 0 1
    outer loop
      vertex 3.52862 35.8266 -2
      vertex -1.15593 30.6028 -2
      vertex -1.12014 30.4983 -2
    endloop
  endfacet
  facet normal 0 0 1
    outer loop
      vertex 3.52862 35.8266 -2
      vertex -1.19679 30.7054 -2
      vertex -1.15593 30.6028 -2
    endloop
  endfacet
  facet normal 0 0 1
    outer loop
      vertex 1.76644 35.9566 -2
      vertex -1.24264 30.8058 -2
      vertex -1.19679 30.7054 -2
    endloop
  endfacet
  facet normal 0 0 1
    outer loop
      vertex 1.76644 35.9566 -2
      vertex -1.29337 30.9039 -2
      vertex -1.24264 30.8058 -2
    endloop
  endfacet
  facet normal 0 0 1
    outer loop
      vertex 1.76644 35.9566 -2
      vertex -1.34885 30.9994 -2
      vertex -1.29337 30.9039 -2
    endloop
  endfacet
  facet normal 0 0 1
    outer loop
      vertex 1.76644 35.9566 -2
      vertex -1.40895 31.0921 -2
      vertex -1.34885 30.9994 -2
    endloop
  endfacet
  facet normal 0 0 1
    outer loop
      vertex 1.76644 35.9566 -2
      vertex -1.47352 31.1816 -2
      vertex -1.40895 31.0921 -2
    endloop
  endfacet
  facet normal 0 0 1
    outer loop
      vertex 1.76644 35.9566 -2
      vertex -1.54241 31.268 -2
      vertex -1.47352 31.1816 -2
    endloop
  endfacet
  facet normal 0 0 1
    outer loop
      vertex 0 36 -2
      vertex -1.61545 31.3508 -2
      vertex -1.54241 31.268 -2
    endloop
  endfacet
  facet normal 0 0 1
    outer loop
      vertex 0 36 -2
      vertex -1.69246 31.4299 -2
      vertex -1.61545 31.3508 -2
    endloop
  endfacet
  facet normal 0 0 1
    outer loop
      vertex -2.03645 31.706 -2
      vertex 0 36 -2
      vertex -1.76644 35.9566 -2
    endloop
  endfacet
  facet normal 0 0 1
    outer loop
      vertex 0 36 -2
      vertex -1.77327 31.5052 -2
      vertex -1.69246 31.4299 -2
    endloop
  endfacet
  facet normal 0 0 1
    outer loop
      vertex 0 36 -2
      vertex -1.85768 31.5764 -2
      vertex -1.77327 31.5052 -2
    endloop
  endfacet
  facet normal 0 0 1
    outer loop
      vertex 0 36 -2
      vertex -1.94548 31.6434 -2
      vertex -1.85768 31.5764 -2
    endloop
  endfacet
  facet normal 0 0 1
    outer loop
      vertex 0 36 -2
      vertex -2.03645 31.706 -2
      vertex -1.94548 31.6434 -2
    endloop
  endfacet
  facet normal 0 0 1
    outer loop
      vertex -1.76644 35.9566 -2
      vertex -2.13039 31.7641 -2
      vertex -2.03645 31.706 -2
    endloop
  endfacet
  facet normal 0 0 1
    outer loop
      vertex -1.76644 35.9566 -2
      vertex -2.22707 31.8175 -2
      vertex -2.13039 31.7641 -2
    endloop
  endfacet
  facet normal 0 0 1
    outer loop
      vertex -1.76644 35.9566 -2
      vertex -2.32625 31.866 -2
      vertex -2.22707 31.8175 -2
    endloop
  endfacet
  facet normal 0 0 1
    outer loop
      vertex -1.76644 35.9566 -2
      vertex -2.42769 31.9097 -2
      vertex -2.32625 31.866 -2
    endloop
  endfacet
  facet normal 0 0 1
    outer loop
      vertex -1.76644 35.9566 -2
      vertex -2.53116 31.9483 -2
      vertex -2.42769 31.9097 -2
    endloop
  endfacet
  facet normal 0 0 1
    outer loop
      vertex -1.76644 35.9566 -2
      vertex -2.63639 31.9818 -2
      vertex -2.53116 31.9483 -2
    endloop
  endfacet
  facet normal 0 0 1
    outer loop
      vertex -1.76644 35.9566 -2
      vertex -2.74314 32.0101 -2
      vertex -2.63639 31.9818 -2
    endloop
  endfacet
  facet normal 0 0 1
    outer loop
      vertex -1.76644 35.9566 -2
      vertex -2.85115 32.0331 -2
      vertex -2.74314 32.0101 -2
    endloop
  endfacet
  facet normal -0 0 1
    outer loop
      vertex -3.52862 35.8266 -2
      vertex -2.85115 32.0331 -2
      vertex -1.76644 35.9566 -2
    endloop
  endfacet
  facet normal 0 0 1
    outer loop
      vertex -2.85115 32.0331 -2
      vertex -3.52862 35.8266 -2
      vertex -2.96016 32.0508 -2
    endloop
  endfacet
  facet normal 0 0 1
    outer loop
      vertex -2.96016 32.0508 -2
      vertex -3.52862 35.8266 -2
      vertex -3.06991 32.0631 -2
    endloop
  endfacet
  facet normal 0 0 1
    outer loop
      vertex -3.06991 32.0631 -2
      vertex -3.52862 35.8266 -2
      vertex -3.18012 32.07 -2
    endloop
  endfacet
  facet normal 0 0 1
    outer loop
      vertex -3.18012 32.07 -2
      vertex -3.52862 35.8266 -2
      vertex -3.29055 32.0716 -2
    endloop
  endfacet
  facet normal 0 0 1
    outer loop
      vertex -3.29055 32.0716 -2
      vertex -3.52862 35.8266 -2
      vertex -3.40092 32.0676 -2
    endloop
  endfacet
  facet normal 0 0 1
    outer loop
      vertex -3.40092 32.0676 -2
      vertex -3.52862 35.8266 -2
      vertex -3.51096 32.0583 -2
    endloop
  endfacet
  facet normal 0 0 1
    outer loop
      vertex -3.52862 35.8266 -2
      vertex -3.62041 32.0436 -2
      vertex -3.51096 32.0583 -2
    endloop
  endfacet
  facet normal 0 0 1
    outer loop
      vertex -3.52862 35.8266 -2
      vertex -3.729 32.0235 -2
      vertex -3.62041 32.0436 -2
    endloop
  endfacet
  facet normal -0 0 1
    outer loop
      vertex -5.2823 35.6104 -2
      vertex -3.729 32.0235 -2
      vertex -3.52862 35.8266 -2
    endloop
  endfacet
  facet normal 0 0 1
    outer loop
      vertex -3.729 32.0235 -2
      vertex -5.2823 35.6104 -2
      vertex -3.83649 31.9982 -2
    endloop
  endfacet
  facet normal 0 0 1
    outer loop
      vertex -3.83649 31.9982 -2
      vertex -5.2823 35.6104 -2
      vertex -3.94259 31.9676 -2
    endloop
  endfacet
  facet normal 0 0 1
    outer loop
      vertex -3.94259 31.9676 -2
      vertex -5.2823 35.6104 -2
      vertex -4.04707 31.9318 -2
    endloop
  endfacet
  facet normal 0 0 1
    outer loop
      vertex -4.04707 31.9318 -2
      vertex -5.2823 35.6104 -2
      vertex -4.14967 31.8909 -2
    endloop
  endfacet
  facet normal 0 0 1
    outer loop
      vertex -4.14967 31.8909 -2
      vertex -5.2823 35.6104 -2
      vertex -4.25013 31.8451 -2
    endloop
  endfacet
  facet normal 0 0 1
    outer loop
      vertex -4.25013 31.8451 -2
      vertex -5.2823 35.6104 -2
      vertex -4.34823 31.7943 -2
    endloop
  endfacet
  facet normal 0 0 1
    outer loop
      vertex -4.34823 31.7943 -2
      vertex -5.2823 35.6104 -2
      vertex -4.44372 31.7388 -2
    endloop
  endfacet
  facet normal 0 0 1
    outer loop
      vertex -4.44372 31.7388 -2
      vertex -5.2823 35.6104 -2
      vertex -4.53637 31.6787 -2
    endloop
  endfacet
  facet normal -0 0 1
    outer loop
      vertex -7.02325 35.3083 -2
      vertex -4.53637 31.6787 -2
      vertex -5.2823 35.6104 -2
    endloop
  endfacet
  facet normal 0 0 1
    outer loop
      vertex -4.53637 31.6787 -2
      vertex -7.02325 35.3083 -2
      vertex -4.62596 31.6142 -2
    endloop
  endfacet
  facet normal 0 0 1
    outer loop
      vertex -4.62596 31.6142 -2
      vertex -7.02325 35.3083 -2
      vertex -4.71228 31.5453 -2
    endloop
  endfacet
  facet normal 0 0 1
    outer loop
      vertex -4.71228 31.5453 -2
      vertex -7.02325 35.3083 -2
      vertex -4.79511 31.4722 -2
    endloop
  endfacet
  facet normal 0 0 1
    outer loop
      vertex -4.79511 31.4722 -2
      vertex -7.02325 35.3083 -2
      vertex -4.87426 31.3952 -2
    endloop
  endfacet
  facet normal 0 0 1
    outer loop
      vertex -4.87426 31.3952 -2
      vertex -7.02325 35.3083 -2
      vertex -4.94953 31.3144 -2
    endloop
  endfacet
  facet normal 0 0 1
    outer loop
      vertex -4.94953 31.3144 -2
      vertex -7.02325 35.3083 -2
      vertex -5.02075 31.23 -2
    endloop
  endfacet
  facet normal 0 0 1
    outer loop
      vertex -5.02075 31.23 -2
      vertex -7.02325 35.3083 -2
      vertex -5.08774 31.1422 -2
    endloop
  endfacet
  facet normal 0 0 1
    outer loop
      vertex -5.08774 31.1422 -2
      vertex -7.02325 35.3083 -2
      vertex -5.15034 31.0512 -2
    endloop
  endfacet
  facet normal -0 0 1
    outer loop
      vertex -8.74729 34.9211 -2
      vertex -5.15034 31.0512 -2
      vertex -7.02325 35.3083 -2
    endloop
  endfacet
  facet normal 0 0 1
    outer loop
      vertex -5.15034 31.0512 -2
      vertex -8.74729 34.9211 -2
      vertex -5.2084 30.9573 -2
    endloop
  endfacet
  facet normal 0 0 1
    outer loop
      vertex -5.2084 30.9573 -2
      vertex -8.74729 34.9211 -2
      vertex -5.26178 30.8606 -2
    endloop
  endfacet
  facet normal 0 0 1
    outer loop
      vertex -5.26178 30.8606 -2
      vertex -8.74729 34.9211 -2
      vertex -5.31035 30.7614 -2
    endloop
  endfacet
  facet normal 0 0 1
    outer loop
      vertex -5.31035 30.7614 -2
      vertex -8.74729 34.9211 -2
      vertex -5.354 30.66 -2
    endloop
  endfacet
  facet normal 0 0 1
    outer loop
      vertex -5.354 30.66 -2
      vertex -8.74729 34.9211 -2
      vertex -5.39262 30.5565 -2
    endloop
  endfacet
  facet normal 0 0 1
    outer loop
      vertex -5.39262 30.5565 -2
      vertex -8.74729 34.9211 -2
      vertex -5.42612 30.4513 -2
    endloop
  endfacet
  facet normal -0 0 1
    outer loop
      vertex -10.4502 34.4499 -2
      vertex -5.42612 30.4513 -2
      vertex -8.74729 34.9211 -2
    endloop
  endfacet
  facet normal 0 0 1
    outer loop
      vertex -5.42612 30.4513 -2
      vertex -10.4502 34.4499 -2
      vertex -5.45441 30.3446 -2
    endloop
  endfacet
  facet normal 0 0 1
    outer loop
      vertex -5.45441 30.3446 -2
      vertex -10.4502 34.4499 -2
      vertex -5.47743 30.2365 -2
    endloop
  endfacet
  facet normal 0 0 1
    outer loop
      vertex -4.67433 28.0669 -2
      vertex -6.11127 9.14616 -2
      vertex -5.65513 9.43501 -2
    endloop
  endfacet
  facet normal 0 0 1
    outer loop
      vertex -12.128 33.8956 -2
      vertex -5.51587 29.7971 -2
      vertex -5.51437 29.9076 -2
    endloop
  endfacet
  facet normal 0 0 1
    outer loop
      vertex -5.23864 28.7395 -2
      vertex -15.392 32.5436 -2
      vertex -16.9703 31.7492 -2
    endloop
  endfacet
  facet normal 0 0 1
    outer loop
      vertex -5.47743 30.2365 -2
      vertex -10.4502 34.4499 -2
      vertex -5.49512 30.1275 -2
    endloop
  endfacet
  facet normal 0 0 1
    outer loop
      vertex -5.49512 30.1275 -2
      vertex -10.4502 34.4499 -2
      vertex -5.50744 30.0178 -2
    endloop
  endfacet
  facet normal 0 0 1
    outer loop
      vertex -5.50744 30.0178 -2
      vertex -10.4502 34.4499 -2
      vertex -5.51437 29.9076 -2
    endloop
  endfacet
  facet normal -0 0 1
    outer loop
      vertex -12.128 33.8956 -2
      vertex -5.51437 29.9076 -2
      vertex -10.4502 34.4499 -2
    endloop
  endfacet
  facet normal 0 0 1
    outer loop
      vertex -5.48792 29.4673 -2
      vertex -12.128 33.8956 -2
      vertex -13.7766 33.2597 -2
    endloop
  endfacet
  facet normal 0 0 1
    outer loop
      vertex -5.37609 29.0406 -2
      vertex -13.7766 33.2597 -2
      vertex -15.392 32.5436 -2
    endloop
  endfacet
  facet normal 0 0 1
    outer loop
      vertex -5.12307 28.5513 -2
      vertex -16.9703 31.7492 -2
      vertex -18.5077 30.8782 -2
    endloop
  endfacet
  facet normal 0 0 1
    outer loop
      vertex -4.98961 28.3754 -2
      vertex -18.5077 30.8782 -2
      vertex -20.0005 29.9329 -2
    endloop
  endfacet
  facet normal 0 0 1
    outer loop
      vertex -4.83955 28.2134 -2
      vertex -20.0005 29.9329 -2
      vertex -6.11127 9.14616 -2
    endloop
  endfacet
  facet normal 0 0 1
    outer loop
      vertex -6.11127 9.14616 -2
      vertex -20.0005 29.9329 -2
      vertex -6.55269 8.83528 -2
    endloop
  endfacet
  facet normal -0 0 1
    outer loop
      vertex -21.4452 28.9155 -2
      vertex -6.55269 8.83528 -2
      vertex -20.0005 29.9329 -2
    endloop
  endfacet
  facet normal 0 0 1
    outer loop
      vertex -6.55269 8.83528 -2
      vertex -21.4452 28.9155 -2
      vertex -6.97833 8.50311 -2
    endloop
  endfacet
  facet normal -0 0 1
    outer loop
      vertex -22.8382 27.8284 -2
      vertex -6.97833 8.50311 -2
      vertex -21.4452 28.9155 -2
    endloop
  endfacet
  facet normal 0 0 1
    outer loop
      vertex -6.97833 8.50311 -2
      vertex -22.8382 27.8284 -2
      vertex -7.38715 8.15046 -2
    endloop
  endfacet
  facet normal -0 0 1
    outer loop
      vertex -24.1761 26.6742 -2
      vertex -7.38715 8.15046 -2
      vertex -22.8382 27.8284 -2
    endloop
  endfacet
  facet normal 0 0 1
    outer loop
      vertex -7.38715 8.15046 -2
      vertex -24.1761 26.6742 -2
      vertex -7.77817 7.77817 -2
    endloop
  endfacet
  facet normal -0 0 1
    outer loop
      vertex -25.4558 25.4558 -2
      vertex -7.77817 7.77817 -2
      vertex -24.1761 26.6742 -2
    endloop
  endfacet
  facet normal 0 0 1
    outer loop
      vertex -7.77817 7.77817 -2
      vertex -25.4558 25.4558 -2
      vertex -8.15046 7.38715 -2
    endloop
  endfacet
  facet normal -0 0 1
    outer loop
      vertex -26.6742 24.1761 -2
      vertex -8.15046 7.38715 -2
      vertex -25.4558 25.4558 -2
    endloop
  endfacet
  facet normal 0 0 1
    outer loop
      vertex -8.15046 7.38715 -2
      vertex -26.6742 24.1761 -2
      vertex -8.50311 6.97833 -2
    endloop
  endfacet
  facet normal -0 0 1
    outer loop
      vertex -27.8284 22.8382 -2
      vertex -8.50311 6.97833 -2
      vertex -26.6742 24.1761 -2
    endloop
  endfacet
  facet normal 0 0 1
    outer loop
      vertex -8.50311 6.97833 -2
      vertex -27.8284 22.8382 -2
      vertex -8.83528 6.55269 -2
    endloop
  endfacet
  facet normal -0 0 1
    outer loop
      vertex -28.9155 21.4452 -2
      vertex -8.83528 6.55269 -2
      vertex -27.8284 22.8382 -2
    endloop
  endfacet
  facet normal 0 0 1
    outer loop
      vertex -8.83528 6.55269 -2
      vertex -28.9155 21.4452 -2
      vertex -9.14616 6.11127 -2
    endloop
  endfacet
  facet normal 0.266682 0.963785 -0
    outer loop
      vertex 10.4502 34.4499 -8
      vertex 8.74729 34.9211 -2
      vertex 10.4502 34.4499 -2
    endloop
  endfacet
  facet normal 0.266682 0.963785 0
    outer loop
      vertex 8.74729 34.9211 -2
      vertex 10.4502 34.4499 -8
      vertex 8.74729 34.9211 -8
    endloop
  endfacet
  facet normal -0.689548 0.72424 0
    outer loop
      vertex -24.1761 26.6742 -8
      vertex -25.4558 25.4558 -2
      vertex -24.1761 26.6742 -2
    endloop
  endfacet
  facet normal -0.689548 0.72424 0
    outer loop
      vertex -25.4558 25.4558 -2
      vertex -24.1761 26.6742 -8
      vertex -25.4558 25.4558 -8
    endloop
  endfacet
  facet normal -0.844855 -0.534996 0
    outer loop
      vertex -29.9329 -20.0005 -8
      vertex -30.8782 -18.5077 -2
      vertex -30.8782 -18.5077 -8
    endloop
  endfacet
  facet normal -0.844855 -0.534996 0
    outer loop
      vertex -30.8782 -18.5077 -2
      vertex -29.9329 -20.0005 -8
      vertex -29.9329 -20.0005 -2
    endloop
  endfacet
  facet normal 0.359878 0.932999 -0
    outer loop
      vertex 13.7766 33.2597 -8
      vertex 12.128 33.8956 -2
      vertex 13.7766 33.2597 -2
    endloop
  endfacet
  facet normal 0.359878 0.932999 0
    outer loop
      vertex 12.128 33.8956 -2
      vertex 13.7766 33.2597 -8
      vertex 12.128 33.8956 -8
    endloop
  endfacet
  facet normal -0.999698 -0.0245618 0
    outer loop
      vertex -35.9566 -1.76644 -8
      vertex -36 0 -2
      vertex -36 0 -8
    endloop
  endfacet
  facet normal -0.999698 -0.0245618 0
    outer loop
      vertex -36 0 -2
      vertex -35.9566 -1.76644 -8
      vertex -35.9566 -1.76644 -2
    endloop
  endfacet
  facet normal 0.449589 -0.893236 0
    outer loop
      vertex 15.392 -32.5436 -8
      vertex 16.9703 -31.7492 -2
      vertex 15.392 -32.5436 -2
    endloop
  endfacet
  facet normal 0.449589 -0.893236 0
    outer loop
      vertex 16.9703 -31.7492 -2
      vertex 15.392 -32.5436 -8
      vertex 16.9703 -31.7492 -8
    endloop
  endfacet
  facet normal 0.757175 0.653212 0
    outer loop
      vertex 27.8284 22.8382 -2
      vertex 26.6742 24.1761 -8
      vertex 26.6742 24.1761 -2
    endloop
  endfacet
  facet normal 0.757175 0.653212 0
    outer loop
      vertex 26.6742 24.1761 -8
      vertex 27.8284 22.8382 -2
      vertex 27.8284 22.8382 -8
    endloop
  endfacet
  facet normal -0.844855 0.534996 0
    outer loop
      vertex -30.8782 18.5077 -8
      vertex -29.9329 20.0005 -2
      vertex -29.9329 20.0005 -8
    endloop
  endfacet
  facet normal -0.844855 0.534996 0
    outer loop
      vertex -29.9329 20.0005 -2
      vertex -30.8782 18.5077 -8
      vertex -30.8782 18.5077 -2
    endloop
  endfacet
  facet normal -0.914201 0.405261 0
    outer loop
      vertex -33.2597 13.7766 -8
      vertex -32.5436 15.392 -2
      vertex -32.5436 15.392 -8
    endloop
  endfacet
  facet normal -0.914201 0.405261 0
    outer loop
      vertex -32.5436 15.392 -2
      vertex -33.2597 13.7766 -8
      vertex -33.2597 13.7766 -2
    endloop
  endfacet
  facet normal 0.575781 -0.817604 0
    outer loop
      vertex 20.0005 -29.9329 -8
      vertex 21.4452 -28.9155 -2
      vertex 20.0005 -29.9329 -2
    endloop
  endfacet
  facet normal 0.575781 -0.817604 0
    outer loop
      vertex 21.4452 -28.9155 -2
      vertex 20.0005 -29.9329 -8
      vertex 21.4452 -28.9155 -8
    endloop
  endfacet
  facet normal -0.985276 -0.170971 0
    outer loop
      vertex -35.3083 -7.02325 -8
      vertex -35.6104 -5.2823 -2
      vertex -35.6104 -5.2823 -8
    endloop
  endfacet
  facet normal -0.985276 -0.170971 0
    outer loop
      vertex -35.6104 -5.2823 -2
      vertex -35.3083 -7.02325 -8
      vertex -35.3083 -7.02325 -2
    endloop
  endfacet
  facet normal -0.49293 -0.870069 0
    outer loop
      vertex -18.5077 -30.8782 -8
      vertex -16.9703 -31.7492 -2
      vertex -18.5077 -30.8782 -2
    endloop
  endfacet
  facet normal -0.49293 -0.870069 -0
    outer loop
      vertex -16.9703 -31.7492 -2
      vertex -18.5077 -30.8782 -8
      vertex -16.9703 -31.7492 -8
    endloop
  endfacet
  facet normal -0.0735723 -0.99729 0
    outer loop
      vertex -3.52862 -35.8266 -8
      vertex -1.76644 -35.9566 -2
      vertex -3.52862 -35.8266 -2
    endloop
  endfacet
  facet normal -0.0735723 -0.99729 -0
    outer loop
      vertex -1.76644 -35.9566 -2
      vertex -3.52862 -35.8266 -8
      vertex -1.76644 -35.9566 -8
    endloop
  endfacet
  facet normal -0.963785 0.266682 0
    outer loop
      vertex -34.9211 8.74729 -8
      vertex -34.4499 10.4502 -2
      vertex -34.4499 10.4502 -8
    endloop
  endfacet
  facet normal -0.963785 0.266682 0
    outer loop
      vertex -34.4499 10.4502 -2
      vertex -34.9211 8.74729 -8
      vertex -34.9211 8.74729 -2
    endloop
  endfacet
  facet normal -0.975696 -0.21913 0
    outer loop
      vertex -34.9211 -8.74729 -8
      vertex -35.3083 -7.02325 -2
      vertex -35.3083 -7.02325 -8
    endloop
  endfacet
  facet normal -0.975696 -0.21913 0
    outer loop
      vertex -35.3083 -7.02325 -2
      vertex -34.9211 -8.74729 -8
      vertex -34.9211 -8.74729 -2
    endloop
  endfacet
  facet normal 0.870069 -0.49293 0
    outer loop
      vertex 30.8782 -18.5077 -2
      vertex 31.7492 -16.9703 -8
      vertex 31.7492 -16.9703 -2
    endloop
  endfacet
  facet normal 0.870069 -0.49293 0
    outer loop
      vertex 31.7492 -16.9703 -8
      vertex 30.8782 -18.5077 -2
      vertex 30.8782 -18.5077 -8
    endloop
  endfacet
  facet normal 0.985276 -0.170971 0
    outer loop
      vertex 35.3083 -7.02325 -2
      vertex 35.6104 -5.2823 -8
      vertex 35.6104 -5.2823 -2
    endloop
  endfacet
  facet normal 0.985276 -0.170971 0
    outer loop
      vertex 35.6104 -5.2823 -8
      vertex 35.3083 -7.02325 -2
      vertex 35.3083 -7.02325 -8
    endloop
  endfacet
  facet normal -0.615229 -0.788349 0
    outer loop
      vertex -22.8382 -27.8284 -8
      vertex -21.4452 -28.9155 -2
      vertex -22.8382 -27.8284 -2
    endloop
  endfacet
  facet normal -0.615229 -0.788349 -0
    outer loop
      vertex -21.4452 -28.9155 -2
      vertex -22.8382 -27.8284 -8
      vertex -21.4452 -28.9155 -8
    endloop
  endfacet
  facet normal -0.757175 0.653212 0
    outer loop
      vertex -27.8284 22.8382 -8
      vertex -26.6742 24.1761 -2
      vertex -26.6742 24.1761 -8
    endloop
  endfacet
  facet normal -0.757175 0.653212 0
    outer loop
      vertex -26.6742 24.1761 -2
      vertex -27.8284 22.8382 -8
      vertex -27.8284 22.8382 -2
    endloop
  endfacet
  facet normal -0.313697 -0.949523 0
    outer loop
      vertex -12.128 -33.8956 -8
      vertex -10.4502 -34.4499 -2
      vertex -12.128 -33.8956 -2
    endloop
  endfacet
  facet normal -0.313697 -0.949523 -0
    outer loop
      vertex -10.4502 -34.4499 -2
      vertex -12.128 -33.8956 -8
      vertex -10.4502 -34.4499 -8
    endloop
  endfacet
  facet normal -0.21913 -0.975696 0
    outer loop
      vertex -8.74729 -34.9211 -8
      vertex -7.02325 -35.3083 -2
      vertex -8.74729 -34.9211 -2
    endloop
  endfacet
  facet normal -0.21913 -0.975696 -0
    outer loop
      vertex -7.02325 -35.3083 -2
      vertex -8.74729 -34.9211 -8
      vertex -7.02325 -35.3083 -8
    endloop
  endfacet
  facet normal -0.99729 0.0735723 0
    outer loop
      vertex -35.9566 1.76644 -8
      vertex -35.8266 3.52862 -2
      vertex -35.8266 3.52862 -8
    endloop
  endfacet
  facet normal -0.99729 0.0735723 0
    outer loop
      vertex -35.8266 3.52862 -2
      vertex -35.9566 1.76644 -8
      vertex -35.9566 1.76644 -2
    endloop
  endfacet
  facet normal -0.985276 0.170971 0
    outer loop
      vertex -35.6104 5.2823 -8
      vertex -35.3083 7.02325 -2
      vertex -35.3083 7.02325 -8
    endloop
  endfacet
  facet normal -0.985276 0.170971 0
    outer loop
      vertex -35.3083 7.02325 -2
      vertex -35.6104 5.2823 -8
      vertex -35.6104 5.2823 -2
    endloop
  endfacet
  facet normal -0.170971 -0.985276 0
    outer loop
      vertex -7.02325 -35.3083 -8
      vertex -5.2823 -35.6104 -2
      vertex -7.02325 -35.3083 -2
    endloop
  endfacet
  facet normal -0.170971 -0.985276 -0
    outer loop
      vertex -5.2823 -35.6104 -2
      vertex -7.02325 -35.3083 -8
      vertex -5.2823 -35.6104 -8
    endloop
  endfacet
  facet normal 0.313697 -0.949523 0
    outer loop
      vertex 10.4502 -34.4499 -8
      vertex 12.128 -33.8956 -2
      vertex 10.4502 -34.4499 -2
    endloop
  endfacet
  facet normal 0.313697 -0.949523 0
    outer loop
      vertex 12.128 -33.8956 -2
      vertex 10.4502 -34.4499 -8
      vertex 12.128 -33.8956 -8
    endloop
  endfacet
  facet normal -0.266682 0.963785 0
    outer loop
      vertex -8.74729 34.9211 -8
      vertex -10.4502 34.4499 -2
      vertex -8.74729 34.9211 -2
    endloop
  endfacet
  facet normal -0.266682 0.963785 0
    outer loop
      vertex -10.4502 34.4499 -2
      vertex -8.74729 34.9211 -8
      vertex -10.4502 34.4499 -8
    endloop
  endfacet
  facet normal -0.788349 -0.615229 0
    outer loop
      vertex -27.8284 -22.8382 -8
      vertex -28.9155 -21.4452 -2
      vertex -28.9155 -21.4452 -8
    endloop
  endfacet
  facet normal -0.788349 -0.615229 0
    outer loop
      vertex -28.9155 -21.4452 -2
      vertex -27.8284 -22.8382 -8
      vertex -27.8284 -22.8382 -2
    endloop
  endfacet
  facet normal -0.963785 -0.266682 0
    outer loop
      vertex -34.4499 -10.4502 -8
      vertex -34.9211 -8.74729 -2
      vertex -34.9211 -8.74729 -8
    endloop
  endfacet
  facet normal -0.963785 -0.266682 0
    outer loop
      vertex -34.9211 -8.74729 -2
      vertex -34.4499 -10.4502 -8
      vertex -34.4499 -10.4502 -2
    endloop
  endfacet
  facet normal -0.449589 -0.893236 0
    outer loop
      vertex -16.9703 -31.7492 -8
      vertex -15.392 -32.5436 -2
      vertex -16.9703 -31.7492 -2
    endloop
  endfacet
  facet normal -0.449589 -0.893236 -0
    outer loop
      vertex -15.392 -32.5436 -2
      vertex -16.9703 -31.7492 -8
      vertex -15.392 -32.5436 -8
    endloop
  endfacet
  facet normal -0.870069 0.49293 0
    outer loop
      vertex -31.7492 16.9703 -8
      vertex -30.8782 18.5077 -2
      vertex -30.8782 18.5077 -8
    endloop
  endfacet
  facet normal -0.870069 0.49293 0
    outer loop
      vertex -30.8782 18.5077 -2
      vertex -31.7492 16.9703 -8
      vertex -31.7492 16.9703 -2
    endloop
  endfacet
  facet normal -0.405261 0.914201 0
    outer loop
      vertex -13.7766 33.2597 -8
      vertex -15.392 32.5436 -2
      vertex -13.7766 33.2597 -2
    endloop
  endfacet
  facet normal -0.405261 0.914201 0
    outer loop
      vertex -15.392 32.5436 -2
      vertex -13.7766 33.2597 -8
      vertex -15.392 32.5436 -8
    endloop
  endfacet
  facet normal -0.575781 -0.817604 0
    outer loop
      vertex -21.4452 -28.9155 -8
      vertex -20.0005 -29.9329 -2
      vertex -21.4452 -28.9155 -2
    endloop
  endfacet
  facet normal -0.575781 -0.817604 -0
    outer loop
      vertex -20.0005 -29.9329 -2
      vertex -21.4452 -28.9155 -8
      vertex -20.0005 -29.9329 -8
    endloop
  endfacet
  facet normal -0.534996 -0.844855 0
    outer loop
      vertex -20.0005 -29.9329 -8
      vertex -18.5077 -30.8782 -2
      vertex -20.0005 -29.9329 -2
    endloop
  endfacet
  facet normal -0.534996 -0.844855 -0
    outer loop
      vertex -18.5077 -30.8782 -2
      vertex -20.0005 -29.9329 -8
      vertex -18.5077 -30.8782 -8
    endloop
  endfacet
  facet normal -0.122406 -0.99248 0
    outer loop
      vertex -1.83413 -12.3647 -56
      vertex -1.22521 -12.4398 -8
      vertex -1.83413 -12.3647 -8
    endloop
  endfacet
  facet normal -0.122406 -0.99248 -0
    outer loop
      vertex -1.22521 -12.4398 -8
      vertex -1.83413 -12.3647 -56
      vertex -1.22521 -12.4398 -56
    endloop
  endfacet
  facet normal 0.997295 0.0735097 0
    outer loop
      vertex 12.4849 0.613345 -8
      vertex 12.4398 1.22521 -56
      vertex 12.4398 1.22521 -8
    endloop
  endfacet
  facet normal 0.997295 0.0735097 0
    outer loop
      vertex 12.4398 1.22521 -56
      vertex 12.4849 0.613345 -8
      vertex 12.4849 0.613345 -56
    endloop
  endfacet
  facet normal 0.999697 0.0246116 0
    outer loop
      vertex 12.5 0 -8
      vertex 12.4849 0.613345 -56
      vertex 12.4849 0.613345 -8
    endloop
  endfacet
  facet normal 0.999697 0.0246116 0
    outer loop
      vertex 12.4849 0.613345 -56
      vertex 12.5 0 -8
      vertex 12.5 0 -56
    endloop
  endfacet
  facet normal 0.99248 0.122406 0
    outer loop
      vertex 12.4398 1.22521 -8
      vertex 12.3647 1.83413 -56
      vertex 12.3647 1.83413 -8
    endloop
  endfacet
  facet normal 0.99248 0.122406 0
    outer loop
      vertex 12.3647 1.83413 -56
      vertex 12.4398 1.22521 -8
      vertex 12.4398 1.22521 -56
    endloop
  endfacet
  facet normal 0.0735097 -0.997295 0
    outer loop
      vertex 0.613345 -12.4849 -56
      vertex 1.22521 -12.4398 -8
      vertex 0.613345 -12.4849 -8
    endloop
  endfacet
  facet normal 0.0735097 -0.997295 0
    outer loop
      vertex 1.22521 -12.4398 -8
      vertex 0.613345 -12.4849 -56
      vertex 1.22521 -12.4398 -56
    endloop
  endfacet
  facet normal 0.932996 -0.359885 0
    outer loop
      vertex 11.5485 -4.78354 -8
      vertex 11.7693 -4.21112 -56
      vertex 11.7693 -4.21112 -8
    endloop
  endfacet
  facet normal 0.932996 -0.359885 0
    outer loop
      vertex 11.7693 -4.21112 -56
      vertex 11.5485 -4.78354 -8
      vertex 11.5485 -4.78354 -56
    endloop
  endfacet
  facet normal -0.914228 0.405201 0
    outer loop
      vertex -11.5485 4.78354 -56
      vertex -11.2999 5.34444 -8
      vertex -11.2999 5.34444 -56
    endloop
  endfacet
  facet normal -0.914228 0.405201 0
    outer loop
      vertex -11.2999 5.34444 -8
      vertex -11.5485 4.78354 -56
      vertex -11.5485 4.78354 -8
    endloop
  endfacet
  facet normal 0.689552 0.724236 -0
    outer loop
      vertex 8.83883 8.83883 -56
      vertex 8.39449 9.26189 -8
      vertex 8.83883 8.83883 -8
    endloop
  endfacet
  facet normal 0.689552 0.724236 0
    outer loop
      vertex 8.39449 9.26189 -8
      vertex 8.83883 8.83883 -56
      vertex 8.39449 9.26189 -56
    endloop
  endfacet
  facet normal 0.359885 -0.932996 0
    outer loop
      vertex 4.21112 -11.7693 -56
      vertex 4.78354 -11.5485 -8
      vertex 4.21112 -11.7693 -8
    endloop
  endfacet
  facet normal 0.359885 -0.932996 0
    outer loop
      vertex 4.78354 -11.5485 -8
      vertex 4.21112 -11.7693 -56
      vertex 4.78354 -11.5485 -56
    endloop
  endfacet
  facet normal -0.844884 -0.534949 0
    outer loop
      vertex -10.3934 -6.94463 -56
      vertex -10.7216 -6.42628 -8
      vertex -10.7216 -6.42628 -56
    endloop
  endfacet
  facet normal -0.844884 -0.534949 0
    outer loop
      vertex -10.7216 -6.42628 -8
      vertex -10.3934 -6.94463 -56
      vertex -10.3934 -6.94463 -8
    endloop
  endfacet
  facet normal 0.975711 -0.219063 0
    outer loop
      vertex 12.1254 -3.03725 -8
      vertex 12.2598 -2.43863 -56
      vertex 12.2598 -2.43863 -8
    endloop
  endfacet
  facet normal 0.975711 -0.219063 0
    outer loop
      vertex 12.2598 -2.43863 -56
      vertex 12.1254 -3.03725 -8
      vertex 12.1254 -3.03725 -56
    endloop
  endfacet
  facet normal 0.949505 0.313753 0
    outer loop
      vertex 11.9618 3.62856 -8
      vertex 11.7693 4.21112 -56
      vertex 11.7693 4.21112 -8
    endloop
  endfacet
  facet normal 0.949505 0.313753 0
    outer loop
      vertex 11.7693 4.21112 -56
      vertex 11.9618 3.62856 -8
      vertex 11.9618 3.62856 -56
    endloop
  endfacet
  facet normal -0.975711 -0.219063 0
    outer loop
      vertex -12.1254 -3.03725 -56
      vertex -12.2598 -2.43863 -8
      vertex -12.2598 -2.43863 -56
    endloop
  endfacet
  facet normal -0.975711 -0.219063 0
    outer loop
      vertex -12.2598 -2.43863 -8
      vertex -12.1254 -3.03725 -56
      vertex -12.1254 -3.03725 -8
    endloop
  endfacet
  facet normal -0.914228 -0.405201 0
    outer loop
      vertex -11.2999 -5.34444 -56
      vertex -11.5485 -4.78354 -8
      vertex -11.5485 -4.78354 -56
    endloop
  endfacet
  facet normal -0.914228 -0.405201 0
    outer loop
      vertex -11.5485 -4.78354 -8
      vertex -11.2999 -5.34444 -56
      vertex -11.2999 -5.34444 -8
    endloop
  endfacet
  facet normal 0.75721 -0.653172 0
    outer loop
      vertex 9.26189 -8.39449 -8
      vertex 9.66263 -7.92992 -56
      vertex 9.66263 -7.92992 -8
    endloop
  endfacet
  facet normal 0.75721 -0.653172 0
    outer loop
      vertex 9.66263 -7.92992 -56
      vertex 9.26189 -8.39449 -8
      vertex 9.26189 -8.39449 -56
    endloop
  endfacet
  facet normal 0.893192 -0.449676 0
    outer loop
      vertex 11.024 -5.89246 -8
      vertex 11.2999 -5.34444 -56
      vertex 11.2999 -5.34444 -8
    endloop
  endfacet
  facet normal 0.893192 -0.449676 0
    outer loop
      vertex 11.2999 -5.34444 -56
      vertex 11.024 -5.89246 -8
      vertex 11.024 -5.89246 -56
    endloop
  endfacet
  facet normal 0.997295 -0.0735097 0
    outer loop
      vertex 12.4398 -1.22521 -8
      vertex 12.4849 -0.613345 -56
      vertex 12.4849 -0.613345 -8
    endloop
  endfacet
  facet normal 0.997295 -0.0735097 0
    outer loop
      vertex 12.4849 -0.613345 -56
      vertex 12.4398 -1.22521 -8
      vertex 12.4398 -1.22521 -56
    endloop
  endfacet
  facet normal -0.575837 0.817565 0
    outer loop
      vertex -6.94463 10.3934 -56
      vertex -7.44624 10.0401 -8
      vertex -6.94463 10.3934 -8
    endloop
  endfacet
  facet normal -0.575837 0.817565 0
    outer loop
      vertex -7.44624 10.0401 -8
      vertex -6.94463 10.3934 -56
      vertex -7.44624 10.0401 -56
    endloop
  endfacet
  facet normal -0.492892 0.870091 0
    outer loop
      vertex -5.89246 11.024 -56
      vertex -6.42628 10.7216 -8
      vertex -5.89246 11.024 -8
    endloop
  endfacet
  facet normal -0.492892 0.870091 0
    outer loop
      vertex -6.42628 10.7216 -8
      vertex -5.89246 11.024 -56
      vertex -6.42628 10.7216 -56
    endloop
  endfacet
  facet normal 0.724236 -0.689552 0
    outer loop
      vertex 8.83883 -8.83883 -8
      vertex 9.26189 -8.39449 -56
      vertex 9.26189 -8.39449 -8
    endloop
  endfacet
  facet normal 0.724236 -0.689552 0
    outer loop
      vertex 9.26189 -8.39449 -56
      vertex 8.83883 -8.83883 -8
      vertex 8.83883 -8.83883 -56
    endloop
  endfacet
  facet normal -0.266656 -0.963792 0
    outer loop
      vertex -3.62856 -11.9618 -56
      vertex -3.03725 -12.1254 -8
      vertex -3.62856 -11.9618 -8
    endloop
  endfacet
  facet normal -0.266656 -0.963792 -0
    outer loop
      vertex -3.03725 -12.1254 -8
      vertex -3.62856 -11.9618 -56
      vertex -3.03725 -12.1254 -56
    endloop
  endfacet
  facet normal -0.788345 0.615234 0
    outer loop
      vertex -10.0401 7.44624 -56
      vertex -9.66263 7.92992 -8
      vertex -9.66263 7.92992 -56
    endloop
  endfacet
  facet normal -0.788345 0.615234 0
    outer loop
      vertex -9.66263 7.92992 -8
      vertex -10.0401 7.44624 -56
      vertex -10.0401 7.44624 -8
    endloop
  endfacet
  facet normal 0.963792 -0.266656 0
    outer loop
      vertex 11.9618 -3.62856 -8
      vertex 12.1254 -3.03725 -56
      vertex 12.1254 -3.03725 -8
    endloop
  endfacet
  facet normal 0.963792 -0.266656 0
    outer loop
      vertex 12.1254 -3.03725 -56
      vertex 11.9618 -3.62856 -8
      vertex 11.9618 -3.62856 -56
    endloop
  endfacet
  facet normal -0.75721 0.653172 0
    outer loop
      vertex -9.66263 7.92992 -56
      vertex -9.26189 8.39449 -8
      vertex -9.26189 8.39449 -56
    endloop
  endfacet
  facet normal -0.75721 0.653172 0
    outer loop
      vertex -9.26189 8.39449 -8
      vertex -9.66263 7.92992 -56
      vertex -9.66263 7.92992 -8
    endloop
  endfacet
  facet normal -0.689552 0.724236 0
    outer loop
      vertex -8.39449 9.26189 -56
      vertex -8.83883 8.83883 -8
      vertex -8.39449 9.26189 -8
    endloop
  endfacet
  facet normal -0.689552 0.724236 0
    outer loop
      vertex -8.83883 8.83883 -8
      vertex -8.39449 9.26189 -56
      vertex -8.83883 8.83883 -56
    endloop
  endfacet
  facet normal 0.985275 -0.170977 0
    outer loop
      vertex 12.2598 -2.43863 -8
      vertex 12.3647 -1.83413 -56
      vertex 12.3647 -1.83413 -8
    endloop
  endfacet
  facet normal 0.985275 -0.170977 0
    outer loop
      vertex 12.3647 -1.83413 -56
      vertex 12.2598 -2.43863 -8
      vertex 12.2598 -2.43863 -56
    endloop
  endfacet
  facet normal 0.870091 0.492892 0
    outer loop
      vertex 11.024 5.89246 -8
      vertex 10.7216 6.42628 -56
      vertex 10.7216 6.42628 -8
    endloop
  endfacet
  facet normal 0.870091 0.492892 0
    outer loop
      vertex 10.7216 6.42628 -56
      vertex 11.024 5.89246 -8
      vertex 11.024 5.89246 -56
    endloop
  endfacet
  facet normal -0.0735097 0.997295 0
    outer loop
      vertex -0.613345 12.4849 -56
      vertex -1.22521 12.4398 -8
      vertex -0.613345 12.4849 -8
    endloop
  endfacet
  facet normal -0.0735097 0.997295 0
    outer loop
      vertex -1.22521 12.4398 -8
      vertex -0.613345 12.4849 -56
      vertex -1.22521 12.4398 -56
    endloop
  endfacet
  facet normal -0.313753 0.949505 0
    outer loop
      vertex -3.62856 11.9618 -56
      vertex -4.21112 11.7693 -8
      vertex -3.62856 11.9618 -8
    endloop
  endfacet
  facet normal -0.313753 0.949505 0
    outer loop
      vertex -4.21112 11.7693 -8
      vertex -3.62856 11.9618 -56
      vertex -4.21112 11.7693 -56
    endloop
  endfacet
  facet normal 0.219063 -0.975711 0
    outer loop
      vertex 2.43863 -12.2598 -56
      vertex 3.03725 -12.1254 -8
      vertex 2.43863 -12.2598 -8
    endloop
  endfacet
  facet normal 0.219063 -0.975711 0
    outer loop
      vertex 3.03725 -12.1254 -8
      vertex 2.43863 -12.2598 -56
      vertex 3.03725 -12.1254 -56
    endloop
  endfacet
  facet normal -0.932996 0.359885 0
    outer loop
      vertex -11.7693 4.21112 -56
      vertex -11.5485 4.78354 -8
      vertex -11.5485 4.78354 -56
    endloop
  endfacet
  facet normal -0.932996 0.359885 0
    outer loop
      vertex -11.5485 4.78354 -8
      vertex -11.7693 4.21112 -56
      vertex -11.7693 4.21112 -8
    endloop
  endfacet
  facet normal 0.914228 -0.405201 0
    outer loop
      vertex 11.2999 -5.34444 -8
      vertex 11.5485 -4.78354 -56
      vertex 11.5485 -4.78354 -8
    endloop
  endfacet
  facet normal 0.914228 -0.405201 0
    outer loop
      vertex 11.5485 -4.78354 -56
      vertex 11.2999 -5.34444 -8
      vertex 11.2999 -5.34444 -56
    endloop
  endfacet
  facet normal 0.893192 0.449676 0
    outer loop
      vertex 11.2999 5.34444 -8
      vertex 11.024 5.89246 -56
      vertex 11.024 5.89246 -8
    endloop
  endfacet
  facet normal 0.893192 0.449676 0
    outer loop
      vertex 11.024 5.89246 -56
      vertex 11.2999 5.34444 -8
      vertex 11.2999 5.34444 -56
    endloop
  endfacet
  facet normal -0.999697 0.0246116 0
    outer loop
      vertex -12.5 0 -56
      vertex -12.4849 0.613345 -8
      vertex -12.4849 0.613345 -56
    endloop
  endfacet
  facet normal -0.999697 0.0246116 0
    outer loop
      vertex -12.4849 0.613345 -8
      vertex -12.5 0 -56
      vertex -12.5 0 -8
    endloop
  endfacet
  facet normal -0.122406 0.99248 0
    outer loop
      vertex -1.22521 12.4398 -56
      vertex -1.83413 12.3647 -8
      vertex -1.22521 12.4398 -8
    endloop
  endfacet
  facet normal -0.122406 0.99248 0
    outer loop
      vertex -1.83413 12.3647 -8
      vertex -1.22521 12.4398 -56
      vertex -1.83413 12.3647 -56
    endloop
  endfacet
  facet normal -0.653172 -0.75721 0
    outer loop
      vertex -8.39449 -9.26189 -56
      vertex -7.92992 -9.66263 -8
      vertex -8.39449 -9.26189 -8
    endloop
  endfacet
  facet normal -0.653172 -0.75721 -0
    outer loop
      vertex -7.92992 -9.66263 -8
      vertex -8.39449 -9.26189 -56
      vertex -7.92992 -9.66263 -56
    endloop
  endfacet
  facet normal -0.534949 0.844884 0
    outer loop
      vertex -6.42628 10.7216 -56
      vertex -6.94463 10.3934 -8
      vertex -6.42628 10.7216 -8
    endloop
  endfacet
  facet normal -0.534949 0.844884 0
    outer loop
      vertex -6.94463 10.3934 -8
      vertex -6.42628 10.7216 -56
      vertex -6.94463 10.3934 -56
    endloop
  endfacet
  facet normal 0.99248 -0.122406 0
    outer loop
      vertex 12.3647 -1.83413 -8
      vertex 12.4398 -1.22521 -56
      vertex 12.4398 -1.22521 -8
    endloop
  endfacet
  facet normal 0.99248 -0.122406 0
    outer loop
      vertex 12.4398 -1.22521 -56
      vertex 12.3647 -1.83413 -8
      vertex 12.3647 -1.83413 -56
    endloop
  endfacet
  facet normal -0.949505 -0.313753 0
    outer loop
      vertex -11.7693 -4.21112 -56
      vertex -11.9618 -3.62856 -8
      vertex -11.9618 -3.62856 -56
    endloop
  endfacet
  facet normal -0.949505 -0.313753 0
    outer loop
      vertex -11.9618 -3.62856 -8
      vertex -11.7693 -4.21112 -56
      vertex -11.7693 -4.21112 -8
    endloop
  endfacet
  facet normal 0.219063 0.975711 -0
    outer loop
      vertex 3.03725 12.1254 -56
      vertex 2.43863 12.2598 -8
      vertex 3.03725 12.1254 -8
    endloop
  endfacet
  facet normal 0.219063 0.975711 0
    outer loop
      vertex 2.43863 12.2598 -8
      vertex 3.03725 12.1254 -56
      vertex 2.43863 12.2598 -56
    endloop
  endfacet
  facet normal 0.170977 0.985275 -0
    outer loop
      vertex 2.43863 12.2598 -56
      vertex 1.83413 12.3647 -8
      vertex 2.43863 12.2598 -8
    endloop
  endfacet
  facet normal 0.170977 0.985275 0
    outer loop
      vertex 1.83413 12.3647 -8
      vertex 2.43863 12.2598 -56
      vertex 1.83413 12.3647 -56
    endloop
  endfacet
  facet normal -0.219063 0.975711 0
    outer loop
      vertex -2.43863 12.2598 -56
      vertex -3.03725 12.1254 -8
      vertex -2.43863 12.2598 -8
    endloop
  endfacet
  facet normal -0.219063 0.975711 0
    outer loop
      vertex -3.03725 12.1254 -8
      vertex -2.43863 12.2598 -56
      vertex -3.03725 12.1254 -56
    endloop
  endfacet
  facet normal 0.405201 0.914228 -0
    outer loop
      vertex 5.34444 11.2999 -56
      vertex 4.78354 11.5485 -8
      vertex 5.34444 11.2999 -8
    endloop
  endfacet
  facet normal 0.405201 0.914228 0
    outer loop
      vertex 4.78354 11.5485 -8
      vertex 5.34444 11.2999 -56
      vertex 4.78354 11.5485 -56
    endloop
  endfacet
  facet normal 0.170977 -0.985275 0
    outer loop
      vertex 1.83413 -12.3647 -56
      vertex 2.43863 -12.2598 -8
      vertex 1.83413 -12.3647 -8
    endloop
  endfacet
  facet normal 0.170977 -0.985275 0
    outer loop
      vertex 2.43863 -12.2598 -8
      vertex 1.83413 -12.3647 -56
      vertex 2.43863 -12.2598 -56
    endloop
  endfacet
  facet normal -0.997295 -0.0735097 0
    outer loop
      vertex -12.4398 -1.22521 -56
      vertex -12.4849 -0.613345 -8
      vertex -12.4849 -0.613345 -56
    endloop
  endfacet
  facet normal -0.997295 -0.0735097 0
    outer loop
      vertex -12.4849 -0.613345 -8
      vertex -12.4398 -1.22521 -56
      vertex -12.4398 -1.22521 -8
    endloop
  endfacet
  facet normal 0.932996 0.359885 0
    outer loop
      vertex 11.7693 4.21112 -8
      vertex 11.5485 4.78354 -56
      vertex 11.5485 4.78354 -8
    endloop
  endfacet
  facet normal 0.932996 0.359885 0
    outer loop
      vertex 11.5485 4.78354 -56
      vertex 11.7693 4.21112 -8
      vertex 11.7693 4.21112 -56
    endloop
  endfacet
  facet normal 0.689552 -0.724236 0
    outer loop
      vertex 8.39449 -9.26189 -56
      vertex 8.83883 -8.83883 -8
      vertex 8.39449 -9.26189 -8
    endloop
  endfacet
  facet normal 0.689552 -0.724236 0
    outer loop
      vertex 8.83883 -8.83883 -8
      vertex 8.39449 -9.26189 -56
      vertex 8.83883 -8.83883 -56
    endloop
  endfacet
  facet normal 0.653172 0.75721 -0
    outer loop
      vertex 8.39449 9.26189 -56
      vertex 7.92992 9.66263 -8
      vertex 8.39449 9.26189 -8
    endloop
  endfacet
  facet normal 0.653172 0.75721 0
    outer loop
      vertex 7.92992 9.66263 -8
      vertex 8.39449 9.26189 -56
      vertex 7.92992 9.66263 -56
    endloop
  endfacet
  facet normal 0.949505 -0.313753 0
    outer loop
      vertex 11.7693 -4.21112 -8
      vertex 11.9618 -3.62856 -56
      vertex 11.9618 -3.62856 -8
    endloop
  endfacet
  facet normal 0.949505 -0.313753 0
    outer loop
      vertex 11.9618 -3.62856 -56
      vertex 11.7693 -4.21112 -8
      vertex 11.7693 -4.21112 -56
    endloop
  endfacet
  facet normal 0.492892 0.870091 -0
    outer loop
      vertex 6.42628 10.7216 -56
      vertex 5.89246 11.024 -8
      vertex 6.42628 10.7216 -8
    endloop
  endfacet
  facet normal 0.492892 0.870091 0
    outer loop
      vertex 5.89246 11.024 -8
      vertex 6.42628 10.7216 -56
      vertex 5.89246 11.024 -56
    endloop
  endfacet
  facet normal 0.0246116 -0.999697 0
    outer loop
      vertex 0 -12.5 -56
      vertex 0.613345 -12.4849 -8
      vertex 0 -12.5 -8
    endloop
  endfacet
  facet normal 0.0246116 -0.999697 0
    outer loop
      vertex 0.613345 -12.4849 -8
      vertex 0 -12.5 -56
      vertex 0.613345 -12.4849 -56
    endloop
  endfacet
  facet normal 0.724236 0.689552 0
    outer loop
      vertex 9.26189 8.39449 -8
      vertex 8.83883 8.83883 -56
      vertex 8.83883 8.83883 -8
    endloop
  endfacet
  facet normal 0.724236 0.689552 0
    outer loop
      vertex 8.83883 8.83883 -56
      vertex 9.26189 8.39449 -8
      vertex 9.26189 8.39449 -56
    endloop
  endfacet
  facet normal 0.449676 0.893192 -0
    outer loop
      vertex 5.89246 11.024 -56
      vertex 5.34444 11.2999 -8
      vertex 5.89246 11.024 -8
    endloop
  endfacet
  facet normal 0.449676 0.893192 0
    outer loop
      vertex 5.34444 11.2999 -8
      vertex 5.89246 11.024 -56
      vertex 5.34444 11.2999 -56
    endloop
  endfacet
  facet normal -0.689552 -0.724236 0
    outer loop
      vertex -8.83883 -8.83883 -56
      vertex -8.39449 -9.26189 -8
      vertex -8.83883 -8.83883 -8
    endloop
  endfacet
  facet normal -0.689552 -0.724236 -0
    outer loop
      vertex -8.39449 -9.26189 -8
      vertex -8.83883 -8.83883 -56
      vertex -8.39449 -9.26189 -56
    endloop
  endfacet
  facet normal 0.788345 -0.615234 0
    outer loop
      vertex 9.66263 -7.92992 -8
      vertex 10.0401 -7.44624 -56
      vertex 10.0401 -7.44624 -8
    endloop
  endfacet
  facet normal 0.788345 -0.615234 0
    outer loop
      vertex 10.0401 -7.44624 -56
      vertex 9.66263 -7.92992 -8
      vertex 9.66263 -7.92992 -56
    endloop
  endfacet
  facet normal -0.99248 0.122406 0
    outer loop
      vertex -12.4398 1.22521 -56
      vertex -12.3647 1.83413 -8
      vertex -12.3647 1.83413 -56
    endloop
  endfacet
  facet normal -0.99248 0.122406 0
    outer loop
      vertex -12.3647 1.83413 -8
      vertex -12.4398 1.22521 -56
      vertex -12.4398 1.22521 -8
    endloop
  endfacet
  facet normal 0.844884 0.534949 0
    outer loop
      vertex 10.7216 6.42628 -8
      vertex 10.3934 6.94463 -56
      vertex 10.3934 6.94463 -8
    endloop
  endfacet
  facet normal 0.844884 0.534949 0
    outer loop
      vertex 10.3934 6.94463 -56
      vertex 10.7216 6.42628 -8
      vertex 10.7216 6.42628 -56
    endloop
  endfacet
  facet normal -0.75721 -0.653172 0
    outer loop
      vertex -9.26189 -8.39449 -56
      vertex -9.66263 -7.92992 -8
      vertex -9.66263 -7.92992 -56
    endloop
  endfacet
  facet normal -0.75721 -0.653172 0
    outer loop
      vertex -9.66263 -7.92992 -8
      vertex -9.26189 -8.39449 -56
      vertex -9.26189 -8.39449 -8
    endloop
  endfacet
  facet normal 0.817565 0.575837 0
    outer loop
      vertex 10.3934 6.94463 -8
      vertex 10.0401 7.44624 -56
      vertex 10.0401 7.44624 -8
    endloop
  endfacet
  facet normal 0.817565 0.575837 0
    outer loop
      vertex 10.0401 7.44624 -56
      vertex 10.3934 6.94463 -8
      vertex 10.3934 6.94463 -56
    endloop
  endfacet
  facet normal 0.534949 -0.844884 0
    outer loop
      vertex 6.42628 -10.7216 -56
      vertex 6.94463 -10.3934 -8
      vertex 6.42628 -10.7216 -8
    endloop
  endfacet
  facet normal 0.534949 -0.844884 0
    outer loop
      vertex 6.94463 -10.3934 -8
      vertex 6.42628 -10.7216 -56
      vertex 6.94463 -10.3934 -56
    endloop
  endfacet
  facet normal -0.724236 -0.689552 0
    outer loop
      vertex -8.83883 -8.83883 -56
      vertex -9.26189 -8.39449 -8
      vertex -9.26189 -8.39449 -56
    endloop
  endfacet
  facet normal -0.724236 -0.689552 0
    outer loop
      vertex -9.26189 -8.39449 -8
      vertex -8.83883 -8.83883 -56
      vertex -8.83883 -8.83883 -8
    endloop
  endfacet
  facet normal 0.75721 0.653172 0
    outer loop
      vertex 9.66263 7.92992 -8
      vertex 9.26189 8.39449 -56
      vertex 9.26189 8.39449 -8
    endloop
  endfacet
  facet normal 0.75721 0.653172 0
    outer loop
      vertex 9.26189 8.39449 -56
      vertex 9.66263 7.92992 -8
      vertex 9.66263 7.92992 -56
    endloop
  endfacet
  facet normal 0.575837 -0.817565 0
    outer loop
      vertex 6.94463 -10.3934 -56
      vertex 7.44624 -10.0401 -8
      vertex 6.94463 -10.3934 -8
    endloop
  endfacet
  facet normal 0.575837 -0.817565 0
    outer loop
      vertex 7.44624 -10.0401 -8
      vertex 6.94463 -10.3934 -56
      vertex 7.44624 -10.0401 -56
    endloop
  endfacet
  facet normal 0.122406 0.99248 -0
    outer loop
      vertex 1.83413 12.3647 -56
      vertex 1.22521 12.4398 -8
      vertex 1.83413 12.3647 -8
    endloop
  endfacet
  facet normal 0.122406 0.99248 0
    outer loop
      vertex 1.22521 12.4398 -8
      vertex 1.83413 12.3647 -56
      vertex 1.22521 12.4398 -56
    endloop
  endfacet
  facet normal -0.99248 -0.122406 0
    outer loop
      vertex -12.3647 -1.83413 -56
      vertex -12.4398 -1.22521 -8
      vertex -12.4398 -1.22521 -56
    endloop
  endfacet
  facet normal -0.99248 -0.122406 0
    outer loop
      vertex -12.4398 -1.22521 -8
      vertex -12.3647 -1.83413 -56
      vertex -12.3647 -1.83413 -8
    endloop
  endfacet
  facet normal -0.870091 -0.492892 0
    outer loop
      vertex -10.7216 -6.42628 -56
      vertex -11.024 -5.89246 -8
      vertex -11.024 -5.89246 -56
    endloop
  endfacet
  facet normal -0.870091 -0.492892 0
    outer loop
      vertex -11.024 -5.89246 -8
      vertex -10.7216 -6.42628 -56
      vertex -10.7216 -6.42628 -8
    endloop
  endfacet
  facet normal 0.985275 0.170977 0
    outer loop
      vertex 12.3647 1.83413 -8
      vertex 12.2598 2.43863 -56
      vertex 12.2598 2.43863 -8
    endloop
  endfacet
  facet normal 0.985275 0.170977 0
    outer loop
      vertex 12.2598 2.43863 -56
      vertex 12.3647 1.83413 -8
      vertex 12.3647 1.83413 -56
    endloop
  endfacet
  facet normal 0.653172 -0.75721 0
    outer loop
      vertex 7.92992 -9.66263 -56
      vertex 8.39449 -9.26189 -8
      vertex 7.92992 -9.66263 -8
    endloop
  endfacet
  facet normal 0.653172 -0.75721 0
    outer loop
      vertex 8.39449 -9.26189 -8
      vertex 7.92992 -9.66263 -56
      vertex 8.39449 -9.26189 -56
    endloop
  endfacet
  facet normal 0.870091 -0.492892 0
    outer loop
      vertex 10.7216 -6.42628 -8
      vertex 11.024 -5.89246 -56
      vertex 11.024 -5.89246 -8
    endloop
  endfacet
  facet normal 0.870091 -0.492892 0
    outer loop
      vertex 11.024 -5.89246 -56
      vertex 10.7216 -6.42628 -8
      vertex 10.7216 -6.42628 -56
    endloop
  endfacet
  facet normal -0.999697 -0.0246116 0
    outer loop
      vertex -12.4849 -0.613345 -56
      vertex -12.5 0 -8
      vertex -12.5 0 -56
    endloop
  endfacet
  facet normal -0.999697 -0.0246116 0
    outer loop
      vertex -12.5 0 -8
      vertex -12.4849 -0.613345 -56
      vertex -12.4849 -0.613345 -8
    endloop
  endfacet
  facet normal 0.999697 -0.0246116 0
    outer loop
      vertex 12.4849 -0.613345 -8
      vertex 12.5 0 -56
      vertex 12.5 0 -8
    endloop
  endfacet
  facet normal 0.999697 -0.0246116 0
    outer loop
      vertex 12.5 0 -56
      vertex 12.4849 -0.613345 -8
      vertex 12.4849 -0.613345 -56
    endloop
  endfacet
  facet normal 0.359885 0.932996 -0
    outer loop
      vertex 4.78354 11.5485 -56
      vertex 4.21112 11.7693 -8
      vertex 4.78354 11.5485 -8
    endloop
  endfacet
  facet normal 0.359885 0.932996 0
    outer loop
      vertex 4.21112 11.7693 -8
      vertex 4.78354 11.5485 -56
      vertex 4.21112 11.7693 -56
    endloop
  endfacet
  facet normal -0.963792 0.266656 0
    outer loop
      vertex -12.1254 3.03725 -56
      vertex -11.9618 3.62856 -8
      vertex -11.9618 3.62856 -56
    endloop
  endfacet
  facet normal -0.963792 0.266656 0
    outer loop
      vertex -11.9618 3.62856 -8
      vertex -12.1254 3.03725 -56
      vertex -12.1254 3.03725 -8
    endloop
  endfacet
  facet normal -0.893192 0.449676 0
    outer loop
      vertex -11.2999 5.34444 -56
      vertex -11.024 5.89246 -8
      vertex -11.024 5.89246 -56
    endloop
  endfacet
  facet normal -0.893192 0.449676 0
    outer loop
      vertex -11.024 5.89246 -8
      vertex -11.2999 5.34444 -56
      vertex -11.2999 5.34444 -8
    endloop
  endfacet
  facet normal -0.405201 -0.914228 0
    outer loop
      vertex -5.34444 -11.2999 -56
      vertex -4.78354 -11.5485 -8
      vertex -5.34444 -11.2999 -8
    endloop
  endfacet
  facet normal -0.405201 -0.914228 -0
    outer loop
      vertex -4.78354 -11.5485 -8
      vertex -5.34444 -11.2999 -56
      vertex -4.78354 -11.5485 -56
    endloop
  endfacet
  facet normal -0.359885 -0.932996 0
    outer loop
      vertex -4.78354 -11.5485 -56
      vertex -4.21112 -11.7693 -8
      vertex -4.78354 -11.5485 -8
    endloop
  endfacet
  facet normal -0.359885 -0.932996 -0
    outer loop
      vertex -4.21112 -11.7693 -8
      vertex -4.78354 -11.5485 -56
      vertex -4.21112 -11.7693 -56
    endloop
  endfacet
  facet normal 0 0 -1
    outer loop
      vertex 8.5 0 -56
      vertex 12.5 0 -56
      vertex 12.4849 -0.613345 -56
    endloop
  endfacet
  facet normal 0 0 -1
    outer loop
      vertex 8.48976 -0.417075 -56
      vertex 12.4849 -0.613345 -56
      vertex 12.4398 -1.22521 -56
    endloop
  endfacet
  facet normal 0 0 -1
    outer loop
      vertex 12.5 0 -56
      vertex 8.5 0 -56
      vertex 12.4849 0.613345 -56
    endloop
  endfacet
  facet normal 0 0 -1
    outer loop
      vertex 8.45907 -0.833145 -56
      vertex 12.4398 -1.22521 -56
      vertex 12.3647 -1.83413 -56
    endloop
  endfacet
  facet normal 0 0 -1
    outer loop
      vertex 8.48976 0.417075 -56
      vertex 12.4849 0.613345 -56
      vertex 8.5 0 -56
    endloop
  endfacet
  facet normal 0 0 -1
    outer loop
      vertex 8.408 -1.24721 -56
      vertex 12.3647 -1.83413 -56
      vertex 12.2598 -2.43863 -56
    endloop
  endfacet
  facet normal -0 0 -1
    outer loop
      vertex 12.4849 0.613345 -56
      vertex 8.48976 0.417075 -56
      vertex 12.4398 1.22521 -56
    endloop
  endfacet
  facet normal 0 0 -1
    outer loop
      vertex 8.33667 -1.65827 -56
      vertex 12.2598 -2.43863 -56
      vertex 12.1254 -3.03725 -56
    endloop
  endfacet
  facet normal 0 0 -1
    outer loop
      vertex 8.45907 0.833145 -56
      vertex 12.4398 1.22521 -56
      vertex 8.48976 0.417075 -56
    endloop
  endfacet
  facet normal 0 0 -1
    outer loop
      vertex 8.24527 -2.06533 -56
      vertex 12.1254 -3.03725 -56
      vertex 11.9618 -3.62856 -56
    endloop
  endfacet
  facet normal -0 0 -1
    outer loop
      vertex 12.4398 1.22521 -56
      vertex 8.45907 0.833145 -56
      vertex 12.3647 1.83413 -56
    endloop
  endfacet
  facet normal 0 0 -1
    outer loop
      vertex 8.13399 -2.46742 -56
      vertex 11.9618 -3.62856 -56
      vertex 11.7693 -4.21112 -56
    endloop
  endfacet
  facet normal 0 0 -1
    outer loop
      vertex 8.408 1.24721 -56
      vertex 12.3647 1.83413 -56
      vertex 8.45907 0.833145 -56
    endloop
  endfacet
  facet normal 0 0 -1
    outer loop
      vertex 8.00312 -2.86356 -56
      vertex 11.7693 -4.21112 -56
      vertex 11.5485 -4.78354 -56
    endloop
  endfacet
  facet normal -0 0 -1
    outer loop
      vertex 12.3647 1.83413 -56
      vertex 8.408 1.24721 -56
      vertex 12.2598 2.43863 -56
    endloop
  endfacet
  facet normal 0 0 -1
    outer loop
      vertex 7.85298 -3.25281 -56
      vertex 11.5485 -4.78354 -56
      vertex 11.2999 -5.34444 -56
    endloop
  endfacet
  facet normal 0 0 -1
    outer loop
      vertex 8.33667 1.65827 -56
      vertex 12.2598 2.43863 -56
      vertex 8.408 1.24721 -56
    endloop
  endfacet
  facet normal 0 0 -1
    outer loop
      vertex 7.68391 -3.63422 -56
      vertex 11.2999 -5.34444 -56
      vertex 11.024 -5.89246 -56
    endloop
  endfacet
  facet normal -0 0 -1
    outer loop
      vertex 12.2598 2.43863 -56
      vertex 8.33667 1.65827 -56
      vertex 12.1254 3.03725 -56
    endloop
  endfacet
  facet normal 0 0 -1
    outer loop
      vertex 7.49633 -4.00687 -56
      vertex 11.024 -5.89246 -56
      vertex 10.7216 -6.42628 -56
    endloop
  endfacet
  facet normal 0 0 -1
    outer loop
      vertex 8.24527 2.06533 -56
      vertex 12.1254 3.03725 -56
      vertex 8.33667 1.65827 -56
    endloop
  endfacet
  facet normal 0 0 -1
    outer loop
      vertex 7.29069 -4.36987 -56
      vertex 10.7216 -6.42628 -56
      vertex 10.3934 -6.94463 -56
    endloop
  endfacet
  facet normal -0 0 -1
    outer loop
      vertex 12.1254 3.03725 -56
      vertex 8.24527 2.06533 -56
      vertex 11.9618 3.62856 -56
    endloop
  endfacet
  facet normal 0 0 -1
    outer loop
      vertex 7.06749 -4.72235 -56
      vertex 10.3934 -6.94463 -56
      vertex 10.0401 -7.44624 -56
    endloop
  endfacet
  facet normal 0 0 -1
    outer loop
      vertex 8.13399 2.46742 -56
      vertex 11.9618 3.62856 -56
      vertex 8.24527 2.06533 -56
    endloop
  endfacet
  facet normal 0 0 -1
    outer loop
      vertex 6.82726 -5.06344 -56
      vertex 10.0401 -7.44624 -56
      vertex 9.66263 -7.92992 -56
    endloop
  endfacet
  facet normal -0 0 -1
    outer loop
      vertex 11.9618 3.62856 -56
      vertex 8.13399 2.46742 -56
      vertex 11.7693 4.21112 -56
    endloop
  endfacet
  facet normal 0 0 -1
    outer loop
      vertex 6.57059 -5.39234 -56
      vertex 9.66263 -7.92992 -56
      vertex 9.26189 -8.39449 -56
    endloop
  endfacet
  facet normal 0 0 -1
    outer loop
      vertex 8.00312 2.86356 -56
      vertex 11.7693 4.21112 -56
      vertex 8.13399 2.46742 -56
    endloop
  endfacet
  facet normal 0 0 -1
    outer loop
      vertex 6.29808 -5.70825 -56
      vertex 9.26189 -8.39449 -56
      vertex 8.83883 -8.83883 -56
    endloop
  endfacet
  facet normal -0 0 -1
    outer loop
      vertex 11.7693 4.21112 -56
      vertex 8.00312 2.86356 -56
      vertex 11.5485 4.78354 -56
    endloop
  endfacet
  facet normal 0 0 -1
    outer loop
      vertex 7.85298 3.25281 -56
      vertex 11.5485 4.78354 -56
      vertex 8.00312 2.86356 -56
    endloop
  endfacet
  facet normal 0 0 -1
    outer loop
      vertex 12.4849 -0.613345 -56
      vertex 8.48976 -0.417075 -56
      vertex 8.5 0 -56
    endloop
  endfacet
  facet normal 0 0 -1
    outer loop
      vertex 12.4398 -1.22521 -56
      vertex 8.45907 -0.833145 -56
      vertex 8.48976 -0.417075 -56
    endloop
  endfacet
  facet normal 0 0 -1
    outer loop
      vertex 12.3647 -1.83413 -56
      vertex 8.408 -1.24721 -56
      vertex 8.45907 -0.833145 -56
    endloop
  endfacet
  facet normal 0 0 -1
    outer loop
      vertex 6.01041 -6.01041 -56
      vertex 8.83883 -8.83883 -56
      vertex 8.39449 -9.26189 -56
    endloop
  endfacet
  facet normal 0 0 -1
    outer loop
      vertex 12.2598 -2.43863 -56
      vertex 8.33667 -1.65827 -56
      vertex 8.408 -1.24721 -56
    endloop
  endfacet
  facet normal 0 0 -1
    outer loop
      vertex 12.1254 -3.03725 -56
      vertex 8.24527 -2.06533 -56
      vertex 8.33667 -1.65827 -56
    endloop
  endfacet
  facet normal 0 0 -1
    outer loop
      vertex 11.9618 -3.62856 -56
      vertex 8.13399 -2.46742 -56
      vertex 8.24527 -2.06533 -56
    endloop
  endfacet
  facet normal 0 0 -1
    outer loop
      vertex 11.7693 -4.21112 -56
      vertex 8.00312 -2.86356 -56
      vertex 8.13399 -2.46742 -56
    endloop
  endfacet
  facet normal 0 0 -1
    outer loop
      vertex 5.70825 -6.29808 -56
      vertex 8.39449 -9.26189 -56
      vertex 7.92992 -9.66263 -56
    endloop
  endfacet
  facet normal 0 0 -1
    outer loop
      vertex 11.5485 -4.78354 -56
      vertex 7.85298 -3.25281 -56
      vertex 8.00312 -2.86356 -56
    endloop
  endfacet
  facet normal 0 0 -1
    outer loop
      vertex 11.2999 -5.34444 -56
      vertex 7.68391 -3.63422 -56
      vertex 7.85298 -3.25281 -56
    endloop
  endfacet
  facet normal 0 0 -1
    outer loop
      vertex 11.024 -5.89246 -56
      vertex 7.49633 -4.00687 -56
      vertex 7.68391 -3.63422 -56
    endloop
  endfacet
  facet normal 0 0 -1
    outer loop
      vertex 5.39234 -6.57059 -56
      vertex 7.92992 -9.66263 -56
      vertex 7.44624 -10.0401 -56
    endloop
  endfacet
  facet normal 0 0 -1
    outer loop
      vertex 10.7216 -6.42628 -56
      vertex 7.29069 -4.36987 -56
      vertex 7.49633 -4.00687 -56
    endloop
  endfacet
  facet normal 0 0 -1
    outer loop
      vertex 10.3934 -6.94463 -56
      vertex 7.06749 -4.72235 -56
      vertex 7.29069 -4.36987 -56
    endloop
  endfacet
  facet normal 0 0 -1
    outer loop
      vertex 5.06344 -6.82726 -56
      vertex 7.44624 -10.0401 -56
      vertex 6.94463 -10.3934 -56
    endloop
  endfacet
  facet normal 0 0 -1
    outer loop
      vertex 10.0401 -7.44624 -56
      vertex 6.82726 -5.06344 -56
      vertex 7.06749 -4.72235 -56
    endloop
  endfacet
  facet normal 0 0 -1
    outer loop
      vertex 9.66263 -7.92992 -56
      vertex 6.57059 -5.39234 -56
      vertex 6.82726 -5.06344 -56
    endloop
  endfacet
  facet normal 0 0 -1
    outer loop
      vertex 4.72235 -7.06749 -56
      vertex 6.94463 -10.3934 -56
      vertex 6.42628 -10.7216 -56
    endloop
  endfacet
  facet normal 0 0 -1
    outer loop
      vertex 9.26189 -8.39449 -56
      vertex 6.29808 -5.70825 -56
      vertex 6.57059 -5.39234 -56
    endloop
  endfacet
  facet normal 0 0 -1
    outer loop
      vertex 8.83883 -8.83883 -56
      vertex 6.01041 -6.01041 -56
      vertex 6.29808 -5.70825 -56
    endloop
  endfacet
  facet normal 0 0 -1
    outer loop
      vertex 4.36987 -7.29069 -56
      vertex 6.42628 -10.7216 -56
      vertex 5.89246 -11.024 -56
    endloop
  endfacet
  facet normal 0 0 -1
    outer loop
      vertex 8.39449 -9.26189 -56
      vertex 5.70825 -6.29808 -56
      vertex 6.01041 -6.01041 -56
    endloop
  endfacet
  facet normal 0 0 -1
    outer loop
      vertex 7.92992 -9.66263 -56
      vertex 5.39234 -6.57059 -56
      vertex 5.70825 -6.29808 -56
    endloop
  endfacet
  facet normal 0 0 -1
    outer loop
      vertex 4.00687 -7.49633 -56
      vertex 5.89246 -11.024 -56
      vertex 5.34444 -11.2999 -56
    endloop
  endfacet
  facet normal 0 0 -1
    outer loop
      vertex 7.44624 -10.0401 -56
      vertex 5.06344 -6.82726 -56
      vertex 5.39234 -6.57059 -56
    endloop
  endfacet
  facet normal 0 0 -1
    outer loop
      vertex 3.63422 -7.68391 -56
      vertex 5.34444 -11.2999 -56
      vertex 4.78354 -11.5485 -56
    endloop
  endfacet
  facet normal 0 0 -1
    outer loop
      vertex 6.94463 -10.3934 -56
      vertex 4.72235 -7.06749 -56
      vertex 5.06344 -6.82726 -56
    endloop
  endfacet
  facet normal 0 0 -1
    outer loop
      vertex 6.42628 -10.7216 -56
      vertex 4.36987 -7.29069 -56
      vertex 4.72235 -7.06749 -56
    endloop
  endfacet
  facet normal 0 0 -1
    outer loop
      vertex 3.25281 -7.85298 -56
      vertex 4.78354 -11.5485 -56
      vertex 4.21112 -11.7693 -56
    endloop
  endfacet
  facet normal 0 0 -1
    outer loop
      vertex 5.89246 -11.024 -56
      vertex 4.00687 -7.49633 -56
      vertex 4.36987 -7.29069 -56
    endloop
  endfacet
  facet normal 0 0 -1
    outer loop
      vertex 5.34444 -11.2999 -56
      vertex 3.63422 -7.68391 -56
      vertex 4.00687 -7.49633 -56
    endloop
  endfacet
  facet normal 0 0 -1
    outer loop
      vertex 2.86356 -8.00312 -56
      vertex 4.21112 -11.7693 -56
      vertex 3.62856 -11.9618 -56
    endloop
  endfacet
  facet normal 0 0 -1
    outer loop
      vertex 4.78354 -11.5485 -56
      vertex 3.25281 -7.85298 -56
      vertex 3.63422 -7.68391 -56
    endloop
  endfacet
  facet normal 0 0 -1
    outer loop
      vertex 2.46742 -8.13399 -56
      vertex 3.62856 -11.9618 -56
      vertex 3.03725 -12.1254 -56
    endloop
  endfacet
  facet normal 0 0 -1
    outer loop
      vertex 4.21112 -11.7693 -56
      vertex 2.86356 -8.00312 -56
      vertex 3.25281 -7.85298 -56
    endloop
  endfacet
  facet normal 0 0 -1
    outer loop
      vertex 3.62856 -11.9618 -56
      vertex 2.46742 -8.13399 -56
      vertex 2.86356 -8.00312 -56
    endloop
  endfacet
  facet normal 0 0 -1
    outer loop
      vertex 2.06533 -8.24527 -56
      vertex 3.03725 -12.1254 -56
      vertex 2.43863 -12.2598 -56
    endloop
  endfacet
  facet normal 0 0 -1
    outer loop
      vertex 3.03725 -12.1254 -56
      vertex 2.06533 -8.24527 -56
      vertex 2.46742 -8.13399 -56
    endloop
  endfacet
  facet normal 0 0 -1
    outer loop
      vertex 1.65827 -8.33667 -56
      vertex 2.43863 -12.2598 -56
      vertex 1.83413 -12.3647 -56
    endloop
  endfacet
  facet normal 0 0 -1
    outer loop
      vertex 2.43863 -12.2598 -56
      vertex 1.65827 -8.33667 -56
      vertex 2.06533 -8.24527 -56
    endloop
  endfacet
  facet normal 0 0 -1
    outer loop
      vertex 1.83413 -12.3647 -56
      vertex 1.24721 -8.408 -56
      vertex 1.65827 -8.33667 -56
    endloop
  endfacet
  facet normal 0 0 -1
    outer loop
      vertex 1.22521 -12.4398 -56
      vertex 1.24721 -8.408 -56
      vertex 1.83413 -12.3647 -56
    endloop
  endfacet
  facet normal 0 0 -1
    outer loop
      vertex 1.22521 -12.4398 -56
      vertex 0.833145 -8.45907 -56
      vertex 1.24721 -8.408 -56
    endloop
  endfacet
  facet normal 0 0 -1
    outer loop
      vertex 0.613345 -12.4849 -56
      vertex 0.833145 -8.45907 -56
      vertex 1.22521 -12.4398 -56
    endloop
  endfacet
  facet normal 0 0 -1
    outer loop
      vertex 0.613345 -12.4849 -56
      vertex 0.417075 -8.48976 -56
      vertex 0.833145 -8.45907 -56
    endloop
  endfacet
  facet normal 0 0 -1
    outer loop
      vertex 0 -12.5 -56
      vertex 0.417075 -8.48976 -56
      vertex 0.613345 -12.4849 -56
    endloop
  endfacet
  facet normal 0 0 -1
    outer loop
      vertex 0 -12.5 -56
      vertex 0 -8.5 -56
      vertex 0.417075 -8.48976 -56
    endloop
  endfacet
  facet normal 0 0 -1
    outer loop
      vertex 0 -12.5 -56
      vertex -0.417075 -8.48976 -56
      vertex 0 -8.5 -56
    endloop
  endfacet
  facet normal 0 0 -1
    outer loop
      vertex -0.613345 -12.4849 -56
      vertex -0.417075 -8.48976 -56
      vertex 0 -12.5 -56
    endloop
  endfacet
  facet normal 0 0 -1
    outer loop
      vertex -0.613345 -12.4849 -56
      vertex -0.833145 -8.45907 -56
      vertex -0.417075 -8.48976 -56
    endloop
  endfacet
  facet normal 0 0 -1
    outer loop
      vertex -1.22521 -12.4398 -56
      vertex -0.833145 -8.45907 -56
      vertex -0.613345 -12.4849 -56
    endloop
  endfacet
  facet normal 0 0 -1
    outer loop
      vertex -1.22521 -12.4398 -56
      vertex -1.24721 -8.408 -56
      vertex -0.833145 -8.45907 -56
    endloop
  endfacet
  facet normal 0 0 -1
    outer loop
      vertex -1.83413 -12.3647 -56
      vertex -1.24721 -8.408 -56
      vertex -1.22521 -12.4398 -56
    endloop
  endfacet
  facet normal -0 0 -1
    outer loop
      vertex -1.24721 -8.408 -56
      vertex -1.83413 -12.3647 -56
      vertex -1.65827 -8.33667 -56
    endloop
  endfacet
  facet normal 0 0 -1
    outer loop
      vertex -2.43863 -12.2598 -56
      vertex -1.65827 -8.33667 -56
      vertex -1.83413 -12.3647 -56
    endloop
  endfacet
  facet normal -0 0 -1
    outer loop
      vertex -1.65827 -8.33667 -56
      vertex -2.43863 -12.2598 -56
      vertex -2.06533 -8.24527 -56
    endloop
  endfacet
  facet normal 0 0 -1
    outer loop
      vertex -3.03725 -12.1254 -56
      vertex -2.06533 -8.24527 -56
      vertex -2.43863 -12.2598 -56
    endloop
  endfacet
  facet normal -0 0 -1
    outer loop
      vertex -2.06533 -8.24527 -56
      vertex -3.03725 -12.1254 -56
      vertex -2.46742 -8.13399 -56
    endloop
  endfacet
  facet normal 0 0 -1
    outer loop
      vertex -3.62856 -11.9618 -56
      vertex -2.46742 -8.13399 -56
      vertex -3.03725 -12.1254 -56
    endloop
  endfacet
  facet normal -0 0 -1
    outer loop
      vertex -2.46742 -8.13399 -56
      vertex -3.62856 -11.9618 -56
      vertex -2.86356 -8.00312 -56
    endloop
  endfacet
  facet normal 0 0 -1
    outer loop
      vertex -4.21112 -11.7693 -56
      vertex -2.86356 -8.00312 -56
      vertex -3.62856 -11.9618 -56
    endloop
  endfacet
  facet normal -0 0 -1
    outer loop
      vertex -2.86356 -8.00312 -56
      vertex -4.21112 -11.7693 -56
      vertex -3.25281 -7.85298 -56
    endloop
  endfacet
  facet normal 0 0 -1
    outer loop
      vertex -4.78354 -11.5485 -56
      vertex -3.25281 -7.85298 -56
      vertex -4.21112 -11.7693 -56
    endloop
  endfacet
  facet normal -0 0 -1
    outer loop
      vertex -3.25281 -7.85298 -56
      vertex -4.78354 -11.5485 -56
      vertex -3.63422 -7.68391 -56
    endloop
  endfacet
  facet normal 0 0 -1
    outer loop
      vertex -5.34444 -11.2999 -56
      vertex -3.63422 -7.68391 -56
      vertex -4.78354 -11.5485 -56
    endloop
  endfacet
  facet normal -0 0 -1
    outer loop
      vertex -3.63422 -7.68391 -56
      vertex -5.34444 -11.2999 -56
      vertex -4.00687 -7.49633 -56
    endloop
  endfacet
  facet normal 0 0 -1
    outer loop
      vertex -5.89246 -11.024 -56
      vertex -4.00687 -7.49633 -56
      vertex -5.34444 -11.2999 -56
    endloop
  endfacet
  facet normal -0 0 -1
    outer loop
      vertex -4.00687 -7.49633 -56
      vertex -5.89246 -11.024 -56
      vertex -4.36987 -7.29069 -56
    endloop
  endfacet
  facet normal 0 0 -1
    outer loop
      vertex -6.42628 -10.7216 -56
      vertex -4.36987 -7.29069 -56
      vertex -5.89246 -11.024 -56
    endloop
  endfacet
  facet normal -0 0 -1
    outer loop
      vertex -4.36987 -7.29069 -56
      vertex -6.42628 -10.7216 -56
      vertex -4.72235 -7.06749 -56
    endloop
  endfacet
  facet normal 0 0 -1
    outer loop
      vertex -6.94463 -10.3934 -56
      vertex -4.72235 -7.06749 -56
      vertex -6.42628 -10.7216 -56
    endloop
  endfacet
  facet normal -0 0 -1
    outer loop
      vertex -4.72235 -7.06749 -56
      vertex -6.94463 -10.3934 -56
      vertex -5.06344 -6.82726 -56
    endloop
  endfacet
  facet normal 0 0 -1
    outer loop
      vertex -7.44624 -10.0401 -56
      vertex -5.06344 -6.82726 -56
      vertex -6.94463 -10.3934 -56
    endloop
  endfacet
  facet normal -0 0 -1
    outer loop
      vertex -5.06344 -6.82726 -56
      vertex -7.44624 -10.0401 -56
      vertex -5.39234 -6.57059 -56
    endloop
  endfacet
  facet normal 0 0 -1
    outer loop
      vertex -7.92992 -9.66263 -56
      vertex -5.39234 -6.57059 -56
      vertex -7.44624 -10.0401 -56
    endloop
  endfacet
  facet normal -0 0 -1
    outer loop
      vertex -5.39234 -6.57059 -56
      vertex -7.92992 -9.66263 -56
      vertex -5.70825 -6.29808 -56
    endloop
  endfacet
  facet normal 0 0 -1
    outer loop
      vertex -8.39449 -9.26189 -56
      vertex -5.70825 -6.29808 -56
      vertex -7.92992 -9.66263 -56
    endloop
  endfacet
  facet normal -0 0 -1
    outer loop
      vertex -5.70825 -6.29808 -56
      vertex -8.39449 -9.26189 -56
      vertex -6.01041 -6.01041 -56
    endloop
  endfacet
  facet normal 0 0 -1
    outer loop
      vertex -8.83883 -8.83883 -56
      vertex -6.01041 -6.01041 -56
      vertex -8.39449 -9.26189 -56
    endloop
  endfacet
  facet normal -0 0 -1
    outer loop
      vertex -6.01041 -6.01041 -56
      vertex -8.83883 -8.83883 -56
      vertex -6.29808 -5.70825 -56
    endloop
  endfacet
  facet normal 0 0 -1
    outer loop
      vertex -9.26189 -8.39449 -56
      vertex -6.29808 -5.70825 -56
      vertex -8.83883 -8.83883 -56
    endloop
  endfacet
  facet normal -0 0 -1
    outer loop
      vertex -6.29808 -5.70825 -56
      vertex -9.26189 -8.39449 -56
      vertex -6.57059 -5.39234 -56
    endloop
  endfacet
  facet normal 0 0 -1
    outer loop
      vertex -9.66263 -7.92992 -56
      vertex -6.57059 -5.39234 -56
      vertex -9.26189 -8.39449 -56
    endloop
  endfacet
  facet normal -0 0 -1
    outer loop
      vertex -6.57059 -5.39234 -56
      vertex -9.66263 -7.92992 -56
      vertex -6.82726 -5.06344 -56
    endloop
  endfacet
  facet normal 0 0 -1
    outer loop
      vertex -10.0401 -7.44624 -56
      vertex -6.82726 -5.06344 -56
      vertex -9.66263 -7.92992 -56
    endloop
  endfacet
  facet normal -0 0 -1
    outer loop
      vertex -6.82726 -5.06344 -56
      vertex -10.0401 -7.44624 -56
      vertex -7.06749 -4.72235 -56
    endloop
  endfacet
  facet normal 0 0 -1
    outer loop
      vertex -10.3934 -6.94463 -56
      vertex -7.06749 -4.72235 -56
      vertex -10.0401 -7.44624 -56
    endloop
  endfacet
  facet normal -0 0 -1
    outer loop
      vertex -7.06749 -4.72235 -56
      vertex -10.3934 -6.94463 -56
      vertex -7.29069 -4.36987 -56
    endloop
  endfacet
  facet normal 0 0 -1
    outer loop
      vertex -10.7216 -6.42628 -56
      vertex -7.29069 -4.36987 -56
      vertex -10.3934 -6.94463 -56
    endloop
  endfacet
  facet normal -0 0 -1
    outer loop
      vertex -7.29069 -4.36987 -56
      vertex -10.7216 -6.42628 -56
      vertex -7.49633 -4.00687 -56
    endloop
  endfacet
  facet normal 0 0 -1
    outer loop
      vertex -11.024 -5.89246 -56
      vertex -7.49633 -4.00687 -56
      vertex -10.7216 -6.42628 -56
    endloop
  endfacet
  facet normal -0 0 -1
    outer loop
      vertex -7.49633 -4.00687 -56
      vertex -11.024 -5.89246 -56
      vertex -7.68391 -3.63422 -56
    endloop
  endfacet
  facet normal 0 0 -1
    outer loop
      vertex -11.2999 -5.34444 -56
      vertex -7.68391 -3.63422 -56
      vertex -11.024 -5.89246 -56
    endloop
  endfacet
  facet normal -0 0 -1
    outer loop
      vertex -7.68391 -3.63422 -56
      vertex -11.2999 -5.34444 -56
      vertex -7.85298 -3.25281 -56
    endloop
  endfacet
  facet normal 0 0 -1
    outer loop
      vertex -11.5485 -4.78354 -56
      vertex -7.85298 -3.25281 -56
      vertex -11.2999 -5.34444 -56
    endloop
  endfacet
  facet normal -0 0 -1
    outer loop
      vertex 11.5485 4.78354 -56
      vertex 7.85298 3.25281 -56
      vertex 11.2999 5.34444 -56
    endloop
  endfacet
  facet normal 0 0 -1
    outer loop
      vertex 7.68391 3.63422 -56
      vertex 11.2999 5.34444 -56
      vertex 7.85298 3.25281 -56
    endloop
  endfacet
  facet normal -0 0 -1
    outer loop
      vertex 11.2999 5.34444 -56
      vertex 7.68391 3.63422 -56
      vertex 11.024 5.89246 -56
    endloop
  endfacet
  facet normal 0 0 -1
    outer loop
      vertex 7.49633 4.00687 -56
      vertex 11.024 5.89246 -56
      vertex 7.68391 3.63422 -56
    endloop
  endfacet
  facet normal -0 0 -1
    outer loop
      vertex 11.024 5.89246 -56
      vertex 7.49633 4.00687 -56
      vertex 10.7216 6.42628 -56
    endloop
  endfacet
  facet normal 0 0 -1
    outer loop
      vertex 7.29069 4.36987 -56
      vertex 10.7216 6.42628 -56
      vertex 7.49633 4.00687 -56
    endloop
  endfacet
  facet normal -0 0 -1
    outer loop
      vertex 10.7216 6.42628 -56
      vertex 7.29069 4.36987 -56
      vertex 10.3934 6.94463 -56
    endloop
  endfacet
  facet normal 0 0 -1
    outer loop
      vertex 7.06749 4.72235 -56
      vertex 10.3934 6.94463 -56
      vertex 7.29069 4.36987 -56
    endloop
  endfacet
  facet normal -0 0 -1
    outer loop
      vertex 10.3934 6.94463 -56
      vertex 7.06749 4.72235 -56
      vertex 10.0401 7.44624 -56
    endloop
  endfacet
  facet normal 0 0 -1
    outer loop
      vertex 6.82726 5.06344 -56
      vertex 10.0401 7.44624 -56
      vertex 7.06749 4.72235 -56
    endloop
  endfacet
  facet normal -0 0 -1
    outer loop
      vertex 10.0401 7.44624 -56
      vertex 6.82726 5.06344 -56
      vertex 9.66263 7.92992 -56
    endloop
  endfacet
  facet normal 0 0 -1
    outer loop
      vertex 6.57059 5.39234 -56
      vertex 9.66263 7.92992 -56
      vertex 6.82726 5.06344 -56
    endloop
  endfacet
  facet normal -0 0 -1
    outer loop
      vertex 9.66263 7.92992 -56
      vertex 6.57059 5.39234 -56
      vertex 9.26189 8.39449 -56
    endloop
  endfacet
  facet normal 0 0 -1
    outer loop
      vertex 6.29808 5.70825 -56
      vertex 9.26189 8.39449 -56
      vertex 6.57059 5.39234 -56
    endloop
  endfacet
  facet normal -0 0 -1
    outer loop
      vertex 9.26189 8.39449 -56
      vertex 6.29808 5.70825 -56
      vertex 8.83883 8.83883 -56
    endloop
  endfacet
  facet normal 0 0 -1
    outer loop
      vertex 6.01041 6.01041 -56
      vertex 8.83883 8.83883 -56
      vertex 6.29808 5.70825 -56
    endloop
  endfacet
  facet normal -0 0 -1
    outer loop
      vertex 8.83883 8.83883 -56
      vertex 6.01041 6.01041 -56
      vertex 8.39449 9.26189 -56
    endloop
  endfacet
  facet normal 0 0 -1
    outer loop
      vertex 5.70825 6.29808 -56
      vertex 8.39449 9.26189 -56
      vertex 6.01041 6.01041 -56
    endloop
  endfacet
  facet normal -0 0 -1
    outer loop
      vertex 8.39449 9.26189 -56
      vertex 5.70825 6.29808 -56
      vertex 7.92992 9.66263 -56
    endloop
  endfacet
  facet normal 0 0 -1
    outer loop
      vertex 5.39234 6.57059 -56
      vertex 7.92992 9.66263 -56
      vertex 5.70825 6.29808 -56
    endloop
  endfacet
  facet normal -0 0 -1
    outer loop
      vertex 7.92992 9.66263 -56
      vertex 5.39234 6.57059 -56
      vertex 7.44624 10.0401 -56
    endloop
  endfacet
  facet normal 0 0 -1
    outer loop
      vertex 5.06344 6.82726 -56
      vertex 7.44624 10.0401 -56
      vertex 5.39234 6.57059 -56
    endloop
  endfacet
  facet normal -0 0 -1
    outer loop
      vertex 7.44624 10.0401 -56
      vertex 5.06344 6.82726 -56
      vertex 6.94463 10.3934 -56
    endloop
  endfacet
  facet normal 0 0 -1
    outer loop
      vertex 4.72235 7.06749 -56
      vertex 6.94463 10.3934 -56
      vertex 5.06344 6.82726 -56
    endloop
  endfacet
  facet normal -0 0 -1
    outer loop
      vertex 6.94463 10.3934 -56
      vertex 4.72235 7.06749 -56
      vertex 6.42628 10.7216 -56
    endloop
  endfacet
  facet normal 0 0 -1
    outer loop
      vertex 4.36987 7.29069 -56
      vertex 6.42628 10.7216 -56
      vertex 4.72235 7.06749 -56
    endloop
  endfacet
  facet normal -0 0 -1
    outer loop
      vertex 6.42628 10.7216 -56
      vertex 4.36987 7.29069 -56
      vertex 5.89246 11.024 -56
    endloop
  endfacet
  facet normal 0 0 -1
    outer loop
      vertex 4.00687 7.49633 -56
      vertex 5.89246 11.024 -56
      vertex 4.36987 7.29069 -56
    endloop
  endfacet
  facet normal -0 0 -1
    outer loop
      vertex 5.89246 11.024 -56
      vertex 4.00687 7.49633 -56
      vertex 5.34444 11.2999 -56
    endloop
  endfacet
  facet normal 0 0 -1
    outer loop
      vertex 3.63422 7.68391 -56
      vertex 5.34444 11.2999 -56
      vertex 4.00687 7.49633 -56
    endloop
  endfacet
  facet normal -0 0 -1
    outer loop
      vertex 5.34444 11.2999 -56
      vertex 3.63422 7.68391 -56
      vertex 4.78354 11.5485 -56
    endloop
  endfacet
  facet normal 0 0 -1
    outer loop
      vertex 3.25281 7.85298 -56
      vertex 4.78354 11.5485 -56
      vertex 3.63422 7.68391 -56
    endloop
  endfacet
  facet normal -0 0 -1
    outer loop
      vertex 4.78354 11.5485 -56
      vertex 3.25281 7.85298 -56
      vertex 4.21112 11.7693 -56
    endloop
  endfacet
  facet normal 0 0 -1
    outer loop
      vertex 2.86356 8.00312 -56
      vertex 4.21112 11.7693 -56
      vertex 3.25281 7.85298 -56
    endloop
  endfacet
  facet normal -0 0 -1
    outer loop
      vertex 4.21112 11.7693 -56
      vertex 2.86356 8.00312 -56
      vertex 3.62856 11.9618 -56
    endloop
  endfacet
  facet normal 0 0 -1
    outer loop
      vertex 2.46742 8.13399 -56
      vertex 3.62856 11.9618 -56
      vertex 2.86356 8.00312 -56
    endloop
  endfacet
  facet normal -0 0 -1
    outer loop
      vertex 3.62856 11.9618 -56
      vertex 2.46742 8.13399 -56
      vertex 3.03725 12.1254 -56
    endloop
  endfacet
  facet normal 0 0 -1
    outer loop
      vertex 2.06533 8.24527 -56
      vertex 3.03725 12.1254 -56
      vertex 2.46742 8.13399 -56
    endloop
  endfacet
  facet normal -0 0 -1
    outer loop
      vertex 3.03725 12.1254 -56
      vertex 2.06533 8.24527 -56
      vertex 2.43863 12.2598 -56
    endloop
  endfacet
  facet normal 0 0 -1
    outer loop
      vertex 1.65827 8.33667 -56
      vertex 2.43863 12.2598 -56
      vertex 2.06533 8.24527 -56
    endloop
  endfacet
  facet normal -0 0 -1
    outer loop
      vertex 2.43863 12.2598 -56
      vertex 1.65827 8.33667 -56
      vertex 1.83413 12.3647 -56
    endloop
  endfacet
  facet normal 0 0 -1
    outer loop
      vertex 1.24721 8.408 -56
      vertex 1.83413 12.3647 -56
      vertex 1.65827 8.33667 -56
    endloop
  endfacet
  facet normal 0 0 -1
    outer loop
      vertex 1.24721 8.408 -56
      vertex 1.22521 12.4398 -56
      vertex 1.83413 12.3647 -56
    endloop
  endfacet
  facet normal 0 0 -1
    outer loop
      vertex 0.833145 8.45907 -56
      vertex 1.22521 12.4398 -56
      vertex 1.24721 8.408 -56
    endloop
  endfacet
  facet normal 0 0 -1
    outer loop
      vertex 0.833145 8.45907 -56
      vertex 0.613345 12.4849 -56
      vertex 1.22521 12.4398 -56
    endloop
  endfacet
  facet normal 0 0 -1
    outer loop
      vertex 0.417075 8.48976 -56
      vertex 0.613345 12.4849 -56
      vertex 0.833145 8.45907 -56
    endloop
  endfacet
  facet normal 0 0 -1
    outer loop
      vertex 0 8.5 -56
      vertex 0.613345 12.4849 -56
      vertex 0.417075 8.48976 -56
    endloop
  endfacet
  facet normal 0 0 -1
    outer loop
      vertex 0 8.5 -56
      vertex 0 12.5 -56
      vertex 0.613345 12.4849 -56
    endloop
  endfacet
  facet normal 0 0 -1
    outer loop
      vertex -0.417075 8.48976 -56
      vertex 0 12.5 -56
      vertex 0 8.5 -56
    endloop
  endfacet
  facet normal 0 0 -1
    outer loop
      vertex -0.417075 8.48976 -56
      vertex -0.613345 12.4849 -56
      vertex 0 12.5 -56
    endloop
  endfacet
  facet normal 0 0 -1
    outer loop
      vertex -0.833145 8.45907 -56
      vertex -0.613345 12.4849 -56
      vertex -0.417075 8.48976 -56
    endloop
  endfacet
  facet normal 0 0 -1
    outer loop
      vertex -0.833145 8.45907 -56
      vertex -1.22521 12.4398 -56
      vertex -0.613345 12.4849 -56
    endloop
  endfacet
  facet normal 0 0 -1
    outer loop
      vertex -1.24721 8.408 -56
      vertex -1.22521 12.4398 -56
      vertex -0.833145 8.45907 -56
    endloop
  endfacet
  facet normal 0 0 -1
    outer loop
      vertex -1.83413 12.3647 -56
      vertex -1.24721 8.408 -56
      vertex -1.65827 8.33667 -56
    endloop
  endfacet
  facet normal 0 0 -1
    outer loop
      vertex -1.24721 8.408 -56
      vertex -1.83413 12.3647 -56
      vertex -1.22521 12.4398 -56
    endloop
  endfacet
  facet normal 0 0 -1
    outer loop
      vertex -2.43863 12.2598 -56
      vertex -1.65827 8.33667 -56
      vertex -2.06533 8.24527 -56
    endloop
  endfacet
  facet normal 0 0 -1
    outer loop
      vertex -1.65827 8.33667 -56
      vertex -2.43863 12.2598 -56
      vertex -1.83413 12.3647 -56
    endloop
  endfacet
  facet normal 0 0 -1
    outer loop
      vertex -3.03725 12.1254 -56
      vertex -2.06533 8.24527 -56
      vertex -2.46742 8.13399 -56
    endloop
  endfacet
  facet normal 0 0 -1
    outer loop
      vertex -3.62856 11.9618 -56
      vertex -2.46742 8.13399 -56
      vertex -2.86356 8.00312 -56
    endloop
  endfacet
  facet normal 0 0 -1
    outer loop
      vertex -2.06533 8.24527 -56
      vertex -3.03725 12.1254 -56
      vertex -2.43863 12.2598 -56
    endloop
  endfacet
  facet normal 0 0 -1
    outer loop
      vertex -4.21112 11.7693 -56
      vertex -2.86356 8.00312 -56
      vertex -3.25281 7.85298 -56
    endloop
  endfacet
  facet normal 0 0 -1
    outer loop
      vertex -2.46742 8.13399 -56
      vertex -3.62856 11.9618 -56
      vertex -3.03725 12.1254 -56
    endloop
  endfacet
  facet normal 0 0 -1
    outer loop
      vertex -4.78354 11.5485 -56
      vertex -3.25281 7.85298 -56
      vertex -3.63422 7.68391 -56
    endloop
  endfacet
  facet normal 0 0 -1
    outer loop
      vertex -5.34444 11.2999 -56
      vertex -3.63422 7.68391 -56
      vertex -4.00687 7.49633 -56
    endloop
  endfacet
  facet normal 0 0 -1
    outer loop
      vertex -2.86356 8.00312 -56
      vertex -4.21112 11.7693 -56
      vertex -3.62856 11.9618 -56
    endloop
  endfacet
  facet normal 0 0 -1
    outer loop
      vertex -5.89246 11.024 -56
      vertex -4.00687 7.49633 -56
      vertex -4.36987 7.29069 -56
    endloop
  endfacet
  facet normal 0 0 -1
    outer loop
      vertex -6.42628 10.7216 -56
      vertex -4.36987 7.29069 -56
      vertex -4.72235 7.06749 -56
    endloop
  endfacet
  facet normal 0 0 -1
    outer loop
      vertex -3.25281 7.85298 -56
      vertex -4.78354 11.5485 -56
      vertex -4.21112 11.7693 -56
    endloop
  endfacet
  facet normal 0 0 -1
    outer loop
      vertex -6.94463 10.3934 -56
      vertex -4.72235 7.06749 -56
      vertex -5.06344 6.82726 -56
    endloop
  endfacet
  facet normal 0 0 -1
    outer loop
      vertex -3.63422 7.68391 -56
      vertex -5.34444 11.2999 -56
      vertex -4.78354 11.5485 -56
    endloop
  endfacet
  facet normal 0 0 -1
    outer loop
      vertex -7.44624 10.0401 -56
      vertex -5.06344 6.82726 -56
      vertex -5.39234 6.57059 -56
    endloop
  endfacet
  facet normal 0 0 -1
    outer loop
      vertex -7.92992 9.66263 -56
      vertex -5.39234 6.57059 -56
      vertex -5.70825 6.29808 -56
    endloop
  endfacet
  facet normal 0 0 -1
    outer loop
      vertex -4.00687 7.49633 -56
      vertex -5.89246 11.024 -56
      vertex -5.34444 11.2999 -56
    endloop
  endfacet
  facet normal 0 0 -1
    outer loop
      vertex -8.39449 9.26189 -56
      vertex -5.70825 6.29808 -56
      vertex -6.01041 6.01041 -56
    endloop
  endfacet
  facet normal 0 0 -1
    outer loop
      vertex -8.83883 8.83883 -56
      vertex -6.01041 6.01041 -56
      vertex -6.29808 5.70825 -56
    endloop
  endfacet
  facet normal 0 0 -1
    outer loop
      vertex -4.36987 7.29069 -56
      vertex -6.42628 10.7216 -56
      vertex -5.89246 11.024 -56
    endloop
  endfacet
  facet normal 0 0 -1
    outer loop
      vertex -9.26189 8.39449 -56
      vertex -6.29808 5.70825 -56
      vertex -6.57059 5.39234 -56
    endloop
  endfacet
  facet normal 0 0 -1
    outer loop
      vertex -9.66263 7.92992 -56
      vertex -6.57059 5.39234 -56
      vertex -6.82726 5.06344 -56
    endloop
  endfacet
  facet normal 0 0 -1
    outer loop
      vertex -4.72235 7.06749 -56
      vertex -6.94463 10.3934 -56
      vertex -6.42628 10.7216 -56
    endloop
  endfacet
  facet normal 0 0 -1
    outer loop
      vertex -10.0401 7.44624 -56
      vertex -6.82726 5.06344 -56
      vertex -7.06749 4.72235 -56
    endloop
  endfacet
  facet normal 0 0 -1
    outer loop
      vertex -10.3934 6.94463 -56
      vertex -7.06749 4.72235 -56
      vertex -7.29069 4.36987 -56
    endloop
  endfacet
  facet normal 0 0 -1
    outer loop
      vertex -5.06344 6.82726 -56
      vertex -7.44624 10.0401 -56
      vertex -6.94463 10.3934 -56
    endloop
  endfacet
  facet normal 0 0 -1
    outer loop
      vertex -10.7216 6.42628 -56
      vertex -7.29069 4.36987 -56
      vertex -7.49633 4.00687 -56
    endloop
  endfacet
  facet normal 0 0 -1
    outer loop
      vertex -11.024 5.89246 -56
      vertex -7.49633 4.00687 -56
      vertex -7.68391 3.63422 -56
    endloop
  endfacet
  facet normal 0 0 -1
    outer loop
      vertex -11.2999 5.34444 -56
      vertex -7.68391 3.63422 -56
      vertex -7.85298 3.25281 -56
    endloop
  endfacet
  facet normal 0 0 -1
    outer loop
      vertex -5.39234 6.57059 -56
      vertex -7.92992 9.66263 -56
      vertex -7.44624 10.0401 -56
    endloop
  endfacet
  facet normal 0 0 -1
    outer loop
      vertex -11.5485 4.78354 -56
      vertex -7.85298 3.25281 -56
      vertex -8.00312 2.86356 -56
    endloop
  endfacet
  facet normal 0 0 -1
    outer loop
      vertex -11.7693 4.21112 -56
      vertex -8.00312 2.86356 -56
      vertex -8.13399 2.46742 -56
    endloop
  endfacet
  facet normal 0 0 -1
    outer loop
      vertex -11.9618 3.62856 -56
      vertex -8.13399 2.46742 -56
      vertex -8.24527 2.06533 -56
    endloop
  endfacet
  facet normal 0 0 -1
    outer loop
      vertex -12.1254 3.03725 -56
      vertex -8.24527 2.06533 -56
      vertex -8.33667 1.65827 -56
    endloop
  endfacet
  facet normal 0 0 -1
    outer loop
      vertex -5.70825 6.29808 -56
      vertex -8.39449 9.26189 -56
      vertex -7.92992 9.66263 -56
    endloop
  endfacet
  facet normal 0 0 -1
    outer loop
      vertex -12.2598 2.43863 -56
      vertex -8.33667 1.65827 -56
      vertex -8.408 1.24721 -56
    endloop
  endfacet
  facet normal 0 0 -1
    outer loop
      vertex -12.3647 1.83413 -56
      vertex -8.408 1.24721 -56
      vertex -8.45907 0.833145 -56
    endloop
  endfacet
  facet normal 0 0 -1
    outer loop
      vertex -12.4398 1.22521 -56
      vertex -8.45907 0.833145 -56
      vertex -8.48976 0.417075 -56
    endloop
  endfacet
  facet normal 0 0 -1
    outer loop
      vertex -12.4849 0.613345 -56
      vertex -8.48976 0.417075 -56
      vertex -8.5 0 -56
    endloop
  endfacet
  facet normal -0 0 -1
    outer loop
      vertex -7.85298 -3.25281 -56
      vertex -11.5485 -4.78354 -56
      vertex -8.00312 -2.86356 -56
    endloop
  endfacet
  facet normal 0 0 -1
    outer loop
      vertex -6.01041 6.01041 -56
      vertex -8.83883 8.83883 -56
      vertex -8.39449 9.26189 -56
    endloop
  endfacet
  facet normal 0 0 -1
    outer loop
      vertex -11.7693 -4.21112 -56
      vertex -8.00312 -2.86356 -56
      vertex -11.5485 -4.78354 -56
    endloop
  endfacet
  facet normal 0 0 -1
    outer loop
      vertex -6.29808 5.70825 -56
      vertex -9.26189 8.39449 -56
      vertex -8.83883 8.83883 -56
    endloop
  endfacet
  facet normal -0 0 -1
    outer loop
      vertex -8.00312 -2.86356 -56
      vertex -11.7693 -4.21112 -56
      vertex -8.13399 -2.46742 -56
    endloop
  endfacet
  facet normal 0 0 -1
    outer loop
      vertex -6.57059 5.39234 -56
      vertex -9.66263 7.92992 -56
      vertex -9.26189 8.39449 -56
    endloop
  endfacet
  facet normal 0 0 -1
    outer loop
      vertex -11.9618 -3.62856 -56
      vertex -8.13399 -2.46742 -56
      vertex -11.7693 -4.21112 -56
    endloop
  endfacet
  facet normal 0 0 -1
    outer loop
      vertex -6.82726 5.06344 -56
      vertex -10.0401 7.44624 -56
      vertex -9.66263 7.92992 -56
    endloop
  endfacet
  facet normal -0 0 -1
    outer loop
      vertex -8.13399 -2.46742 -56
      vertex -11.9618 -3.62856 -56
      vertex -8.24527 -2.06533 -56
    endloop
  endfacet
  facet normal 0 0 -1
    outer loop
      vertex -7.06749 4.72235 -56
      vertex -10.3934 6.94463 -56
      vertex -10.0401 7.44624 -56
    endloop
  endfacet
  facet normal 0 0 -1
    outer loop
      vertex -12.1254 -3.03725 -56
      vertex -8.24527 -2.06533 -56
      vertex -11.9618 -3.62856 -56
    endloop
  endfacet
  facet normal 0 0 -1
    outer loop
      vertex -7.29069 4.36987 -56
      vertex -10.7216 6.42628 -56
      vertex -10.3934 6.94463 -56
    endloop
  endfacet
  facet normal -0 0 -1
    outer loop
      vertex -8.24527 -2.06533 -56
      vertex -12.1254 -3.03725 -56
      vertex -8.33667 -1.65827 -56
    endloop
  endfacet
  facet normal 0 0 -1
    outer loop
      vertex -7.49633 4.00687 -56
      vertex -11.024 5.89246 -56
      vertex -10.7216 6.42628 -56
    endloop
  endfacet
  facet normal 0 0 -1
    outer loop
      vertex -12.2598 -2.43863 -56
      vertex -8.33667 -1.65827 -56
      vertex -12.1254 -3.03725 -56
    endloop
  endfacet
  facet normal 0 0 -1
    outer loop
      vertex -7.68391 3.63422 -56
      vertex -11.2999 5.34444 -56
      vertex -11.024 5.89246 -56
    endloop
  endfacet
  facet normal -0 0 -1
    outer loop
      vertex -8.33667 -1.65827 -56
      vertex -12.2598 -2.43863 -56
      vertex -8.408 -1.24721 -56
    endloop
  endfacet
  facet normal 0 0 -1
    outer loop
      vertex -7.85298 3.25281 -56
      vertex -11.5485 4.78354 -56
      vertex -11.2999 5.34444 -56
    endloop
  endfacet
  facet normal 0 0 -1
    outer loop
      vertex -12.3647 -1.83413 -56
      vertex -8.408 -1.24721 -56
      vertex -12.2598 -2.43863 -56
    endloop
  endfacet
  facet normal 0 0 -1
    outer loop
      vertex -8.00312 2.86356 -56
      vertex -11.7693 4.21112 -56
      vertex -11.5485 4.78354 -56
    endloop
  endfacet
  facet normal -0 0 -1
    outer loop
      vertex -8.408 -1.24721 -56
      vertex -12.3647 -1.83413 -56
      vertex -8.45907 -0.833145 -56
    endloop
  endfacet
  facet normal 0 0 -1
    outer loop
      vertex -8.13399 2.46742 -56
      vertex -11.9618 3.62856 -56
      vertex -11.7693 4.21112 -56
    endloop
  endfacet
  facet normal 0 0 -1
    outer loop
      vertex -12.4398 -1.22521 -56
      vertex -8.45907 -0.833145 -56
      vertex -12.3647 -1.83413 -56
    endloop
  endfacet
  facet normal 0 0 -1
    outer loop
      vertex -8.24527 2.06533 -56
      vertex -12.1254 3.03725 -56
      vertex -11.9618 3.62856 -56
    endloop
  endfacet
  facet normal -0 0 -1
    outer loop
      vertex -8.45907 -0.833145 -56
      vertex -12.4398 -1.22521 -56
      vertex -8.48976 -0.417075 -56
    endloop
  endfacet
  facet normal 0 0 -1
    outer loop
      vertex -8.33667 1.65827 -56
      vertex -12.2598 2.43863 -56
      vertex -12.1254 3.03725 -56
    endloop
  endfacet
  facet normal 0 0 -1
    outer loop
      vertex -12.4849 -0.613345 -56
      vertex -8.48976 -0.417075 -56
      vertex -12.4398 -1.22521 -56
    endloop
  endfacet
  facet normal 0 0 -1
    outer loop
      vertex -8.408 1.24721 -56
      vertex -12.3647 1.83413 -56
      vertex -12.2598 2.43863 -56
    endloop
  endfacet
  facet normal -0 0 -1
    outer loop
      vertex -8.48976 -0.417075 -56
      vertex -12.4849 -0.613345 -56
      vertex -8.5 0 -56
    endloop
  endfacet
  facet normal 0 0 -1
    outer loop
      vertex -8.45907 0.833145 -56
      vertex -12.4398 1.22521 -56
      vertex -12.3647 1.83413 -56
    endloop
  endfacet
  facet normal 0 0 -1
    outer loop
      vertex -12.5 0 -56
      vertex -8.5 0 -56
      vertex -12.4849 -0.613345 -56
    endloop
  endfacet
  facet normal 0 0 -1
    outer loop
      vertex -8.48976 0.417075 -56
      vertex -12.4849 0.613345 -56
      vertex -12.4398 1.22521 -56
    endloop
  endfacet
  facet normal 0 0 -1
    outer loop
      vertex -8.5 0 -56
      vertex -12.5 0 -56
      vertex -12.4849 0.613345 -56
    endloop
  endfacet
  facet normal 0.975711 0.219063 0
    outer loop
      vertex 12.2598 2.43863 -8
      vertex 12.1254 3.03725 -56
      vertex 12.1254 3.03725 -8
    endloop
  endfacet
  facet normal 0.975711 0.219063 0
    outer loop
      vertex 12.1254 3.03725 -56
      vertex 12.2598 2.43863 -8
      vertex 12.2598 2.43863 -56
    endloop
  endfacet
  facet normal -0.0735097 -0.997295 0
    outer loop
      vertex -1.22521 -12.4398 -56
      vertex -0.613345 -12.4849 -8
      vertex -1.22521 -12.4398 -8
    endloop
  endfacet
  facet normal -0.0735097 -0.997295 -0
    outer loop
      vertex -0.613345 -12.4849 -8
      vertex -1.22521 -12.4398 -56
      vertex -0.613345 -12.4849 -56
    endloop
  endfacet
  facet normal -0.949505 0.313753 0
    outer loop
      vertex -11.9618 3.62856 -56
      vertex -11.7693 4.21112 -8
      vertex -11.7693 4.21112 -56
    endloop
  endfacet
  facet normal -0.949505 0.313753 0
    outer loop
      vertex -11.7693 4.21112 -8
      vertex -11.9618 3.62856 -56
      vertex -11.9618 3.62856 -8
    endloop
  endfacet
  facet normal 0.963792 0.266656 0
    outer loop
      vertex 12.1254 3.03725 -8
      vertex 11.9618 3.62856 -56
      vertex 11.9618 3.62856 -8
    endloop
  endfacet
  facet normal 0.963792 0.266656 0
    outer loop
      vertex 11.9618 3.62856 -56
      vertex 12.1254 3.03725 -8
      vertex 12.1254 3.03725 -56
    endloop
  endfacet
  facet normal 0.313753 -0.949505 0
    outer loop
      vertex 3.62856 -11.9618 -56
      vertex 4.21112 -11.7693 -8
      vertex 3.62856 -11.9618 -8
    endloop
  endfacet
  facet normal 0.313753 -0.949505 0
    outer loop
      vertex 4.21112 -11.7693 -8
      vertex 3.62856 -11.9618 -56
      vertex 4.21112 -11.7693 -56
    endloop
  endfacet
  facet normal -0.615234 0.788345 0
    outer loop
      vertex -7.44624 10.0401 -56
      vertex -7.92992 9.66263 -8
      vertex -7.44624 10.0401 -8
    endloop
  endfacet
  facet normal -0.615234 0.788345 0
    outer loop
      vertex -7.92992 9.66263 -8
      vertex -7.44624 10.0401 -56
      vertex -7.92992 9.66263 -56
    endloop
  endfacet
  facet normal 0.492892 -0.870091 0
    outer loop
      vertex 5.89246 -11.024 -56
      vertex 6.42628 -10.7216 -8
      vertex 5.89246 -11.024 -8
    endloop
  endfacet
  facet normal 0.492892 -0.870091 0
    outer loop
      vertex 6.42628 -10.7216 -8
      vertex 5.89246 -11.024 -56
      vertex 6.42628 -10.7216 -56
    endloop
  endfacet
  facet normal 0.575837 0.817565 -0
    outer loop
      vertex 7.44624 10.0401 -56
      vertex 6.94463 10.3934 -8
      vertex 7.44624 10.0401 -8
    endloop
  endfacet
  facet normal 0.575837 0.817565 0
    outer loop
      vertex 6.94463 10.3934 -8
      vertex 7.44624 10.0401 -56
      vertex 6.94463 10.3934 -56
    endloop
  endfacet
  facet normal -0.492892 -0.870091 0
    outer loop
      vertex -6.42628 -10.7216 -56
      vertex -5.89246 -11.024 -8
      vertex -6.42628 -10.7216 -8
    endloop
  endfacet
  facet normal -0.492892 -0.870091 -0
    outer loop
      vertex -5.89246 -11.024 -8
      vertex -6.42628 -10.7216 -56
      vertex -5.89246 -11.024 -56
    endloop
  endfacet
  facet normal -0.359885 0.932996 0
    outer loop
      vertex -4.21112 11.7693 -56
      vertex -4.78354 11.5485 -8
      vertex -4.21112 11.7693 -8
    endloop
  endfacet
  facet normal -0.359885 0.932996 0
    outer loop
      vertex -4.78354 11.5485 -8
      vertex -4.21112 11.7693 -56
      vertex -4.78354 11.5485 -56
    endloop
  endfacet
  facet normal -0.0246116 0.999697 0
    outer loop
      vertex 0 12.5 -56
      vertex -0.613345 12.4849 -8
      vertex 0 12.5 -8
    endloop
  endfacet
  facet normal -0.0246116 0.999697 0
    outer loop
      vertex -0.613345 12.4849 -8
      vertex 0 12.5 -56
      vertex -0.613345 12.4849 -56
    endloop
  endfacet
  facet normal 0.615234 0.788345 -0
    outer loop
      vertex 7.92992 9.66263 -56
      vertex 7.44624 10.0401 -8
      vertex 7.92992 9.66263 -8
    endloop
  endfacet
  facet normal 0.615234 0.788345 0
    outer loop
      vertex 7.44624 10.0401 -8
      vertex 7.92992 9.66263 -56
      vertex 7.44624 10.0401 -56
    endloop
  endfacet
  facet normal -0.0246116 -0.999697 0
    outer loop
      vertex -0.613345 -12.4849 -56
      vertex 0 -12.5 -8
      vertex -0.613345 -12.4849 -8
    endloop
  endfacet
  facet normal -0.0246116 -0.999697 -0
    outer loop
      vertex 0 -12.5 -8
      vertex -0.613345 -12.4849 -56
      vertex 0 -12.5 -56
    endloop
  endfacet
  facet normal -0.653172 0.75721 0
    outer loop
      vertex -7.92992 9.66263 -56
      vertex -8.39449 9.26189 -8
      vertex -7.92992 9.66263 -8
    endloop
  endfacet
  facet normal -0.653172 0.75721 0
    outer loop
      vertex -8.39449 9.26189 -8
      vertex -7.92992 9.66263 -56
      vertex -8.39449 9.26189 -56
    endloop
  endfacet
  facet normal -0.170977 0.985275 0
    outer loop
      vertex -1.83413 12.3647 -56
      vertex -2.43863 12.2598 -8
      vertex -1.83413 12.3647 -8
    endloop
  endfacet
  facet normal -0.170977 0.985275 0
    outer loop
      vertex -2.43863 12.2598 -8
      vertex -1.83413 12.3647 -56
      vertex -2.43863 12.2598 -56
    endloop
  endfacet
  facet normal -0.975711 0.219063 0
    outer loop
      vertex -12.2598 2.43863 -56
      vertex -12.1254 3.03725 -8
      vertex -12.1254 3.03725 -56
    endloop
  endfacet
  facet normal -0.975711 0.219063 0
    outer loop
      vertex -12.1254 3.03725 -8
      vertex -12.2598 2.43863 -56
      vertex -12.2598 2.43863 -8
    endloop
  endfacet
  facet normal -0.932996 -0.359885 0
    outer loop
      vertex -11.5485 -4.78354 -56
      vertex -11.7693 -4.21112 -8
      vertex -11.7693 -4.21112 -56
    endloop
  endfacet
  facet normal -0.932996 -0.359885 0
    outer loop
      vertex -11.7693 -4.21112 -8
      vertex -11.5485 -4.78354 -56
      vertex -11.5485 -4.78354 -8
    endloop
  endfacet
  facet normal -0.817565 -0.575837 0
    outer loop
      vertex -10.0401 -7.44624 -56
      vertex -10.3934 -6.94463 -8
      vertex -10.3934 -6.94463 -56
    endloop
  endfacet
  facet normal -0.817565 -0.575837 0
    outer loop
      vertex -10.3934 -6.94463 -8
      vertex -10.0401 -7.44624 -56
      vertex -10.0401 -7.44624 -8
    endloop
  endfacet
  facet normal 0.844884 -0.534949 0
    outer loop
      vertex 10.3934 -6.94463 -8
      vertex 10.7216 -6.42628 -56
      vertex 10.7216 -6.42628 -8
    endloop
  endfacet
  facet normal 0.844884 -0.534949 0
    outer loop
      vertex 10.7216 -6.42628 -56
      vertex 10.3934 -6.94463 -8
      vertex 10.3934 -6.94463 -56
    endloop
  endfacet
  facet normal 0.615234 -0.788345 0
    outer loop
      vertex 7.44624 -10.0401 -56
      vertex 7.92992 -9.66263 -8
      vertex 7.44624 -10.0401 -8
    endloop
  endfacet
  facet normal 0.615234 -0.788345 0
    outer loop
      vertex 7.92992 -9.66263 -8
      vertex 7.44624 -10.0401 -56
      vertex 7.92992 -9.66263 -56
    endloop
  endfacet
  facet normal 0.266656 0.963792 -0
    outer loop
      vertex 3.62856 11.9618 -56
      vertex 3.03725 12.1254 -8
      vertex 3.62856 11.9618 -8
    endloop
  endfacet
  facet normal 0.266656 0.963792 0
    outer loop
      vertex 3.03725 12.1254 -8
      vertex 3.62856 11.9618 -56
      vertex 3.03725 12.1254 -56
    endloop
  endfacet
  facet normal 0.914228 0.405201 0
    outer loop
      vertex 11.5485 4.78354 -8
      vertex 11.2999 5.34444 -56
      vertex 11.2999 5.34444 -8
    endloop
  endfacet
  facet normal 0.914228 0.405201 0
    outer loop
      vertex 11.2999 5.34444 -56
      vertex 11.5485 4.78354 -8
      vertex 11.5485 4.78354 -56
    endloop
  endfacet
  facet normal -0.817565 0.575837 0
    outer loop
      vertex -10.3934 6.94463 -56
      vertex -10.0401 7.44624 -8
      vertex -10.0401 7.44624 -56
    endloop
  endfacet
  facet normal -0.817565 0.575837 0
    outer loop
      vertex -10.0401 7.44624 -8
      vertex -10.3934 6.94463 -56
      vertex -10.3934 6.94463 -8
    endloop
  endfacet
  facet normal -0.219063 -0.975711 0
    outer loop
      vertex -3.03725 -12.1254 -56
      vertex -2.43863 -12.2598 -8
      vertex -3.03725 -12.1254 -8
    endloop
  endfacet
  facet normal -0.219063 -0.975711 -0
    outer loop
      vertex -2.43863 -12.2598 -8
      vertex -3.03725 -12.1254 -56
      vertex -2.43863 -12.2598 -56
    endloop
  endfacet
  facet normal 0.817565 -0.575837 0
    outer loop
      vertex 10.0401 -7.44624 -8
      vertex 10.3934 -6.94463 -56
      vertex 10.3934 -6.94463 -8
    endloop
  endfacet
  facet normal 0.817565 -0.575837 0
    outer loop
      vertex 10.3934 -6.94463 -56
      vertex 10.0401 -7.44624 -8
      vertex 10.0401 -7.44624 -56
    endloop
  endfacet
  facet normal 0.122406 -0.99248 0
    outer loop
      vertex 1.22521 -12.4398 -56
      vertex 1.83413 -12.3647 -8
      vertex 1.22521 -12.4398 -8
    endloop
  endfacet
  facet normal 0.122406 -0.99248 0
    outer loop
      vertex 1.83413 -12.3647 -8
      vertex 1.22521 -12.4398 -56
      vertex 1.83413 -12.3647 -56
    endloop
  endfacet
  facet normal -0.724236 0.689552 0
    outer loop
      vertex -9.26189 8.39449 -56
      vertex -8.83883 8.83883 -8
      vertex -8.83883 8.83883 -56
    endloop
  endfacet
  facet normal -0.724236 0.689552 0
    outer loop
      vertex -8.83883 8.83883 -8
      vertex -9.26189 8.39449 -56
      vertex -9.26189 8.39449 -8
    endloop
  endfacet
  facet normal 0.449676 -0.893192 0
    outer loop
      vertex 5.34444 -11.2999 -56
      vertex 5.89246 -11.024 -8
      vertex 5.34444 -11.2999 -8
    endloop
  endfacet
  facet normal 0.449676 -0.893192 0
    outer loop
      vertex 5.89246 -11.024 -8
      vertex 5.34444 -11.2999 -56
      vertex 5.89246 -11.024 -56
    endloop
  endfacet
  facet normal -0.844884 0.534949 0
    outer loop
      vertex -10.7216 6.42628 -56
      vertex -10.3934 6.94463 -8
      vertex -10.3934 6.94463 -56
    endloop
  endfacet
  facet normal -0.844884 0.534949 0
    outer loop
      vertex -10.3934 6.94463 -8
      vertex -10.7216 6.42628 -56
      vertex -10.7216 6.42628 -8
    endloop
  endfacet
  facet normal 0.266656 -0.963792 0
    outer loop
      vertex 3.03725 -12.1254 -56
      vertex 3.62856 -11.9618 -8
      vertex 3.03725 -12.1254 -8
    endloop
  endfacet
  facet normal 0.266656 -0.963792 0
    outer loop
      vertex 3.62856 -11.9618 -8
      vertex 3.03725 -12.1254 -56
      vertex 3.62856 -11.9618 -56
    endloop
  endfacet
  facet normal -0.615234 -0.788345 0
    outer loop
      vertex -7.92992 -9.66263 -56
      vertex -7.44624 -10.0401 -8
      vertex -7.92992 -9.66263 -8
    endloop
  endfacet
  facet normal -0.615234 -0.788345 -0
    outer loop
      vertex -7.44624 -10.0401 -8
      vertex -7.92992 -9.66263 -56
      vertex -7.44624 -10.0401 -56
    endloop
  endfacet
  facet normal -0.985275 -0.170977 0
    outer loop
      vertex -12.2598 -2.43863 -56
      vertex -12.3647 -1.83413 -8
      vertex -12.3647 -1.83413 -56
    endloop
  endfacet
  facet normal -0.985275 -0.170977 0
    outer loop
      vertex -12.3647 -1.83413 -8
      vertex -12.2598 -2.43863 -56
      vertex -12.2598 -2.43863 -8
    endloop
  endfacet
  facet normal 0.405201 -0.914228 0
    outer loop
      vertex 4.78354 -11.5485 -56
      vertex 5.34444 -11.2999 -8
      vertex 4.78354 -11.5485 -8
    endloop
  endfacet
  facet normal 0.405201 -0.914228 0
    outer loop
      vertex 5.34444 -11.2999 -8
      vertex 4.78354 -11.5485 -56
      vertex 5.34444 -11.2999 -56
    endloop
  endfacet
  facet normal -0.893192 -0.449676 0
    outer loop
      vertex -11.024 -5.89246 -56
      vertex -11.2999 -5.34444 -8
      vertex -11.2999 -5.34444 -56
    endloop
  endfacet
  facet normal -0.893192 -0.449676 0
    outer loop
      vertex -11.2999 -5.34444 -8
      vertex -11.024 -5.89246 -56
      vertex -11.024 -5.89246 -8
    endloop
  endfacet
  facet normal 0.313753 0.949505 -0
    outer loop
      vertex 4.21112 11.7693 -56
      vertex 3.62856 11.9618 -8
      vertex 4.21112 11.7693 -8
    endloop
  endfacet
  facet normal 0.313753 0.949505 0
    outer loop
      vertex 3.62856 11.9618 -8
      vertex 4.21112 11.7693 -56
      vertex 3.62856 11.9618 -56
    endloop
  endfacet
  facet normal 0.0246116 0.999697 -0
    outer loop
      vertex 0.613345 12.4849 -56
      vertex 0 12.5 -8
      vertex 0.613345 12.4849 -8
    endloop
  endfacet
  facet normal 0.0246116 0.999697 0
    outer loop
      vertex 0 12.5 -8
      vertex 0.613345 12.4849 -56
      vertex 0 12.5 -56
    endloop
  endfacet
  facet normal -0.449676 0.893192 0
    outer loop
      vertex -5.34444 11.2999 -56
      vertex -5.89246 11.024 -8
      vertex -5.34444 11.2999 -8
    endloop
  endfacet
  facet normal -0.449676 0.893192 0
    outer loop
      vertex -5.89246 11.024 -8
      vertex -5.34444 11.2999 -56
      vertex -5.89246 11.024 -56
    endloop
  endfacet
  facet normal 0.0735097 0.997295 -0
    outer loop
      vertex 1.22521 12.4398 -56
      vertex 0.613345 12.4849 -8
      vertex 1.22521 12.4398 -8
    endloop
  endfacet
  facet normal 0.0735097 0.997295 0
    outer loop
      vertex 0.613345 12.4849 -8
      vertex 1.22521 12.4398 -56
      vertex 0.613345 12.4849 -56
    endloop
  endfacet
  facet normal 0.534949 0.844884 -0
    outer loop
      vertex 6.94463 10.3934 -56
      vertex 6.42628 10.7216 -8
      vertex 6.94463 10.3934 -8
    endloop
  endfacet
  facet normal 0.534949 0.844884 0
    outer loop
      vertex 6.42628 10.7216 -8
      vertex 6.94463 10.3934 -56
      vertex 6.42628 10.7216 -56
    endloop
  endfacet
  facet normal -0.313753 -0.949505 0
    outer loop
      vertex -4.21112 -11.7693 -56
      vertex -3.62856 -11.9618 -8
      vertex -4.21112 -11.7693 -8
    endloop
  endfacet
  facet normal -0.313753 -0.949505 -0
    outer loop
      vertex -3.62856 -11.9618 -8
      vertex -4.21112 -11.7693 -56
      vertex -3.62856 -11.9618 -56
    endloop
  endfacet
  facet normal -0.997295 0.0735097 0
    outer loop
      vertex -12.4849 0.613345 -56
      vertex -12.4398 1.22521 -8
      vertex -12.4398 1.22521 -56
    endloop
  endfacet
  facet normal -0.997295 0.0735097 0
    outer loop
      vertex -12.4398 1.22521 -8
      vertex -12.4849 0.613345 -56
      vertex -12.4849 0.613345 -8
    endloop
  endfacet
  facet normal -0.985275 0.170977 0
    outer loop
      vertex -12.3647 1.83413 -56
      vertex -12.2598 2.43863 -8
      vertex -12.2598 2.43863 -56
    endloop
  endfacet
  facet normal -0.985275 0.170977 0
    outer loop
      vertex -12.2598 2.43863 -8
      vertex -12.3647 1.83413 -56
      vertex -12.3647 1.83413 -8
    endloop
  endfacet
  facet normal -0.170977 -0.985275 0
    outer loop
      vertex -2.43863 -12.2598 -56
      vertex -1.83413 -12.3647 -8
      vertex -2.43863 -12.2598 -8
    endloop
  endfacet
  facet normal -0.170977 -0.985275 -0
    outer loop
      vertex -1.83413 -12.3647 -8
      vertex -2.43863 -12.2598 -56
      vertex -1.83413 -12.3647 -56
    endloop
  endfacet
  facet normal -0.266656 0.963792 0
    outer loop
      vertex -3.03725 12.1254 -56
      vertex -3.62856 11.9618 -8
      vertex -3.03725 12.1254 -8
    endloop
  endfacet
  facet normal -0.266656 0.963792 0
    outer loop
      vertex -3.62856 11.9618 -8
      vertex -3.03725 12.1254 -56
      vertex -3.62856 11.9618 -56
    endloop
  endfacet
  facet normal -0.788345 -0.615234 0
    outer loop
      vertex -9.66263 -7.92992 -56
      vertex -10.0401 -7.44624 -8
      vertex -10.0401 -7.44624 -56
    endloop
  endfacet
  facet normal -0.788345 -0.615234 0
    outer loop
      vertex -10.0401 -7.44624 -8
      vertex -9.66263 -7.92992 -56
      vertex -9.66263 -7.92992 -8
    endloop
  endfacet
  facet normal 0.788345 0.615234 0
    outer loop
      vertex 10.0401 7.44624 -8
      vertex 9.66263 7.92992 -56
      vertex 9.66263 7.92992 -8
    endloop
  endfacet
  facet normal 0.788345 0.615234 0
    outer loop
      vertex 9.66263 7.92992 -56
      vertex 10.0401 7.44624 -8
      vertex 10.0401 7.44624 -56
    endloop
  endfacet
  facet normal -0.963792 -0.266656 0
    outer loop
      vertex -11.9618 -3.62856 -56
      vertex -12.1254 -3.03725 -8
      vertex -12.1254 -3.03725 -56
    endloop
  endfacet
  facet normal -0.963792 -0.266656 0
    outer loop
      vertex -12.1254 -3.03725 -8
      vertex -11.9618 -3.62856 -56
      vertex -11.9618 -3.62856 -8
    endloop
  endfacet
  facet normal -0.449676 -0.893192 0
    outer loop
      vertex -5.89246 -11.024 -56
      vertex -5.34444 -11.2999 -8
      vertex -5.89246 -11.024 -8
    endloop
  endfacet
  facet normal -0.449676 -0.893192 -0
    outer loop
      vertex -5.34444 -11.2999 -8
      vertex -5.89246 -11.024 -56
      vertex -5.34444 -11.2999 -56
    endloop
  endfacet
  facet normal -0.870091 0.492892 0
    outer loop
      vertex -11.024 5.89246 -56
      vertex -10.7216 6.42628 -8
      vertex -10.7216 6.42628 -56
    endloop
  endfacet
  facet normal -0.870091 0.492892 0
    outer loop
      vertex -10.7216 6.42628 -8
      vertex -11.024 5.89246 -56
      vertex -11.024 5.89246 -8
    endloop
  endfacet
  facet normal -0.405201 0.914228 0
    outer loop
      vertex -4.78354 11.5485 -56
      vertex -5.34444 11.2999 -8
      vertex -4.78354 11.5485 -8
    endloop
  endfacet
  facet normal -0.405201 0.914228 0
    outer loop
      vertex -5.34444 11.2999 -8
      vertex -4.78354 11.5485 -56
      vertex -5.34444 11.2999 -56
    endloop
  endfacet
  facet normal -0.575837 -0.817565 0
    outer loop
      vertex -7.44624 -10.0401 -56
      vertex -6.94463 -10.3934 -8
      vertex -7.44624 -10.0401 -8
    endloop
  endfacet
  facet normal -0.575837 -0.817565 -0
    outer loop
      vertex -6.94463 -10.3934 -8
      vertex -7.44624 -10.0401 -56
      vertex -6.94463 -10.3934 -56
    endloop
  endfacet
  facet normal -0.534949 -0.844884 0
    outer loop
      vertex -6.94463 -10.3934 -56
      vertex -6.42628 -10.7216 -8
      vertex -6.94463 -10.3934 -8
    endloop
  endfacet
  facet normal -0.534949 -0.844884 -0
    outer loop
      vertex -6.42628 -10.7216 -8
      vertex -6.94463 -10.3934 -56
      vertex -6.42628 -10.7216 -56
    endloop
  endfacet
  facet normal 0.997293 0.0735311 0
    outer loop
      vertex 10.9867 0.539744 28
      vertex 10.947 1.07819 -2
      vertex 10.947 1.07819 28
    endloop
  endfacet
  facet normal 0.997293 0.0735311 0
    outer loop
      vertex 10.947 1.07819 -2
      vertex 10.9867 0.539744 28
      vertex 10.9867 0.539744 -2
    endloop
  endfacet
  facet normal 0.999697 0.0246338 0
    outer loop
      vertex 11 0 28
      vertex 10.9867 0.539744 -2
      vertex 10.9867 0.539744 28
    endloop
  endfacet
  facet normal 0.999697 0.0246338 0
    outer loop
      vertex 10.9867 0.539744 -2
      vertex 11 0 28
      vertex 11 0 -2
    endloop
  endfacet
  facet normal 0.992477 0.12243 0
    outer loop
      vertex 10.947 1.07819 28
      vertex 10.8809 1.61403 -2
      vertex 10.8809 1.61403 28
    endloop
  endfacet
  facet normal 0.992477 0.12243 0
    outer loop
      vertex 10.8809 1.61403 -2
      vertex 10.947 1.07819 28
      vertex 10.947 1.07819 -2
    endloop
  endfacet
  facet normal 0.170955 0.985279 -0
    outer loop
      vertex 2.14599 10.7886 -2
      vertex 1.61403 10.8809 28
      vertex 2.14599 10.7886 28
    endloop
  endfacet
  facet normal 0.170955 0.985279 0
    outer loop
      vertex 1.61403 10.8809 28
      vertex 2.14599 10.7886 -2
      vertex 1.61403 10.8809 -2
    endloop
  endfacet
  facet normal 0.0735311 -0.997293 0
    outer loop
      vertex 0.539744 -10.9867 -2
      vertex 1.07819 -10.947 28
      vertex 0.539744 -10.9867 28
    endloop
  endfacet
  facet normal 0.0735311 -0.997293 0
    outer loop
      vertex 1.07819 -10.947 28
      vertex 0.539744 -10.9867 -2
      vertex 1.07819 -10.947 -2
    endloop
  endfacet
  facet normal -0.949561 0.313582 0
    outer loop
      vertex -10.5263 3.19313 -2
      vertex -10.357 3.70579 28
      vertex -10.357 3.70579 -2
    endloop
  endfacet
  facet normal -0.949561 0.313582 0
    outer loop
      vertex -10.357 3.70579 28
      vertex -10.5263 3.19313 -2
      vertex -10.5263 3.19313 28
    endloop
  endfacet
  facet normal 0.0735311 0.997293 -0
    outer loop
      vertex 1.07819 10.947 -2
      vertex 0.539744 10.9867 28
      vertex 1.07819 10.947 28
    endloop
  endfacet
  facet normal 0.0735311 0.997293 0
    outer loop
      vertex 0.539744 10.9867 28
      vertex 1.07819 10.947 -2
      vertex 0.539744 10.9867 -2
    endloop
  endfacet
  facet normal 0.689548 0.72424 -0
    outer loop
      vertex 7.77817 7.77817 -2
      vertex 7.38715 8.15046 28
      vertex 7.77817 7.77817 28
    endloop
  endfacet
  facet normal 0.689548 0.72424 0
    outer loop
      vertex 7.38715 8.15046 28
      vertex 7.77817 7.77817 -2
      vertex 7.38715 8.15046 -2
    endloop
  endfacet
  facet normal 0.757209 -0.653172 0
    outer loop
      vertex 8.15046 -7.38715 28
      vertex 8.50311 -6.97833 -2
      vertex 8.50311 -6.97833 28
    endloop
  endfacet
  facet normal 0.757209 -0.653172 0
    outer loop
      vertex 8.50311 -6.97833 -2
      vertex 8.15046 -7.38715 28
      vertex 8.15046 -7.38715 -2
    endloop
  endfacet
  facet normal -0.689548 -0.72424 0
    outer loop
      vertex -7.77817 -7.77817 -2
      vertex -7.38715 -8.15046 28
      vertex -7.77817 -7.77817 28
    endloop
  endfacet
  facet normal -0.689548 -0.72424 -0
    outer loop
      vertex -7.38715 -8.15046 28
      vertex -7.77817 -7.77817 -2
      vertex -7.38715 -8.15046 -2
    endloop
  endfacet
  facet normal -0.949561 -0.313582 0
    outer loop
      vertex -10.357 -3.70579 -2
      vertex -10.5263 -3.19313 28
      vertex -10.5263 -3.19313 -2
    endloop
  endfacet
  facet normal -0.949561 -0.313582 0
    outer loop
      vertex -10.5263 -3.19313 28
      vertex -10.357 -3.70579 -2
      vertex -10.357 -3.70579 28
    endloop
  endfacet
  facet normal 0.985279 -0.170955 0
    outer loop
      vertex 10.7886 -2.14599 28
      vertex 10.8809 -1.61403 -2
      vertex 10.8809 -1.61403 28
    endloop
  endfacet
  facet normal 0.985279 -0.170955 0
    outer loop
      vertex 10.8809 -1.61403 -2
      vertex 10.7886 -2.14599 28
      vertex 10.7886 -2.14599 -2
    endloop
  endfacet
  facet normal 0.9757 -0.219111 0
    outer loop
      vertex 10.6703 -2.67278 28
      vertex 10.7886 -2.14599 -2
      vertex 10.7886 -2.14599 28
    endloop
  endfacet
  facet normal 0.9757 -0.219111 0
    outer loop
      vertex 10.7886 -2.14599 -2
      vertex 10.6703 -2.67278 28
      vertex 10.6703 -2.67278 -2
    endloop
  endfacet
  facet normal 0.997293 -0.0735311 0
    outer loop
      vertex 10.947 -1.07819 28
      vertex 10.9867 -0.539744 -2
      vertex 10.9867 -0.539744 28
    endloop
  endfacet
  facet normal 0.997293 -0.0735311 0
    outer loop
      vertex 10.9867 -0.539744 -2
      vertex 10.947 -1.07819 28
      vertex 10.947 -1.07819 -2
    endloop
  endfacet
  facet normal 0.949561 0.313582 0
    outer loop
      vertex 10.5263 3.19313 28
      vertex 10.357 3.70579 -2
      vertex 10.357 3.70579 28
    endloop
  endfacet
  facet normal 0.949561 0.313582 0
    outer loop
      vertex 10.357 3.70579 -2
      vertex 10.5263 3.19313 28
      vertex 10.5263 3.19313 -2
    endloop
  endfacet
  facet normal 0.0246338 -0.999697 0
    outer loop
      vertex 0 -11 -2
      vertex 0.539744 -10.9867 28
      vertex 0 -11 28
    endloop
  endfacet
  facet normal 0.0246338 -0.999697 0
    outer loop
      vertex 0.539744 -10.9867 28
      vertex 0 -11 -2
      vertex 0.539744 -10.9867 -2
    endloop
  endfacet
  facet normal 0.689548 -0.72424 0
    outer loop
      vertex 7.38715 -8.15046 -2
      vertex 7.77817 -7.77817 28
      vertex 7.38715 -8.15046 28
    endloop
  endfacet
  facet normal 0.689548 -0.72424 0
    outer loop
      vertex 7.77817 -7.77817 28
      vertex 7.38715 -8.15046 -2
      vertex 7.77817 -7.77817 -2
    endloop
  endfacet
  facet normal -0.12243 -0.992477 0
    outer loop
      vertex -1.61403 -10.8809 -2
      vertex -1.07819 -10.947 28
      vertex -1.61403 -10.8809 28
    endloop
  endfacet
  facet normal -0.12243 -0.992477 -0
    outer loop
      vertex -1.07819 -10.947 28
      vertex -1.61403 -10.8809 -2
      vertex -1.07819 -10.947 -2
    endloop
  endfacet
  facet normal 0.89322 -0.44962 0
    outer loop
      vertex 9.70113 -5.18536 28
      vertex 9.94388 -4.70311 -2
      vertex 9.94388 -4.70311 28
    endloop
  endfacet
  facet normal 0.89322 -0.44962 0
    outer loop
      vertex 9.94388 -4.70311 -2
      vertex 9.70113 -5.18536 28
      vertex 9.70113 -5.18536 -2
    endloop
  endfacet
  facet normal 0.844851 -0.535001 0
    outer loop
      vertex 9.14616 -6.11127 28
      vertex 9.43501 -5.65513 -2
      vertex 9.43501 -5.65513 28
    endloop
  endfacet
  facet normal 0.844851 -0.535001 0
    outer loop
      vertex 9.43501 -5.65513 -2
      vertex 9.14616 -6.11127 28
      vertex 9.14616 -6.11127 -2
    endloop
  endfacet
  facet normal 0.266712 -0.963776 0
    outer loop
      vertex 2.67278 -10.6703 -2
      vertex 3.19313 -10.5263 28
      vertex 2.67278 -10.6703 28
    endloop
  endfacet
  facet normal 0.266712 -0.963776 0
    outer loop
      vertex 3.19313 -10.5263 28
      vertex 2.67278 -10.6703 -2
      vertex 3.19313 -10.5263 -2
    endloop
  endfacet
  facet normal -0.89322 -0.44962 0
    outer loop
      vertex -9.70113 -5.18536 -2
      vertex -9.94388 -4.70311 28
      vertex -9.94388 -4.70311 -2
    endloop
  endfacet
  facet normal -0.89322 -0.44962 0
    outer loop
      vertex -9.94388 -4.70311 28
      vertex -9.70113 -5.18536 -2
      vertex -9.70113 -5.18536 28
    endloop
  endfacet
  facet normal 0.313582 0.949561 -0
    outer loop
      vertex 3.70579 10.357 -2
      vertex 3.19313 10.5263 28
      vertex 3.70579 10.357 28
    endloop
  endfacet
  facet normal 0.313582 0.949561 0
    outer loop
      vertex 3.19313 10.5263 28
      vertex 3.70579 10.357 -2
      vertex 3.19313 10.5263 -2
    endloop
  endfacet
  facet normal 0.870088 0.492896 0
    outer loop
      vertex 9.70113 5.18536 28
      vertex 9.43501 5.65513 -2
      vertex 9.43501 5.65513 28
    endloop
  endfacet
  facet normal 0.870088 0.492896 0
    outer loop
      vertex 9.43501 5.65513 -2
      vertex 9.70113 5.18536 28
      vertex 9.70113 5.18536 -2
    endloop
  endfacet
  facet normal 0.0246338 0.999697 -0
    outer loop
      vertex 0.539744 10.9867 -2
      vertex 0 11 28
      vertex 0.539744 10.9867 28
    endloop
  endfacet
  facet normal 0.0246338 0.999697 0
    outer loop
      vertex 0 11 28
      vertex 0.539744 10.9867 -2
      vertex 0 11 -2
    endloop
  endfacet
  facet normal 0.170955 -0.985279 0
    outer loop
      vertex 1.61403 -10.8809 -2
      vertex 2.14599 -10.7886 28
      vertex 1.61403 -10.8809 28
    endloop
  endfacet
  facet normal 0.170955 -0.985279 0
    outer loop
      vertex 2.14599 -10.7886 28
      vertex 1.61403 -10.8809 -2
      vertex 2.14599 -10.7886 -2
    endloop
  endfacet
  facet normal 0.535001 0.844851 -0
    outer loop
      vertex 6.11127 9.14616 -2
      vertex 5.65513 9.43501 28
      vertex 6.11127 9.14616 28
    endloop
  endfacet
  facet normal 0.535001 0.844851 0
    outer loop
      vertex 5.65513 9.43501 28
      vertex 6.11127 9.14616 -2
      vertex 5.65513 9.43501 -2
    endloop
  endfacet
  facet normal 0.615228 0.788349 -0
    outer loop
      vertex 6.97833 8.50311 -2
      vertex 6.55269 8.83528 28
      vertex 6.97833 8.50311 28
    endloop
  endfacet
  facet normal 0.615228 0.788349 0
    outer loop
      vertex 6.55269 8.83528 28
      vertex 6.97833 8.50311 -2
      vertex 6.55269 8.83528 -2
    endloop
  endfacet
  facet normal 0.817587 -0.575804 0
    outer loop
      vertex 8.83528 -6.55269 28
      vertex 9.14616 -6.11127 -2
      vertex 9.14616 -6.11127 28
    endloop
  endfacet
  facet normal 0.817587 -0.575804 0
    outer loop
      vertex 9.14616 -6.11127 -2
      vertex 8.83528 -6.55269 28
      vertex 8.83528 -6.55269 -2
    endloop
  endfacet
  facet normal 0.844851 0.535001 0
    outer loop
      vertex 9.43501 5.65513 28
      vertex 9.14616 6.11127 -2
      vertex 9.14616 6.11127 28
    endloop
  endfacet
  facet normal 0.844851 0.535001 0
    outer loop
      vertex 9.14616 6.11127 -2
      vertex 9.43501 5.65513 28
      vertex 9.43501 5.65513 -2
    endloop
  endfacet
  facet normal 0.89322 0.44962 0
    outer loop
      vertex 9.94388 4.70311 28
      vertex 9.70113 5.18536 -2
      vertex 9.70113 5.18536 28
    endloop
  endfacet
  facet normal 0.89322 0.44962 0
    outer loop
      vertex 9.70113 5.18536 -2
      vertex 9.94388 4.70311 28
      vertex 9.94388 4.70311 -2
    endloop
  endfacet
  facet normal 0.405282 -0.914192 0
    outer loop
      vertex 4.20952 -10.1627 -2
      vertex 4.70311 -9.94388 28
      vertex 4.20952 -10.1627 28
    endloop
  endfacet
  facet normal 0.405282 -0.914192 0
    outer loop
      vertex 4.70311 -9.94388 28
      vertex 4.20952 -10.1627 -2
      vertex 4.70311 -9.94388 -2
    endloop
  endfacet
  facet normal 0.492896 -0.870088 0
    outer loop
      vertex 5.18536 -9.70113 -2
      vertex 5.65513 -9.43501 28
      vertex 5.18536 -9.70113 28
    endloop
  endfacet
  facet normal 0.492896 -0.870088 0
    outer loop
      vertex 5.65513 -9.43501 28
      vertex 5.18536 -9.70113 -2
      vertex 5.65513 -9.43501 -2
    endloop
  endfacet
  facet normal 0.963776 -0.266712 0
    outer loop
      vertex 10.5263 -3.19313 28
      vertex 10.6703 -2.67278 -2
      vertex 10.6703 -2.67278 28
    endloop
  endfacet
  facet normal 0.963776 -0.266712 0
    outer loop
      vertex 10.6703 -2.67278 -2
      vertex 10.5263 -3.19313 28
      vertex 10.5263 -3.19313 -2
    endloop
  endfacet
  facet normal -0.757209 0.653172 0
    outer loop
      vertex -8.50311 6.97833 -2
      vertex -8.15046 7.38715 28
      vertex -8.15046 7.38715 -2
    endloop
  endfacet
  facet normal -0.757209 0.653172 0
    outer loop
      vertex -8.15046 7.38715 28
      vertex -8.50311 6.97833 -2
      vertex -8.50311 6.97833 28
    endloop
  endfacet
  facet normal -0.170955 0.985279 0
    outer loop
      vertex -1.61403 10.8809 -2
      vertex -2.14599 10.7886 28
      vertex -1.61403 10.8809 28
    endloop
  endfacet
  facet normal -0.170955 0.985279 0
    outer loop
      vertex -2.14599 10.7886 28
      vertex -1.61403 10.8809 -2
      vertex -2.14599 10.7886 -2
    endloop
  endfacet
  facet normal 0.653172 -0.757209 0
    outer loop
      vertex 6.97833 -8.50311 -2
      vertex 7.38715 -8.15046 28
      vertex 6.97833 -8.50311 28
    endloop
  endfacet
  facet normal 0.653172 -0.757209 0
    outer loop
      vertex 7.38715 -8.15046 28
      vertex 6.97833 -8.50311 -2
      vertex 7.38715 -8.15046 -2
    endloop
  endfacet
  facet normal -0.997293 -0.0735311 0
    outer loop
      vertex -10.947 -1.07819 -2
      vertex -10.9867 -0.539744 28
      vertex -10.9867 -0.539744 -2
    endloop
  endfacet
  facet normal -0.997293 -0.0735311 0
    outer loop
      vertex -10.9867 -0.539744 28
      vertex -10.947 -1.07819 -2
      vertex -10.947 -1.07819 28
    endloop
  endfacet
  facet normal -0.992477 0.12243 0
    outer loop
      vertex -10.947 1.07819 -2
      vertex -10.8809 1.61403 28
      vertex -10.8809 1.61403 -2
    endloop
  endfacet
  facet normal -0.992477 0.12243 0
    outer loop
      vertex -10.8809 1.61403 28
      vertex -10.947 1.07819 -2
      vertex -10.947 1.07819 28
    endloop
  endfacet
  facet normal -0.757209 -0.653172 0
    outer loop
      vertex -8.15046 -7.38715 -2
      vertex -8.50311 -6.97833 28
      vertex -8.50311 -6.97833 -2
    endloop
  endfacet
  facet normal -0.757209 -0.653172 0
    outer loop
      vertex -8.50311 -6.97833 28
      vertex -8.15046 -7.38715 -2
      vertex -8.15046 -7.38715 28
    endloop
  endfacet
  facet normal -0.914192 -0.405282 0
    outer loop
      vertex -9.94388 -4.70311 -2
      vertex -10.1627 -4.20952 28
      vertex -10.1627 -4.20952 -2
    endloop
  endfacet
  facet normal -0.914192 -0.405282 0
    outer loop
      vertex -10.1627 -4.20952 28
      vertex -9.94388 -4.70311 -2
      vertex -9.94388 -4.70311 28
    endloop
  endfacet
  facet normal -0.170955 -0.985279 0
    outer loop
      vertex -2.14599 -10.7886 -2
      vertex -1.61403 -10.8809 28
      vertex -2.14599 -10.7886 28
    endloop
  endfacet
  facet normal -0.170955 -0.985279 -0
    outer loop
      vertex -1.61403 -10.8809 28
      vertex -2.14599 -10.7886 -2
      vertex -1.61403 -10.8809 -2
    endloop
  endfacet
  facet normal -0.89322 0.44962 0
    outer loop
      vertex -9.94388 4.70311 -2
      vertex -9.70113 5.18536 28
      vertex -9.70113 5.18536 -2
    endloop
  endfacet
  facet normal -0.89322 0.44962 0
    outer loop
      vertex -9.70113 5.18536 28
      vertex -9.94388 4.70311 -2
      vertex -9.94388 4.70311 28
    endloop
  endfacet
  facet normal -0.932999 -0.359879 0
    outer loop
      vertex -10.1627 -4.20952 -2
      vertex -10.357 -3.70579 28
      vertex -10.357 -3.70579 -2
    endloop
  endfacet
  facet normal -0.932999 -0.359879 0
    outer loop
      vertex -10.357 -3.70579 28
      vertex -10.1627 -4.20952 -2
      vertex -10.1627 -4.20952 28
    endloop
  endfacet
  facet normal 0.992477 -0.12243 0
    outer loop
      vertex 10.8809 -1.61403 28
      vertex 10.947 -1.07819 -2
      vertex 10.947 -1.07819 28
    endloop
  endfacet
  facet normal 0.992477 -0.12243 0
    outer loop
      vertex 10.947 -1.07819 -2
      vertex 10.8809 -1.61403 28
      vertex 10.8809 -1.61403 -2
    endloop
  endfacet
  facet normal -0.9757 0.219111 0
    outer loop
      vertex -10.7886 2.14599 -2
      vertex -10.6703 2.67278 28
      vertex -10.6703 2.67278 -2
    endloop
  endfacet
  facet normal -0.9757 0.219111 0
    outer loop
      vertex -10.6703 2.67278 28
      vertex -10.7886 2.14599 -2
      vertex -10.7886 2.14599 28
    endloop
  endfacet
  facet normal -0.0246338 -0.999697 0
    outer loop
      vertex -0.539744 -10.9867 -2
      vertex 0 -11 28
      vertex -0.539744 -10.9867 28
    endloop
  endfacet
  facet normal -0.0246338 -0.999697 -0
    outer loop
      vertex 0 -11 28
      vertex -0.539744 -10.9867 -2
      vertex 0 -11 -2
    endloop
  endfacet
  facet normal 0.492896 0.870088 -0
    outer loop
      vertex 5.65513 9.43501 -2
      vertex 5.18536 9.70113 28
      vertex 5.65513 9.43501 28
    endloop
  endfacet
  facet normal 0.492896 0.870088 0
    outer loop
      vertex 5.18536 9.70113 28
      vertex 5.65513 9.43501 -2
      vertex 5.18536 9.70113 -2
    endloop
  endfacet
  facet normal -0.359879 -0.932999 0
    outer loop
      vertex -4.20952 -10.1627 -2
      vertex -3.70579 -10.357 28
      vertex -4.20952 -10.1627 28
    endloop
  endfacet
  facet normal -0.359879 -0.932999 -0
    outer loop
      vertex -3.70579 -10.357 28
      vertex -4.20952 -10.1627 -2
      vertex -3.70579 -10.357 -2
    endloop
  endfacet
  facet normal -0.575804 0.817587 0
    outer loop
      vertex -6.11127 9.14616 -2
      vertex -6.55269 8.83528 28
      vertex -6.11127 9.14616 28
    endloop
  endfacet
  facet normal -0.575804 0.817587 0
    outer loop
      vertex -6.55269 8.83528 28
      vertex -6.11127 9.14616 -2
      vertex -6.55269 8.83528 -2
    endloop
  endfacet
  facet normal -0.870088 -0.492896 0
    outer loop
      vertex -9.43501 -5.65513 -2
      vertex -9.70113 -5.18536 28
      vertex -9.70113 -5.18536 -2
    endloop
  endfacet
  facet normal -0.870088 -0.492896 0
    outer loop
      vertex -9.70113 -5.18536 28
      vertex -9.43501 -5.65513 -2
      vertex -9.43501 -5.65513 28
    endloop
  endfacet
  facet normal -0.72424 -0.689548 0
    outer loop
      vertex -7.77817 -7.77817 -2
      vertex -8.15046 -7.38715 28
      vertex -8.15046 -7.38715 -2
    endloop
  endfacet
  facet normal -0.72424 -0.689548 0
    outer loop
      vertex -8.15046 -7.38715 28
      vertex -7.77817 -7.77817 -2
      vertex -7.77817 -7.77817 28
    endloop
  endfacet
  facet normal 0.914192 -0.405282 0
    outer loop
      vertex 9.94388 -4.70311 28
      vertex 10.1627 -4.20952 -2
      vertex 10.1627 -4.20952 28
    endloop
  endfacet
  facet normal 0.914192 -0.405282 0
    outer loop
      vertex 10.1627 -4.20952 -2
      vertex 9.94388 -4.70311 28
      vertex 9.94388 -4.70311 -2
    endloop
  endfacet
  facet normal 0.72424 -0.689548 0
    outer loop
      vertex 7.77817 -7.77817 28
      vertex 8.15046 -7.38715 -2
      vertex 8.15046 -7.38715 28
    endloop
  endfacet
  facet normal 0.72424 -0.689548 0
    outer loop
      vertex 8.15046 -7.38715 -2
      vertex 7.77817 -7.77817 28
      vertex 7.77817 -7.77817 -2
    endloop
  endfacet
  facet normal -0.653172 0.757209 0
    outer loop
      vertex -6.97833 8.50311 -2
      vertex -7.38715 8.15046 28
      vertex -6.97833 8.50311 28
    endloop
  endfacet
  facet normal -0.653172 0.757209 0
    outer loop
      vertex -7.38715 8.15046 28
      vertex -6.97833 8.50311 -2
      vertex -7.38715 8.15046 -2
    endloop
  endfacet
  facet normal -0.615228 0.788349 0
    outer loop
      vertex -6.55269 8.83528 -2
      vertex -6.97833 8.50311 28
      vertex -6.55269 8.83528 28
    endloop
  endfacet
  facet normal -0.615228 0.788349 0
    outer loop
      vertex -6.97833 8.50311 28
      vertex -6.55269 8.83528 -2
      vertex -6.97833 8.50311 -2
    endloop
  endfacet
  facet normal 0.535001 -0.844851 0
    outer loop
      vertex 5.65513 -9.43501 -2
      vertex 6.11127 -9.14616 28
      vertex 5.65513 -9.43501 28
    endloop
  endfacet
  facet normal 0.535001 -0.844851 0
    outer loop
      vertex 6.11127 -9.14616 28
      vertex 5.65513 -9.43501 -2
      vertex 6.11127 -9.14616 -2
    endloop
  endfacet
  facet normal 0.932999 -0.359879 0
    outer loop
      vertex 10.1627 -4.20952 28
      vertex 10.357 -3.70579 -2
      vertex 10.357 -3.70579 28
    endloop
  endfacet
  facet normal 0.932999 -0.359879 0
    outer loop
      vertex 10.357 -3.70579 -2
      vertex 10.1627 -4.20952 28
      vertex 10.1627 -4.20952 -2
    endloop
  endfacet
  facet normal 0.219111 -0.9757 0
    outer loop
      vertex 2.14599 -10.7886 -2
      vertex 2.67278 -10.6703 28
      vertex 2.14599 -10.7886 28
    endloop
  endfacet
  facet normal 0.219111 -0.9757 0
    outer loop
      vertex 2.67278 -10.6703 28
      vertex 2.14599 -10.7886 -2
      vertex 2.67278 -10.6703 -2
    endloop
  endfacet
  facet normal 0.949561 -0.313582 0
    outer loop
      vertex 10.357 -3.70579 28
      vertex 10.5263 -3.19313 -2
      vertex 10.5263 -3.19313 28
    endloop
  endfacet
  facet normal 0.949561 -0.313582 0
    outer loop
      vertex 10.5263 -3.19313 -2
      vertex 10.357 -3.70579 28
      vertex 10.357 -3.70579 -2
    endloop
  endfacet
  facet normal -0.405282 -0.914192 0
    outer loop
      vertex -4.70311 -9.94388 -2
      vertex -4.20952 -10.1627 28
      vertex -4.70311 -9.94388 28
    endloop
  endfacet
  facet normal -0.405282 -0.914192 -0
    outer loop
      vertex -4.20952 -10.1627 28
      vertex -4.70311 -9.94388 -2
      vertex -4.20952 -10.1627 -2
    endloop
  endfacet
  facet normal 0.405282 0.914192 -0
    outer loop
      vertex 4.70311 9.94388 -2
      vertex 4.20952 10.1627 28
      vertex 4.70311 9.94388 28
    endloop
  endfacet
  facet normal 0.405282 0.914192 0
    outer loop
      vertex 4.20952 10.1627 28
      vertex 4.70311 9.94388 -2
      vertex 4.20952 10.1627 -2
    endloop
  endfacet
  facet normal -0.219111 0.9757 0
    outer loop
      vertex -2.14599 10.7886 -2
      vertex -2.67278 10.6703 28
      vertex -2.14599 10.7886 28
    endloop
  endfacet
  facet normal -0.219111 0.9757 0
    outer loop
      vertex -2.67278 10.6703 28
      vertex -2.14599 10.7886 -2
      vertex -2.67278 10.6703 -2
    endloop
  endfacet
  facet normal -0.313582 0.949561 0
    outer loop
      vertex -3.19313 10.5263 -2
      vertex -3.70579 10.357 28
      vertex -3.19313 10.5263 28
    endloop
  endfacet
  facet normal -0.313582 0.949561 0
    outer loop
      vertex -3.70579 10.357 28
      vertex -3.19313 10.5263 -2
      vertex -3.70579 10.357 -2
    endloop
  endfacet
  facet normal -0.44962 0.89322 0
    outer loop
      vertex -4.70311 9.94388 -2
      vertex -5.18536 9.70113 28
      vertex -4.70311 9.94388 28
    endloop
  endfacet
  facet normal -0.44962 0.89322 0
    outer loop
      vertex -5.18536 9.70113 28
      vertex -4.70311 9.94388 -2
      vertex -5.18536 9.70113 -2
    endloop
  endfacet
  facet normal 0.615228 -0.788349 0
    outer loop
      vertex 6.55269 -8.83528 -2
      vertex 6.97833 -8.50311 28
      vertex 6.55269 -8.83528 28
    endloop
  endfacet
  facet normal 0.615228 -0.788349 0
    outer loop
      vertex 6.97833 -8.50311 28
      vertex 6.55269 -8.83528 -2
      vertex 6.97833 -8.50311 -2
    endloop
  endfacet
  facet normal -0.844851 -0.535001 0
    outer loop
      vertex -9.14616 -6.11127 -2
      vertex -9.43501 -5.65513 28
      vertex -9.43501 -5.65513 -2
    endloop
  endfacet
  facet normal -0.844851 -0.535001 0
    outer loop
      vertex -9.43501 -5.65513 28
      vertex -9.14616 -6.11127 -2
      vertex -9.14616 -6.11127 28
    endloop
  endfacet
  facet normal 0.12243 -0.992477 0
    outer loop
      vertex 1.07819 -10.947 -2
      vertex 1.61403 -10.8809 28
      vertex 1.07819 -10.947 28
    endloop
  endfacet
  facet normal 0.12243 -0.992477 0
    outer loop
      vertex 1.61403 -10.8809 28
      vertex 1.07819 -10.947 -2
      vertex 1.61403 -10.8809 -2
    endloop
  endfacet
  facet normal 0.817587 0.575804 0
    outer loop
      vertex 9.14616 6.11127 28
      vertex 8.83528 6.55269 -2
      vertex 8.83528 6.55269 28
    endloop
  endfacet
  facet normal 0.817587 0.575804 0
    outer loop
      vertex 8.83528 6.55269 -2
      vertex 9.14616 6.11127 28
      vertex 9.14616 6.11127 -2
    endloop
  endfacet
  facet normal -0.992477 -0.12243 0
    outer loop
      vertex -10.8809 -1.61403 -2
      vertex -10.947 -1.07819 28
      vertex -10.947 -1.07819 -2
    endloop
  endfacet
  facet normal -0.992477 -0.12243 0
    outer loop
      vertex -10.947 -1.07819 28
      vertex -10.8809 -1.61403 -2
      vertex -10.8809 -1.61403 28
    endloop
  endfacet
  facet normal 0.44962 0.89322 -0
    outer loop
      vertex 5.18536 9.70113 -2
      vertex 4.70311 9.94388 28
      vertex 5.18536 9.70113 28
    endloop
  endfacet
  facet normal 0.44962 0.89322 0
    outer loop
      vertex 4.70311 9.94388 28
      vertex 5.18536 9.70113 -2
      vertex 4.70311 9.94388 -2
    endloop
  endfacet
  facet normal -0.653172 -0.757209 0
    outer loop
      vertex -7.38715 -8.15046 -2
      vertex -6.97833 -8.50311 28
      vertex -7.38715 -8.15046 28
    endloop
  endfacet
  facet normal -0.653172 -0.757209 -0
    outer loop
      vertex -6.97833 -8.50311 28
      vertex -7.38715 -8.15046 -2
      vertex -6.97833 -8.50311 -2
    endloop
  endfacet
  facet normal 0.72424 0.689548 0
    outer loop
      vertex 8.15046 7.38715 28
      vertex 7.77817 7.77817 -2
      vertex 7.77817 7.77817 28
    endloop
  endfacet
  facet normal 0.72424 0.689548 0
    outer loop
      vertex 7.77817 7.77817 -2
      vertex 8.15046 7.38715 28
      vertex 8.15046 7.38715 -2
    endloop
  endfacet
  facet normal -0.12243 0.992477 0
    outer loop
      vertex -1.07819 10.947 -2
      vertex -1.61403 10.8809 28
      vertex -1.07819 10.947 28
    endloop
  endfacet
  facet normal -0.12243 0.992477 0
    outer loop
      vertex -1.61403 10.8809 28
      vertex -1.07819 10.947 -2
      vertex -1.61403 10.8809 -2
    endloop
  endfacet
  facet normal -0.817587 0.575804 0
    outer loop
      vertex -9.14616 6.11127 -2
      vertex -8.83528 6.55269 28
      vertex -8.83528 6.55269 -2
    endloop
  endfacet
  facet normal -0.817587 0.575804 0
    outer loop
      vertex -8.83528 6.55269 28
      vertex -9.14616 6.11127 -2
      vertex -9.14616 6.11127 28
    endloop
  endfacet
  facet normal 0.12243 0.992477 -0
    outer loop
      vertex 1.61403 10.8809 -2
      vertex 1.07819 10.947 28
      vertex 1.61403 10.8809 28
    endloop
  endfacet
  facet normal 0.12243 0.992477 0
    outer loop
      vertex 1.07819 10.947 28
      vertex 1.61403 10.8809 -2
      vertex 1.07819 10.947 -2
    endloop
  endfacet
  facet normal 0.985279 0.170955 0
    outer loop
      vertex 10.8809 1.61403 28
      vertex 10.7886 2.14599 -2
      vertex 10.7886 2.14599 28
    endloop
  endfacet
  facet normal 0.985279 0.170955 0
    outer loop
      vertex 10.7886 2.14599 -2
      vertex 10.8809 1.61403 28
      vertex 10.8809 1.61403 -2
    endloop
  endfacet
  facet normal -0.72424 0.689548 0
    outer loop
      vertex -8.15046 7.38715 -2
      vertex -7.77817 7.77817 28
      vertex -7.77817 7.77817 -2
    endloop
  endfacet
  facet normal -0.72424 0.689548 0
    outer loop
      vertex -7.77817 7.77817 28
      vertex -8.15046 7.38715 -2
      vertex -8.15046 7.38715 28
    endloop
  endfacet
  facet normal -0.932999 0.359879 0
    outer loop
      vertex -10.357 3.70579 -2
      vertex -10.1627 4.20952 28
      vertex -10.1627 4.20952 -2
    endloop
  endfacet
  facet normal -0.932999 0.359879 0
    outer loop
      vertex -10.1627 4.20952 28
      vertex -10.357 3.70579 -2
      vertex -10.357 3.70579 28
    endloop
  endfacet
  facet normal 0.788349 0.615228 0
    outer loop
      vertex 8.83528 6.55269 28
      vertex 8.50311 6.97833 -2
      vertex 8.50311 6.97833 28
    endloop
  endfacet
  facet normal 0.788349 0.615228 0
    outer loop
      vertex 8.50311 6.97833 -2
      vertex 8.83528 6.55269 28
      vertex 8.83528 6.55269 -2
    endloop
  endfacet
  facet normal 0.999697 -0.0246338 0
    outer loop
      vertex 10.9867 -0.539744 28
      vertex 11 0 -2
      vertex 11 0 28
    endloop
  endfacet
  facet normal 0.999697 -0.0246338 0
    outer loop
      vertex 11 0 -2
      vertex 10.9867 -0.539744 28
      vertex 10.9867 -0.539744 -2
    endloop
  endfacet
  facet normal -0.0246338 0.999697 0
    outer loop
      vertex 0 11 -2
      vertex -0.539744 10.9867 28
      vertex 0 11 28
    endloop
  endfacet
  facet normal -0.0246338 0.999697 0
    outer loop
      vertex -0.539744 10.9867 28
      vertex 0 11 -2
      vertex -0.539744 10.9867 -2
    endloop
  endfacet
  facet normal -0.359879 0.932999 0
    outer loop
      vertex -3.70579 10.357 -2
      vertex -4.20952 10.1627 28
      vertex -3.70579 10.357 28
    endloop
  endfacet
  facet normal -0.359879 0.932999 0
    outer loop
      vertex -4.20952 10.1627 28
      vertex -3.70579 10.357 -2
      vertex -4.20952 10.1627 -2
    endloop
  endfacet
  facet normal -0.535001 0.844851 0
    outer loop
      vertex -5.65513 9.43501 -2
      vertex -6.11127 9.14616 28
      vertex -5.65513 9.43501 28
    endloop
  endfacet
  facet normal -0.535001 0.844851 0
    outer loop
      vertex -6.11127 9.14616 28
      vertex -5.65513 9.43501 -2
      vertex -6.11127 9.14616 -2
    endloop
  endfacet
  facet normal -0.999697 0.0246338 0
    outer loop
      vertex -11 0 -2
      vertex -10.9867 0.539744 28
      vertex -10.9867 0.539744 -2
    endloop
  endfacet
  facet normal -0.999697 0.0246338 0
    outer loop
      vertex -10.9867 0.539744 28
      vertex -11 0 -2
      vertex -11 0 28
    endloop
  endfacet
  facet normal 0.9757 0.219111 0
    outer loop
      vertex 10.7886 2.14599 28
      vertex 10.6703 2.67278 -2
      vertex 10.6703 2.67278 28
    endloop
  endfacet
  facet normal 0.9757 0.219111 0
    outer loop
      vertex 10.6703 2.67278 -2
      vertex 10.7886 2.14599 28
      vertex 10.7886 2.14599 -2
    endloop
  endfacet
  facet normal 0.963776 0.266712 0
    outer loop
      vertex 10.6703 2.67278 28
      vertex 10.5263 3.19313 -2
      vertex 10.5263 3.19313 28
    endloop
  endfacet
  facet normal 0.963776 0.266712 0
    outer loop
      vertex 10.5263 3.19313 -2
      vertex 10.6703 2.67278 28
      vertex 10.6703 2.67278 -2
    endloop
  endfacet
  facet normal 0.575804 0.817587 -0
    outer loop
      vertex 6.55269 8.83528 -2
      vertex 6.11127 9.14616 28
      vertex 6.55269 8.83528 28
    endloop
  endfacet
  facet normal 0.575804 0.817587 0
    outer loop
      vertex 6.11127 9.14616 28
      vertex 6.55269 8.83528 -2
      vertex 6.11127 9.14616 -2
    endloop
  endfacet
  facet normal 0.313582 -0.949561 0
    outer loop
      vertex 3.19313 -10.5263 -2
      vertex 3.70579 -10.357 28
      vertex 3.19313 -10.5263 28
    endloop
  endfacet
  facet normal 0.313582 -0.949561 0
    outer loop
      vertex 3.70579 -10.357 28
      vertex 3.19313 -10.5263 -2
      vertex 3.70579 -10.357 -2
    endloop
  endfacet
  facet normal 0.788349 -0.615228 0
    outer loop
      vertex 8.50311 -6.97833 28
      vertex 8.83528 -6.55269 -2
      vertex 8.83528 -6.55269 28
    endloop
  endfacet
  facet normal 0.788349 -0.615228 0
    outer loop
      vertex 8.83528 -6.55269 -2
      vertex 8.50311 -6.97833 28
      vertex 8.50311 -6.97833 -2
    endloop
  endfacet
  facet normal 0.219111 0.9757 -0
    outer loop
      vertex 2.67278 10.6703 -2
      vertex 2.14599 10.7886 28
      vertex 2.67278 10.6703 28
    endloop
  endfacet
  facet normal 0.219111 0.9757 0
    outer loop
      vertex 2.14599 10.7886 28
      vertex 2.67278 10.6703 -2
      vertex 2.14599 10.7886 -2
    endloop
  endfacet
  facet normal 0.359879 0.932999 -0
    outer loop
      vertex 4.20952 10.1627 -2
      vertex 3.70579 10.357 28
      vertex 4.20952 10.1627 28
    endloop
  endfacet
  facet normal 0.359879 0.932999 0
    outer loop
      vertex 3.70579 10.357 28
      vertex 4.20952 10.1627 -2
      vertex 3.70579 10.357 -2
    endloop
  endfacet
  facet normal -0.0735311 0.997293 0
    outer loop
      vertex -0.539744 10.9867 -2
      vertex -1.07819 10.947 28
      vertex -0.539744 10.9867 28
    endloop
  endfacet
  facet normal -0.0735311 0.997293 0
    outer loop
      vertex -1.07819 10.947 28
      vertex -0.539744 10.9867 -2
      vertex -1.07819 10.947 -2
    endloop
  endfacet
  facet normal 0.359879 -0.932999 0
    outer loop
      vertex 3.70579 -10.357 -2
      vertex 4.20952 -10.1627 28
      vertex 3.70579 -10.357 28
    endloop
  endfacet
  facet normal 0.359879 -0.932999 0
    outer loop
      vertex 4.20952 -10.1627 28
      vertex 3.70579 -10.357 -2
      vertex 4.20952 -10.1627 -2
    endloop
  endfacet
  facet normal 0.653172 0.757209 -0
    outer loop
      vertex 7.38715 8.15046 -2
      vertex 6.97833 8.50311 28
      vertex 7.38715 8.15046 28
    endloop
  endfacet
  facet normal 0.653172 0.757209 0
    outer loop
      vertex 6.97833 8.50311 28
      vertex 7.38715 8.15046 -2
      vertex 6.97833 8.50311 -2
    endloop
  endfacet
  facet normal -0.492896 -0.870088 0
    outer loop
      vertex -5.65513 -9.43501 -2
      vertex -5.18536 -9.70113 28
      vertex -5.65513 -9.43501 28
    endloop
  endfacet
  facet normal -0.492896 -0.870088 -0
    outer loop
      vertex -5.18536 -9.70113 28
      vertex -5.65513 -9.43501 -2
      vertex -5.18536 -9.70113 -2
    endloop
  endfacet
  facet normal 0.932999 0.359879 0
    outer loop
      vertex 10.357 3.70579 28
      vertex 10.1627 4.20952 -2
      vertex 10.1627 4.20952 28
    endloop
  endfacet
  facet normal 0.932999 0.359879 0
    outer loop
      vertex 10.1627 4.20952 -2
      vertex 10.357 3.70579 28
      vertex 10.357 3.70579 -2
    endloop
  endfacet
  facet normal -0.817587 -0.575804 0
    outer loop
      vertex -8.83528 -6.55269 -2
      vertex -9.14616 -6.11127 28
      vertex -9.14616 -6.11127 -2
    endloop
  endfacet
  facet normal -0.817587 -0.575804 0
    outer loop
      vertex -9.14616 -6.11127 28
      vertex -8.83528 -6.55269 -2
      vertex -8.83528 -6.55269 28
    endloop
  endfacet
  facet normal 0 0 1
    outer loop
      vertex 7 0 28
      vertex 11 0 28
      vertex 10.9867 0.539744 28
    endloop
  endfacet
  facet normal 0 0 1
    outer loop
      vertex 6.99157 0.343473 28
      vertex 10.9867 0.539744 28
      vertex 10.947 1.07819 28
    endloop
  endfacet
  facet normal 0 0 1
    outer loop
      vertex 11 0 28
      vertex 7 0 28
      vertex 10.9867 -0.539744 28
    endloop
  endfacet
  facet normal 0 0 1
    outer loop
      vertex 6.96629 0.686119 28
      vertex 10.947 1.07819 28
      vertex 10.8809 1.61403 28
    endloop
  endfacet
  facet normal -0 0 1
    outer loop
      vertex 6.99157 -0.343473 28
      vertex 10.9867 -0.539744 28
      vertex 7 0 28
    endloop
  endfacet
  facet normal 0 0 1
    outer loop
      vertex 6.92424 1.02711 28
      vertex 10.8809 1.61403 28
      vertex 10.7886 2.14599 28
    endloop
  endfacet
  facet normal 0 0 1
    outer loop
      vertex 10.9867 -0.539744 28
      vertex 6.99157 -0.343473 28
      vertex 10.947 -1.07819 28
    endloop
  endfacet
  facet normal 0 0 1
    outer loop
      vertex 6.8655 1.36563 28
      vertex 10.7886 2.14599 28
      vertex 10.6703 2.67278 28
    endloop
  endfacet
  facet normal -0 0 1
    outer loop
      vertex 6.96629 -0.686119 28
      vertex 10.947 -1.07819 28
      vertex 6.99157 -0.343473 28
    endloop
  endfacet
  facet normal 0 0 1
    outer loop
      vertex 6.79022 1.70086 28
      vertex 10.6703 2.67278 28
      vertex 10.5263 3.19313 28
    endloop
  endfacet
  facet normal 0 0 1
    outer loop
      vertex 10.947 -1.07819 28
      vertex 6.96629 -0.686119 28
      vertex 10.8809 -1.61403 28
    endloop
  endfacet
  facet normal 0 0 1
    outer loop
      vertex 6.69858 2.03199 28
      vertex 10.5263 3.19313 28
      vertex 10.357 3.70579 28
    endloop
  endfacet
  facet normal -0 0 1
    outer loop
      vertex 6.92424 -1.02711 28
      vertex 10.8809 -1.61403 28
      vertex 6.96629 -0.686119 28
    endloop
  endfacet
  facet normal 0 0 1
    outer loop
      vertex 6.59081 2.35823 28
      vertex 10.357 3.70579 28
      vertex 10.1627 4.20952 28
    endloop
  endfacet
  facet normal 0 0 1
    outer loop
      vertex 10.8809 -1.61403 28
      vertex 6.92424 -1.02711 28
      vertex 10.7886 -2.14599 28
    endloop
  endfacet
  facet normal 0 0 1
    outer loop
      vertex 6.46716 2.67878 28
      vertex 10.1627 4.20952 28
      vertex 9.94388 4.70311 28
    endloop
  endfacet
  facet normal -0 0 1
    outer loop
      vertex 6.8655 -1.36563 28
      vertex 10.7886 -2.14599 28
      vertex 6.92424 -1.02711 28
    endloop
  endfacet
  facet normal 0 0 1
    outer loop
      vertex 6.32792 2.99289 28
      vertex 9.94388 4.70311 28
      vertex 9.70113 5.18536 28
    endloop
  endfacet
  facet normal 0 0 1
    outer loop
      vertex 10.7886 -2.14599 28
      vertex 6.8655 -1.36563 28
      vertex 10.6703 -2.67278 28
    endloop
  endfacet
  facet normal 0 0 1
    outer loop
      vertex 6.17345 3.29978 28
      vertex 9.70113 5.18536 28
      vertex 9.43501 5.65513 28
    endloop
  endfacet
  facet normal -0 0 1
    outer loop
      vertex 6.79022 -1.70086 28
      vertex 10.6703 -2.67278 28
      vertex 6.8655 -1.36563 28
    endloop
  endfacet
  facet normal 0 0 1
    outer loop
      vertex 6.0041 3.59872 28
      vertex 9.43501 5.65513 28
      vertex 9.14616 6.11127 28
    endloop
  endfacet
  facet normal 0 0 1
    outer loop
      vertex 10.6703 -2.67278 28
      vertex 6.79022 -1.70086 28
      vertex 10.5263 -3.19313 28
    endloop
  endfacet
  facet normal 0 0 1
    outer loop
      vertex 5.82029 3.88899 28
      vertex 9.14616 6.11127 28
      vertex 8.83528 6.55269 28
    endloop
  endfacet
  facet normal -0 0 1
    outer loop
      vertex 6.69858 -2.03199 28
      vertex 10.5263 -3.19313 28
      vertex 6.79022 -1.70086 28
    endloop
  endfacet
  facet normal 0 0 1
    outer loop
      vertex 5.62245 4.16989 28
      vertex 8.83528 6.55269 28
      vertex 8.50311 6.97833 28
    endloop
  endfacet
  facet normal 0 0 1
    outer loop
      vertex 10.5263 -3.19313 28
      vertex 6.69858 -2.03199 28
      vertex 10.357 -3.70579 28
    endloop
  endfacet
  facet normal 0 0 1
    outer loop
      vertex 5.41107 4.44075 28
      vertex 8.50311 6.97833 28
      vertex 8.15046 7.38715 28
    endloop
  endfacet
  facet normal -0 0 1
    outer loop
      vertex 6.59081 -2.35823 28
      vertex 10.357 -3.70579 28
      vertex 6.69858 -2.03199 28
    endloop
  endfacet
  facet normal 0 0 1
    outer loop
      vertex 5.18666 4.70091 28
      vertex 8.15046 7.38715 28
      vertex 7.77817 7.77817 28
    endloop
  endfacet
  facet normal 0 0 1
    outer loop
      vertex 10.357 -3.70579 28
      vertex 6.59081 -2.35823 28
      vertex 10.1627 -4.20952 28
    endloop
  endfacet
  facet normal 0 0 1
    outer loop
      vertex 4.94975 4.94975 28
      vertex 7.77817 7.77817 28
      vertex 7.38715 8.15046 28
    endloop
  endfacet
  facet normal -0 0 1
    outer loop
      vertex 6.46716 -2.67878 28
      vertex 10.1627 -4.20952 28
      vertex 6.59081 -2.35823 28
    endloop
  endfacet
  facet normal 0 0 1
    outer loop
      vertex 10.1627 -4.20952 28
      vertex 6.46716 -2.67878 28
      vertex 9.94388 -4.70311 28
    endloop
  endfacet
  facet normal 0 0 1
    outer loop
      vertex 10.9867 0.539744 28
      vertex 6.99157 0.343473 28
      vertex 7 0 28
    endloop
  endfacet
  facet normal 0 0 1
    outer loop
      vertex 4.70091 5.18666 28
      vertex 7.38715 8.15046 28
      vertex 6.97833 8.50311 28
    endloop
  endfacet
  facet normal 0 0 1
    outer loop
      vertex 10.947 1.07819 28
      vertex 6.96629 0.686119 28
      vertex 6.99157 0.343473 28
    endloop
  endfacet
  facet normal 0 0 1
    outer loop
      vertex 10.8809 1.61403 28
      vertex 6.92424 1.02711 28
      vertex 6.96629 0.686119 28
    endloop
  endfacet
  facet normal 0 0 1
    outer loop
      vertex 10.7886 2.14599 28
      vertex 6.8655 1.36563 28
      vertex 6.92424 1.02711 28
    endloop
  endfacet
  facet normal 0 0 1
    outer loop
      vertex 10.6703 2.67278 28
      vertex 6.79022 1.70086 28
      vertex 6.8655 1.36563 28
    endloop
  endfacet
  facet normal 0 0 1
    outer loop
      vertex 10.5263 3.19313 28
      vertex 6.69858 2.03199 28
      vertex 6.79022 1.70086 28
    endloop
  endfacet
  facet normal 0 0 1
    outer loop
      vertex 10.357 3.70579 28
      vertex 6.59081 2.35823 28
      vertex 6.69858 2.03199 28
    endloop
  endfacet
  facet normal 0 0 1
    outer loop
      vertex 4.44075 5.41107 28
      vertex 6.97833 8.50311 28
      vertex 6.55269 8.83528 28
    endloop
  endfacet
  facet normal 0 0 1
    outer loop
      vertex 10.1627 4.20952 28
      vertex 6.46716 2.67878 28
      vertex 6.59081 2.35823 28
    endloop
  endfacet
  facet normal 0 0 1
    outer loop
      vertex 9.94388 4.70311 28
      vertex 6.32792 2.99289 28
      vertex 6.46716 2.67878 28
    endloop
  endfacet
  facet normal 0 0 1
    outer loop
      vertex 9.70113 5.18536 28
      vertex 6.17345 3.29978 28
      vertex 6.32792 2.99289 28
    endloop
  endfacet
  facet normal 0 0 1
    outer loop
      vertex 4.16989 5.62245 28
      vertex 6.55269 8.83528 28
      vertex 6.11127 9.14616 28
    endloop
  endfacet
  facet normal 0 0 1
    outer loop
      vertex 9.43501 5.65513 28
      vertex 6.0041 3.59872 28
      vertex 6.17345 3.29978 28
    endloop
  endfacet
  facet normal 0 0 1
    outer loop
      vertex 9.14616 6.11127 28
      vertex 5.82029 3.88899 28
      vertex 6.0041 3.59872 28
    endloop
  endfacet
  facet normal 0 0 1
    outer loop
      vertex 3.88899 5.82029 28
      vertex 6.11127 9.14616 28
      vertex 5.65513 9.43501 28
    endloop
  endfacet
  facet normal 0 0 1
    outer loop
      vertex 8.83528 6.55269 28
      vertex 5.62245 4.16989 28
      vertex 5.82029 3.88899 28
    endloop
  endfacet
  facet normal 0 0 1
    outer loop
      vertex 8.50311 6.97833 28
      vertex 5.41107 4.44075 28
      vertex 5.62245 4.16989 28
    endloop
  endfacet
  facet normal 0 0 1
    outer loop
      vertex 8.15046 7.38715 28
      vertex 5.18666 4.70091 28
      vertex 5.41107 4.44075 28
    endloop
  endfacet
  facet normal 0 0 1
    outer loop
      vertex 3.59872 6.0041 28
      vertex 5.65513 9.43501 28
      vertex 5.18536 9.70113 28
    endloop
  endfacet
  facet normal 0 0 1
    outer loop
      vertex 7.77817 7.77817 28
      vertex 4.94975 4.94975 28
      vertex 5.18666 4.70091 28
    endloop
  endfacet
  facet normal 0 0 1
    outer loop
      vertex 3.29978 6.17345 28
      vertex 5.18536 9.70113 28
      vertex 4.70311 9.94388 28
    endloop
  endfacet
  facet normal 0 0 1
    outer loop
      vertex 7.38715 8.15046 28
      vertex 4.70091 5.18666 28
      vertex 4.94975 4.94975 28
    endloop
  endfacet
  facet normal 0 0 1
    outer loop
      vertex 6.97833 8.50311 28
      vertex 4.44075 5.41107 28
      vertex 4.70091 5.18666 28
    endloop
  endfacet
  facet normal 0 0 1
    outer loop
      vertex 2.99289 6.32792 28
      vertex 4.70311 9.94388 28
      vertex 4.20952 10.1627 28
    endloop
  endfacet
  facet normal 0 0 1
    outer loop
      vertex 6.55269 8.83528 28
      vertex 4.16989 5.62245 28
      vertex 4.44075 5.41107 28
    endloop
  endfacet
  facet normal 0 0 1
    outer loop
      vertex 6.11127 9.14616 28
      vertex 3.88899 5.82029 28
      vertex 4.16989 5.62245 28
    endloop
  endfacet
  facet normal 0 0 1
    outer loop
      vertex 2.67878 6.46716 28
      vertex 4.20952 10.1627 28
      vertex 3.70579 10.357 28
    endloop
  endfacet
  facet normal 0 0 1
    outer loop
      vertex 5.65513 9.43501 28
      vertex 3.59872 6.0041 28
      vertex 3.88899 5.82029 28
    endloop
  endfacet
  facet normal 0 0 1
    outer loop
      vertex 5.18536 9.70113 28
      vertex 3.29978 6.17345 28
      vertex 3.59872 6.0041 28
    endloop
  endfacet
  facet normal 0 0 1
    outer loop
      vertex 2.35823 6.59081 28
      vertex 3.70579 10.357 28
      vertex 3.19313 10.5263 28
    endloop
  endfacet
  facet normal 0 0 1
    outer loop
      vertex 4.70311 9.94388 28
      vertex 2.99289 6.32792 28
      vertex 3.29978 6.17345 28
    endloop
  endfacet
  facet normal 0 0 1
    outer loop
      vertex 4.20952 10.1627 28
      vertex 2.67878 6.46716 28
      vertex 2.99289 6.32792 28
    endloop
  endfacet
  facet normal 0 0 1
    outer loop
      vertex 2.03199 6.69858 28
      vertex 3.19313 10.5263 28
      vertex 2.67278 10.6703 28
    endloop
  endfacet
  facet normal 0 0 1
    outer loop
      vertex 3.70579 10.357 28
      vertex 2.35823 6.59081 28
      vertex 2.67878 6.46716 28
    endloop
  endfacet
  facet normal 0 0 1
    outer loop
      vertex 1.70086 6.79022 28
      vertex 2.67278 10.6703 28
      vertex 2.14599 10.7886 28
    endloop
  endfacet
  facet normal 0 0 1
    outer loop
      vertex 3.19313 10.5263 28
      vertex 2.03199 6.69858 28
      vertex 2.35823 6.59081 28
    endloop
  endfacet
  facet normal 0 0 1
    outer loop
      vertex 2.67278 10.6703 28
      vertex 1.70086 6.79022 28
      vertex 2.03199 6.69858 28
    endloop
  endfacet
  facet normal 0 0 1
    outer loop
      vertex 1.36563 6.8655 28
      vertex 2.14599 10.7886 28
      vertex 1.61403 10.8809 28
    endloop
  endfacet
  facet normal 0 0 1
    outer loop
      vertex 2.14599 10.7886 28
      vertex 1.36563 6.8655 28
      vertex 1.70086 6.79022 28
    endloop
  endfacet
  facet normal 0 0 1
    outer loop
      vertex 1.02711 6.92424 28
      vertex 1.61403 10.8809 28
      vertex 1.07819 10.947 28
    endloop
  endfacet
  facet normal 0 0 1
    outer loop
      vertex 1.61403 10.8809 28
      vertex 1.02711 6.92424 28
      vertex 1.36563 6.8655 28
    endloop
  endfacet
  facet normal 0 0 1
    outer loop
      vertex 1.07819 10.947 28
      vertex 0.686119 6.96629 28
      vertex 1.02711 6.92424 28
    endloop
  endfacet
  facet normal 0 0 1
    outer loop
      vertex 0.539744 10.9867 28
      vertex 0.686119 6.96629 28
      vertex 1.07819 10.947 28
    endloop
  endfacet
  facet normal 0 0 1
    outer loop
      vertex 0.539744 10.9867 28
      vertex 0.343473 6.99157 28
      vertex 0.686119 6.96629 28
    endloop
  endfacet
  facet normal 0 0 1
    outer loop
      vertex 0 11 28
      vertex 0.343473 6.99157 28
      vertex 0.539744 10.9867 28
    endloop
  endfacet
  facet normal 0 0 1
    outer loop
      vertex 0 11 28
      vertex 0 7 28
      vertex 0.343473 6.99157 28
    endloop
  endfacet
  facet normal 0 0 1
    outer loop
      vertex 0 11 28
      vertex -0.343473 6.99157 28
      vertex 0 7 28
    endloop
  endfacet
  facet normal -0 0 1
    outer loop
      vertex -0.539744 10.9867 28
      vertex -0.343473 6.99157 28
      vertex 0 11 28
    endloop
  endfacet
  facet normal 0 0 1
    outer loop
      vertex -0.539744 10.9867 28
      vertex -0.686119 6.96629 28
      vertex -0.343473 6.99157 28
    endloop
  endfacet
  facet normal -0 0 1
    outer loop
      vertex -1.07819 10.947 28
      vertex -0.686119 6.96629 28
      vertex -0.539744 10.9867 28
    endloop
  endfacet
  facet normal 0 0 1
    outer loop
      vertex -0.686119 6.96629 28
      vertex -1.07819 10.947 28
      vertex -1.02711 6.92424 28
    endloop
  endfacet
  facet normal -0 0 1
    outer loop
      vertex -1.61403 10.8809 28
      vertex -1.02711 6.92424 28
      vertex -1.07819 10.947 28
    endloop
  endfacet
  facet normal 0 0 1
    outer loop
      vertex -1.02711 6.92424 28
      vertex -1.61403 10.8809 28
      vertex -1.36563 6.8655 28
    endloop
  endfacet
  facet normal -0 0 1
    outer loop
      vertex -2.14599 10.7886 28
      vertex -1.36563 6.8655 28
      vertex -1.61403 10.8809 28
    endloop
  endfacet
  facet normal 0 0 1
    outer loop
      vertex -1.36563 6.8655 28
      vertex -2.14599 10.7886 28
      vertex -1.70086 6.79022 28
    endloop
  endfacet
  facet normal -0 0 1
    outer loop
      vertex -2.67278 10.6703 28
      vertex -1.70086 6.79022 28
      vertex -2.14599 10.7886 28
    endloop
  endfacet
  facet normal 0 0 1
    outer loop
      vertex -1.70086 6.79022 28
      vertex -2.67278 10.6703 28
      vertex -2.03199 6.69858 28
    endloop
  endfacet
  facet normal -0 0 1
    outer loop
      vertex -3.19313 10.5263 28
      vertex -2.03199 6.69858 28
      vertex -2.67278 10.6703 28
    endloop
  endfacet
  facet normal 0 0 1
    outer loop
      vertex -2.03199 6.69858 28
      vertex -3.19313 10.5263 28
      vertex -2.35823 6.59081 28
    endloop
  endfacet
  facet normal -0 0 1
    outer loop
      vertex -3.70579 10.357 28
      vertex -2.35823 6.59081 28
      vertex -3.19313 10.5263 28
    endloop
  endfacet
  facet normal 0 0 1
    outer loop
      vertex -2.35823 6.59081 28
      vertex -3.70579 10.357 28
      vertex -2.67878 6.46716 28
    endloop
  endfacet
  facet normal -0 0 1
    outer loop
      vertex -4.20952 10.1627 28
      vertex -2.67878 6.46716 28
      vertex -3.70579 10.357 28
    endloop
  endfacet
  facet normal 0 0 1
    outer loop
      vertex -2.67878 6.46716 28
      vertex -4.20952 10.1627 28
      vertex -2.99289 6.32792 28
    endloop
  endfacet
  facet normal -0 0 1
    outer loop
      vertex -4.70311 9.94388 28
      vertex -2.99289 6.32792 28
      vertex -4.20952 10.1627 28
    endloop
  endfacet
  facet normal 0 0 1
    outer loop
      vertex -2.99289 6.32792 28
      vertex -4.70311 9.94388 28
      vertex -3.29978 6.17345 28
    endloop
  endfacet
  facet normal -0 0 1
    outer loop
      vertex -5.18536 9.70113 28
      vertex -3.29978 6.17345 28
      vertex -4.70311 9.94388 28
    endloop
  endfacet
  facet normal 0 0 1
    outer loop
      vertex -3.29978 6.17345 28
      vertex -5.18536 9.70113 28
      vertex -3.59872 6.0041 28
    endloop
  endfacet
  facet normal -0 0 1
    outer loop
      vertex -5.65513 9.43501 28
      vertex -3.59872 6.0041 28
      vertex -5.18536 9.70113 28
    endloop
  endfacet
  facet normal 0 0 1
    outer loop
      vertex -3.59872 6.0041 28
      vertex -5.65513 9.43501 28
      vertex -3.88899 5.82029 28
    endloop
  endfacet
  facet normal -0 0 1
    outer loop
      vertex -6.11127 9.14616 28
      vertex -3.88899 5.82029 28
      vertex -5.65513 9.43501 28
    endloop
  endfacet
  facet normal 0 0 1
    outer loop
      vertex -3.88899 5.82029 28
      vertex -6.11127 9.14616 28
      vertex -4.16989 5.62245 28
    endloop
  endfacet
  facet normal -0 0 1
    outer loop
      vertex -6.55269 8.83528 28
      vertex -4.16989 5.62245 28
      vertex -6.11127 9.14616 28
    endloop
  endfacet
  facet normal 0 0 1
    outer loop
      vertex -4.16989 5.62245 28
      vertex -6.55269 8.83528 28
      vertex -4.44075 5.41107 28
    endloop
  endfacet
  facet normal -0 0 1
    outer loop
      vertex -6.97833 8.50311 28
      vertex -4.44075 5.41107 28
      vertex -6.55269 8.83528 28
    endloop
  endfacet
  facet normal 0 0 1
    outer loop
      vertex -4.44075 5.41107 28
      vertex -6.97833 8.50311 28
      vertex -4.70091 5.18666 28
    endloop
  endfacet
  facet normal -0 0 1
    outer loop
      vertex -7.38715 8.15046 28
      vertex -4.70091 5.18666 28
      vertex -6.97833 8.50311 28
    endloop
  endfacet
  facet normal 0 0 1
    outer loop
      vertex -4.70091 5.18666 28
      vertex -7.38715 8.15046 28
      vertex -4.94975 4.94975 28
    endloop
  endfacet
  facet normal -0 0 1
    outer loop
      vertex -7.77817 7.77817 28
      vertex -4.94975 4.94975 28
      vertex -7.38715 8.15046 28
    endloop
  endfacet
  facet normal 0 0 1
    outer loop
      vertex -4.94975 4.94975 28
      vertex -7.77817 7.77817 28
      vertex -5.18666 4.70091 28
    endloop
  endfacet
  facet normal -0 0 1
    outer loop
      vertex -8.15046 7.38715 28
      vertex -5.18666 4.70091 28
      vertex -7.77817 7.77817 28
    endloop
  endfacet
  facet normal 0 0 1
    outer loop
      vertex -5.18666 4.70091 28
      vertex -8.15046 7.38715 28
      vertex -5.41107 4.44075 28
    endloop
  endfacet
  facet normal -0 0 1
    outer loop
      vertex -8.50311 6.97833 28
      vertex -5.41107 4.44075 28
      vertex -8.15046 7.38715 28
    endloop
  endfacet
  facet normal 0 0 1
    outer loop
      vertex -5.41107 4.44075 28
      vertex -8.50311 6.97833 28
      vertex -5.62245 4.16989 28
    endloop
  endfacet
  facet normal -0 0 1
    outer loop
      vertex -8.83528 6.55269 28
      vertex -5.62245 4.16989 28
      vertex -8.50311 6.97833 28
    endloop
  endfacet
  facet normal 0 0 1
    outer loop
      vertex -5.62245 4.16989 28
      vertex -8.83528 6.55269 28
      vertex -5.82029 3.88899 28
    endloop
  endfacet
  facet normal -0 0 1
    outer loop
      vertex -9.14616 6.11127 28
      vertex -5.82029 3.88899 28
      vertex -8.83528 6.55269 28
    endloop
  endfacet
  facet normal 0 0 1
    outer loop
      vertex -5.82029 3.88899 28
      vertex -9.14616 6.11127 28
      vertex -6.0041 3.59872 28
    endloop
  endfacet
  facet normal -0 0 1
    outer loop
      vertex -9.43501 5.65513 28
      vertex -6.0041 3.59872 28
      vertex -9.14616 6.11127 28
    endloop
  endfacet
  facet normal 0 0 1
    outer loop
      vertex -6.0041 3.59872 28
      vertex -9.43501 5.65513 28
      vertex -6.17345 3.29978 28
    endloop
  endfacet
  facet normal -0 0 1
    outer loop
      vertex -9.70113 5.18536 28
      vertex -6.17345 3.29978 28
      vertex -9.43501 5.65513 28
    endloop
  endfacet
  facet normal 0 0 1
    outer loop
      vertex -6.17345 3.29978 28
      vertex -9.70113 5.18536 28
      vertex -6.32792 2.99289 28
    endloop
  endfacet
  facet normal -0 0 1
    outer loop
      vertex -9.94388 4.70311 28
      vertex -6.32792 2.99289 28
      vertex -9.70113 5.18536 28
    endloop
  endfacet
  facet normal 0 0 1
    outer loop
      vertex -6.32792 2.99289 28
      vertex -9.94388 4.70311 28
      vertex -6.46716 2.67878 28
    endloop
  endfacet
  facet normal -0 0 1
    outer loop
      vertex 6.32792 -2.99289 28
      vertex 9.94388 -4.70311 28
      vertex 6.46716 -2.67878 28
    endloop
  endfacet
  facet normal 0 0 1
    outer loop
      vertex 9.94388 -4.70311 28
      vertex 6.32792 -2.99289 28
      vertex 9.70113 -5.18536 28
    endloop
  endfacet
  facet normal -0 0 1
    outer loop
      vertex 6.17345 -3.29978 28
      vertex 9.70113 -5.18536 28
      vertex 6.32792 -2.99289 28
    endloop
  endfacet
  facet normal 0 0 1
    outer loop
      vertex 9.70113 -5.18536 28
      vertex 6.17345 -3.29978 28
      vertex 9.43501 -5.65513 28
    endloop
  endfacet
  facet normal -0 0 1
    outer loop
      vertex 6.0041 -3.59872 28
      vertex 9.43501 -5.65513 28
      vertex 6.17345 -3.29978 28
    endloop
  endfacet
  facet normal 0 0 1
    outer loop
      vertex 9.43501 -5.65513 28
      vertex 6.0041 -3.59872 28
      vertex 9.14616 -6.11127 28
    endloop
  endfacet
  facet normal -0 0 1
    outer loop
      vertex 5.82029 -3.88899 28
      vertex 9.14616 -6.11127 28
      vertex 6.0041 -3.59872 28
    endloop
  endfacet
  facet normal 0 0 1
    outer loop
      vertex 9.14616 -6.11127 28
      vertex 5.82029 -3.88899 28
      vertex 8.83528 -6.55269 28
    endloop
  endfacet
  facet normal -0 0 1
    outer loop
      vertex 5.62245 -4.16989 28
      vertex 8.83528 -6.55269 28
      vertex 5.82029 -3.88899 28
    endloop
  endfacet
  facet normal 0 0 1
    outer loop
      vertex 8.83528 -6.55269 28
      vertex 5.62245 -4.16989 28
      vertex 8.50311 -6.97833 28
    endloop
  endfacet
  facet normal -0 0 1
    outer loop
      vertex 5.41107 -4.44075 28
      vertex 8.50311 -6.97833 28
      vertex 5.62245 -4.16989 28
    endloop
  endfacet
  facet normal 0 0 1
    outer loop
      vertex 8.50311 -6.97833 28
      vertex 5.41107 -4.44075 28
      vertex 8.15046 -7.38715 28
    endloop
  endfacet
  facet normal -0 0 1
    outer loop
      vertex 5.18666 -4.70091 28
      vertex 8.15046 -7.38715 28
      vertex 5.41107 -4.44075 28
    endloop
  endfacet
  facet normal 0 0 1
    outer loop
      vertex 8.15046 -7.38715 28
      vertex 5.18666 -4.70091 28
      vertex 7.77817 -7.77817 28
    endloop
  endfacet
  facet normal -0 0 1
    outer loop
      vertex 4.94975 -4.94975 28
      vertex 7.77817 -7.77817 28
      vertex 5.18666 -4.70091 28
    endloop
  endfacet
  facet normal 0 0 1
    outer loop
      vertex 7.77817 -7.77817 28
      vertex 4.94975 -4.94975 28
      vertex 7.38715 -8.15046 28
    endloop
  endfacet
  facet normal -0 0 1
    outer loop
      vertex 4.70091 -5.18666 28
      vertex 7.38715 -8.15046 28
      vertex 4.94975 -4.94975 28
    endloop
  endfacet
  facet normal 0 0 1
    outer loop
      vertex 7.38715 -8.15046 28
      vertex 4.70091 -5.18666 28
      vertex 6.97833 -8.50311 28
    endloop
  endfacet
  facet normal -0 0 1
    outer loop
      vertex 4.44075 -5.41107 28
      vertex 6.97833 -8.50311 28
      vertex 4.70091 -5.18666 28
    endloop
  endfacet
  facet normal 0 0 1
    outer loop
      vertex 6.97833 -8.50311 28
      vertex 4.44075 -5.41107 28
      vertex 6.55269 -8.83528 28
    endloop
  endfacet
  facet normal -0 0 1
    outer loop
      vertex 4.16989 -5.62245 28
      vertex 6.55269 -8.83528 28
      vertex 4.44075 -5.41107 28
    endloop
  endfacet
  facet normal 0 0 1
    outer loop
      vertex 6.55269 -8.83528 28
      vertex 4.16989 -5.62245 28
      vertex 6.11127 -9.14616 28
    endloop
  endfacet
  facet normal -0 0 1
    outer loop
      vertex 3.88899 -5.82029 28
      vertex 6.11127 -9.14616 28
      vertex 4.16989 -5.62245 28
    endloop
  endfacet
  facet normal 0 0 1
    outer loop
      vertex 6.11127 -9.14616 28
      vertex 3.88899 -5.82029 28
      vertex 5.65513 -9.43501 28
    endloop
  endfacet
  facet normal -0 0 1
    outer loop
      vertex 3.59872 -6.0041 28
      vertex 5.65513 -9.43501 28
      vertex 3.88899 -5.82029 28
    endloop
  endfacet
  facet normal 0 0 1
    outer loop
      vertex 5.65513 -9.43501 28
      vertex 3.59872 -6.0041 28
      vertex 5.18536 -9.70113 28
    endloop
  endfacet
  facet normal -0 0 1
    outer loop
      vertex 3.29978 -6.17345 28
      vertex 5.18536 -9.70113 28
      vertex 3.59872 -6.0041 28
    endloop
  endfacet
  facet normal 0 0 1
    outer loop
      vertex 5.18536 -9.70113 28
      vertex 3.29978 -6.17345 28
      vertex 4.70311 -9.94388 28
    endloop
  endfacet
  facet normal -0 0 1
    outer loop
      vertex 2.99289 -6.32792 28
      vertex 4.70311 -9.94388 28
      vertex 3.29978 -6.17345 28
    endloop
  endfacet
  facet normal 0 0 1
    outer loop
      vertex 4.70311 -9.94388 28
      vertex 2.99289 -6.32792 28
      vertex 4.20952 -10.1627 28
    endloop
  endfacet
  facet normal -0 0 1
    outer loop
      vertex 2.67878 -6.46716 28
      vertex 4.20952 -10.1627 28
      vertex 2.99289 -6.32792 28
    endloop
  endfacet
  facet normal 0 0 1
    outer loop
      vertex 4.20952 -10.1627 28
      vertex 2.67878 -6.46716 28
      vertex 3.70579 -10.357 28
    endloop
  endfacet
  facet normal -0 0 1
    outer loop
      vertex 2.35823 -6.59081 28
      vertex 3.70579 -10.357 28
      vertex 2.67878 -6.46716 28
    endloop
  endfacet
  facet normal 0 0 1
    outer loop
      vertex 3.70579 -10.357 28
      vertex 2.35823 -6.59081 28
      vertex 3.19313 -10.5263 28
    endloop
  endfacet
  facet normal -0 0 1
    outer loop
      vertex 2.03199 -6.69858 28
      vertex 3.19313 -10.5263 28
      vertex 2.35823 -6.59081 28
    endloop
  endfacet
  facet normal 0 0 1
    outer loop
      vertex 3.19313 -10.5263 28
      vertex 2.03199 -6.69858 28
      vertex 2.67278 -10.6703 28
    endloop
  endfacet
  facet normal -0 0 1
    outer loop
      vertex 1.70086 -6.79022 28
      vertex 2.67278 -10.6703 28
      vertex 2.03199 -6.69858 28
    endloop
  endfacet
  facet normal 0 0 1
    outer loop
      vertex 2.67278 -10.6703 28
      vertex 1.70086 -6.79022 28
      vertex 2.14599 -10.7886 28
    endloop
  endfacet
  facet normal -0 0 1
    outer loop
      vertex 1.36563 -6.8655 28
      vertex 2.14599 -10.7886 28
      vertex 1.70086 -6.79022 28
    endloop
  endfacet
  facet normal 0 0 1
    outer loop
      vertex 2.14599 -10.7886 28
      vertex 1.36563 -6.8655 28
      vertex 1.61403 -10.8809 28
    endloop
  endfacet
  facet normal -0 0 1
    outer loop
      vertex 1.02711 -6.92424 28
      vertex 1.61403 -10.8809 28
      vertex 1.36563 -6.8655 28
    endloop
  endfacet
  facet normal 0 0 1
    outer loop
      vertex 1.61403 -10.8809 28
      vertex 1.02711 -6.92424 28
      vertex 1.07819 -10.947 28
    endloop
  endfacet
  facet normal -0 0 1
    outer loop
      vertex 0.686119 -6.96629 28
      vertex 1.07819 -10.947 28
      vertex 1.02711 -6.92424 28
    endloop
  endfacet
  facet normal 0 0 1
    outer loop
      vertex 0.686119 -6.96629 28
      vertex 0.539744 -10.9867 28
      vertex 1.07819 -10.947 28
    endloop
  endfacet
  facet normal -0 0 1
    outer loop
      vertex 0.343473 -6.99157 28
      vertex 0.539744 -10.9867 28
      vertex 0.686119 -6.96629 28
    endloop
  endfacet
  facet normal -0 0 1
    outer loop
      vertex 0 -7 28
      vertex 0.539744 -10.9867 28
      vertex 0.343473 -6.99157 28
    endloop
  endfacet
  facet normal 0 0 1
    outer loop
      vertex 0 -7 28
      vertex 0 -11 28
      vertex 0.539744 -10.9867 28
    endloop
  endfacet
  facet normal 0 0 1
    outer loop
      vertex -0.343473 -6.99157 28
      vertex 0 -11 28
      vertex 0 -7 28
    endloop
  endfacet
  facet normal 0 0 1
    outer loop
      vertex -0.343473 -6.99157 28
      vertex -0.539744 -10.9867 28
      vertex 0 -11 28
    endloop
  endfacet
  facet normal 0 0 1
    outer loop
      vertex -0.686119 -6.96629 28
      vertex -0.539744 -10.9867 28
      vertex -0.343473 -6.99157 28
    endloop
  endfacet
  facet normal 0 0 1
    outer loop
      vertex -1.07819 -10.947 28
      vertex -0.686119 -6.96629 28
      vertex -1.02711 -6.92424 28
    endloop
  endfacet
  facet normal 0 0 1
    outer loop
      vertex -0.686119 -6.96629 28
      vertex -1.07819 -10.947 28
      vertex -0.539744 -10.9867 28
    endloop
  endfacet
  facet normal 0 0 1
    outer loop
      vertex -1.61403 -10.8809 28
      vertex -1.02711 -6.92424 28
      vertex -1.36563 -6.8655 28
    endloop
  endfacet
  facet normal 0 0 1
    outer loop
      vertex -1.02711 -6.92424 28
      vertex -1.61403 -10.8809 28
      vertex -1.07819 -10.947 28
    endloop
  endfacet
  facet normal 0 0 1
    outer loop
      vertex -2.14599 -10.7886 28
      vertex -1.36563 -6.8655 28
      vertex -1.70086 -6.79022 28
    endloop
  endfacet
  facet normal 0 0 1
    outer loop
      vertex -2.67278 -10.6703 28
      vertex -1.70086 -6.79022 28
      vertex -2.03199 -6.69858 28
    endloop
  endfacet
  facet normal 0 0 1
    outer loop
      vertex -1.36563 -6.8655 28
      vertex -2.14599 -10.7886 28
      vertex -1.61403 -10.8809 28
    endloop
  endfacet
  facet normal 0 0 1
    outer loop
      vertex -3.19313 -10.5263 28
      vertex -2.03199 -6.69858 28
      vertex -2.35823 -6.59081 28
    endloop
  endfacet
  facet normal 0 0 1
    outer loop
      vertex -1.70086 -6.79022 28
      vertex -2.67278 -10.6703 28
      vertex -2.14599 -10.7886 28
    endloop
  endfacet
  facet normal 0 0 1
    outer loop
      vertex -3.70579 -10.357 28
      vertex -2.35823 -6.59081 28
      vertex -2.67878 -6.46716 28
    endloop
  endfacet
  facet normal 0 0 1
    outer loop
      vertex -4.20952 -10.1627 28
      vertex -2.67878 -6.46716 28
      vertex -2.99289 -6.32792 28
    endloop
  endfacet
  facet normal 0 0 1
    outer loop
      vertex -2.03199 -6.69858 28
      vertex -3.19313 -10.5263 28
      vertex -2.67278 -10.6703 28
    endloop
  endfacet
  facet normal 0 0 1
    outer loop
      vertex -4.70311 -9.94388 28
      vertex -2.99289 -6.32792 28
      vertex -3.29978 -6.17345 28
    endloop
  endfacet
  facet normal 0 0 1
    outer loop
      vertex -5.18536 -9.70113 28
      vertex -3.29978 -6.17345 28
      vertex -3.59872 -6.0041 28
    endloop
  endfacet
  facet normal 0 0 1
    outer loop
      vertex -2.35823 -6.59081 28
      vertex -3.70579 -10.357 28
      vertex -3.19313 -10.5263 28
    endloop
  endfacet
  facet normal 0 0 1
    outer loop
      vertex -5.65513 -9.43501 28
      vertex -3.59872 -6.0041 28
      vertex -3.88899 -5.82029 28
    endloop
  endfacet
  facet normal 0 0 1
    outer loop
      vertex -6.11127 -9.14616 28
      vertex -3.88899 -5.82029 28
      vertex -4.16989 -5.62245 28
    endloop
  endfacet
  facet normal 0 0 1
    outer loop
      vertex -2.67878 -6.46716 28
      vertex -4.20952 -10.1627 28
      vertex -3.70579 -10.357 28
    endloop
  endfacet
  facet normal 0 0 1
    outer loop
      vertex -6.55269 -8.83528 28
      vertex -4.16989 -5.62245 28
      vertex -4.44075 -5.41107 28
    endloop
  endfacet
  facet normal 0 0 1
    outer loop
      vertex -6.97833 -8.50311 28
      vertex -4.44075 -5.41107 28
      vertex -4.70091 -5.18666 28
    endloop
  endfacet
  facet normal 0 0 1
    outer loop
      vertex -2.99289 -6.32792 28
      vertex -4.70311 -9.94388 28
      vertex -4.20952 -10.1627 28
    endloop
  endfacet
  facet normal 0 0 1
    outer loop
      vertex -7.38715 -8.15046 28
      vertex -4.70091 -5.18666 28
      vertex -4.94975 -4.94975 28
    endloop
  endfacet
  facet normal 0 0 1
    outer loop
      vertex -3.29978 -6.17345 28
      vertex -5.18536 -9.70113 28
      vertex -4.70311 -9.94388 28
    endloop
  endfacet
  facet normal 0 0 1
    outer loop
      vertex -7.77817 -7.77817 28
      vertex -4.94975 -4.94975 28
      vertex -5.18666 -4.70091 28
    endloop
  endfacet
  facet normal 0 0 1
    outer loop
      vertex -8.15046 -7.38715 28
      vertex -5.18666 -4.70091 28
      vertex -5.41107 -4.44075 28
    endloop
  endfacet
  facet normal 0 0 1
    outer loop
      vertex -8.50311 -6.97833 28
      vertex -5.41107 -4.44075 28
      vertex -5.62245 -4.16989 28
    endloop
  endfacet
  facet normal 0 0 1
    outer loop
      vertex -3.59872 -6.0041 28
      vertex -5.65513 -9.43501 28
      vertex -5.18536 -9.70113 28
    endloop
  endfacet
  facet normal 0 0 1
    outer loop
      vertex -8.83528 -6.55269 28
      vertex -5.62245 -4.16989 28
      vertex -5.82029 -3.88899 28
    endloop
  endfacet
  facet normal 0 0 1
    outer loop
      vertex -9.14616 -6.11127 28
      vertex -5.82029 -3.88899 28
      vertex -6.0041 -3.59872 28
    endloop
  endfacet
  facet normal 0 0 1
    outer loop
      vertex -3.88899 -5.82029 28
      vertex -6.11127 -9.14616 28
      vertex -5.65513 -9.43501 28
    endloop
  endfacet
  facet normal 0 0 1
    outer loop
      vertex -9.43501 -5.65513 28
      vertex -6.0041 -3.59872 28
      vertex -6.17345 -3.29978 28
    endloop
  endfacet
  facet normal 0 0 1
    outer loop
      vertex -9.70113 -5.18536 28
      vertex -6.17345 -3.29978 28
      vertex -6.32792 -2.99289 28
    endloop
  endfacet
  facet normal 0 0 1
    outer loop
      vertex -9.94388 -4.70311 28
      vertex -6.32792 -2.99289 28
      vertex -6.46716 -2.67878 28
    endloop
  endfacet
  facet normal 0 0 1
    outer loop
      vertex -4.16989 -5.62245 28
      vertex -6.55269 -8.83528 28
      vertex -6.11127 -9.14616 28
    endloop
  endfacet
  facet normal 0 0 1
    outer loop
      vertex -10.1627 -4.20952 28
      vertex -6.46716 -2.67878 28
      vertex -6.59081 -2.35823 28
    endloop
  endfacet
  facet normal 0 0 1
    outer loop
      vertex -10.357 -3.70579 28
      vertex -6.59081 -2.35823 28
      vertex -6.69858 -2.03199 28
    endloop
  endfacet
  facet normal 0 0 1
    outer loop
      vertex -10.5263 -3.19313 28
      vertex -6.69858 -2.03199 28
      vertex -6.79022 -1.70086 28
    endloop
  endfacet
  facet normal 0 0 1
    outer loop
      vertex -10.6703 -2.67278 28
      vertex -6.79022 -1.70086 28
      vertex -6.8655 -1.36563 28
    endloop
  endfacet
  facet normal 0 0 1
    outer loop
      vertex -10.7886 -2.14599 28
      vertex -6.8655 -1.36563 28
      vertex -6.92424 -1.02711 28
    endloop
  endfacet
  facet normal 0 0 1
    outer loop
      vertex -10.8809 -1.61403 28
      vertex -6.92424 -1.02711 28
      vertex -6.96629 -0.686119 28
    endloop
  endfacet
  facet normal 0 0 1
    outer loop
      vertex -4.44075 -5.41107 28
      vertex -6.97833 -8.50311 28
      vertex -6.55269 -8.83528 28
    endloop
  endfacet
  facet normal 0 0 1
    outer loop
      vertex -10.947 -1.07819 28
      vertex -6.96629 -0.686119 28
      vertex -6.99157 -0.343473 28
    endloop
  endfacet
  facet normal 0 0 1
    outer loop
      vertex -10.9867 -0.539744 28
      vertex -6.99157 -0.343473 28
      vertex -7 0 28
    endloop
  endfacet
  facet normal -0 0 1
    outer loop
      vertex -10.1627 4.20952 28
      vertex -6.46716 2.67878 28
      vertex -9.94388 4.70311 28
    endloop
  endfacet
  facet normal 0 0 1
    outer loop
      vertex -4.70091 -5.18666 28
      vertex -7.38715 -8.15046 28
      vertex -6.97833 -8.50311 28
    endloop
  endfacet
  facet normal 0 0 1
    outer loop
      vertex -6.46716 2.67878 28
      vertex -10.1627 4.20952 28
      vertex -6.59081 2.35823 28
    endloop
  endfacet
  facet normal 0 0 1
    outer loop
      vertex -4.94975 -4.94975 28
      vertex -7.77817 -7.77817 28
      vertex -7.38715 -8.15046 28
    endloop
  endfacet
  facet normal -0 0 1
    outer loop
      vertex -10.357 3.70579 28
      vertex -6.59081 2.35823 28
      vertex -10.1627 4.20952 28
    endloop
  endfacet
  facet normal 0 0 1
    outer loop
      vertex -5.18666 -4.70091 28
      vertex -8.15046 -7.38715 28
      vertex -7.77817 -7.77817 28
    endloop
  endfacet
  facet normal 0 0 1
    outer loop
      vertex -6.59081 2.35823 28
      vertex -10.357 3.70579 28
      vertex -6.69858 2.03199 28
    endloop
  endfacet
  facet normal 0 0 1
    outer loop
      vertex -5.41107 -4.44075 28
      vertex -8.50311 -6.97833 28
      vertex -8.15046 -7.38715 28
    endloop
  endfacet
  facet normal -0 0 1
    outer loop
      vertex -10.5263 3.19313 28
      vertex -6.69858 2.03199 28
      vertex -10.357 3.70579 28
    endloop
  endfacet
  facet normal 0 0 1
    outer loop
      vertex -5.62245 -4.16989 28
      vertex -8.83528 -6.55269 28
      vertex -8.50311 -6.97833 28
    endloop
  endfacet
  facet normal 0 0 1
    outer loop
      vertex -6.69858 2.03199 28
      vertex -10.5263 3.19313 28
      vertex -6.79022 1.70086 28
    endloop
  endfacet
  facet normal 0 0 1
    outer loop
      vertex -5.82029 -3.88899 28
      vertex -9.14616 -6.11127 28
      vertex -8.83528 -6.55269 28
    endloop
  endfacet
  facet normal -0 0 1
    outer loop
      vertex -10.6703 2.67278 28
      vertex -6.79022 1.70086 28
      vertex -10.5263 3.19313 28
    endloop
  endfacet
  facet normal 0 0 1
    outer loop
      vertex -6.0041 -3.59872 28
      vertex -9.43501 -5.65513 28
      vertex -9.14616 -6.11127 28
    endloop
  endfacet
  facet normal 0 0 1
    outer loop
      vertex -6.79022 1.70086 28
      vertex -10.6703 2.67278 28
      vertex -6.8655 1.36563 28
    endloop
  endfacet
  facet normal 0 0 1
    outer loop
      vertex -6.17345 -3.29978 28
      vertex -9.70113 -5.18536 28
      vertex -9.43501 -5.65513 28
    endloop
  endfacet
  facet normal -0 0 1
    outer loop
      vertex -10.7886 2.14599 28
      vertex -6.8655 1.36563 28
      vertex -10.6703 2.67278 28
    endloop
  endfacet
  facet normal 0 0 1
    outer loop
      vertex -6.32792 -2.99289 28
      vertex -9.94388 -4.70311 28
      vertex -9.70113 -5.18536 28
    endloop
  endfacet
  facet normal 0 0 1
    outer loop
      vertex -6.8655 1.36563 28
      vertex -10.7886 2.14599 28
      vertex -6.92424 1.02711 28
    endloop
  endfacet
  facet normal 0 0 1
    outer loop
      vertex -6.46716 -2.67878 28
      vertex -10.1627 -4.20952 28
      vertex -9.94388 -4.70311 28
    endloop
  endfacet
  facet normal -0 0 1
    outer loop
      vertex -10.8809 1.61403 28
      vertex -6.92424 1.02711 28
      vertex -10.7886 2.14599 28
    endloop
  endfacet
  facet normal 0 0 1
    outer loop
      vertex -6.59081 -2.35823 28
      vertex -10.357 -3.70579 28
      vertex -10.1627 -4.20952 28
    endloop
  endfacet
  facet normal 0 0 1
    outer loop
      vertex -6.92424 1.02711 28
      vertex -10.8809 1.61403 28
      vertex -6.96629 0.686119 28
    endloop
  endfacet
  facet normal 0 0 1
    outer loop
      vertex -6.69858 -2.03199 28
      vertex -10.5263 -3.19313 28
      vertex -10.357 -3.70579 28
    endloop
  endfacet
  facet normal -0 0 1
    outer loop
      vertex -10.947 1.07819 28
      vertex -6.96629 0.686119 28
      vertex -10.8809 1.61403 28
    endloop
  endfacet
  facet normal 0 0 1
    outer loop
      vertex -6.79022 -1.70086 28
      vertex -10.6703 -2.67278 28
      vertex -10.5263 -3.19313 28
    endloop
  endfacet
  facet normal 0 0 1
    outer loop
      vertex -6.96629 0.686119 28
      vertex -10.947 1.07819 28
      vertex -6.99157 0.343473 28
    endloop
  endfacet
  facet normal 0 0 1
    outer loop
      vertex -6.8655 -1.36563 28
      vertex -10.7886 -2.14599 28
      vertex -10.6703 -2.67278 28
    endloop
  endfacet
  facet normal -0 0 1
    outer loop
      vertex -10.9867 0.539744 28
      vertex -6.99157 0.343473 28
      vertex -10.947 1.07819 28
    endloop
  endfacet
  facet normal 0 0 1
    outer loop
      vertex -6.92424 -1.02711 28
      vertex -10.8809 -1.61403 28
      vertex -10.7886 -2.14599 28
    endloop
  endfacet
  facet normal 0 0 1
    outer loop
      vertex -6.99157 0.343473 28
      vertex -10.9867 0.539744 28
      vertex -7 0 28
    endloop
  endfacet
  facet normal 0 0 1
    outer loop
      vertex -6.96629 -0.686119 28
      vertex -10.947 -1.07819 28
      vertex -10.8809 -1.61403 28
    endloop
  endfacet
  facet normal 0 0 1
    outer loop
      vertex -11 0 28
      vertex -7 0 28
      vertex -10.9867 0.539744 28
    endloop
  endfacet
  facet normal 0 0 1
    outer loop
      vertex -6.99157 -0.343473 28
      vertex -10.9867 -0.539744 28
      vertex -10.947 -1.07819 28
    endloop
  endfacet
  facet normal 0 0 1
    outer loop
      vertex -7 0 28
      vertex -11 0 28
      vertex -10.9867 -0.539744 28
    endloop
  endfacet
  facet normal 0.266712 0.963776 -0
    outer loop
      vertex 3.19313 10.5263 -2
      vertex 2.67278 10.6703 28
      vertex 3.19313 10.5263 28
    endloop
  endfacet
  facet normal 0.266712 0.963776 0
    outer loop
      vertex 2.67278 10.6703 28
      vertex 3.19313 10.5263 -2
      vertex 2.67278 10.6703 -2
    endloop
  endfacet
  facet normal 0.914192 0.405282 0
    outer loop
      vertex 10.1627 4.20952 28
      vertex 9.94388 4.70311 -2
      vertex 9.94388 4.70311 28
    endloop
  endfacet
  facet normal 0.914192 0.405282 0
    outer loop
      vertex 9.94388 4.70311 -2
      vertex 10.1627 4.20952 28
      vertex 10.1627 4.20952 -2
    endloop
  endfacet
  facet normal -0.689548 0.72424 0
    outer loop
      vertex -7.38715 8.15046 -2
      vertex -7.77817 7.77817 28
      vertex -7.38715 8.15046 28
    endloop
  endfacet
  facet normal -0.689548 0.72424 0
    outer loop
      vertex -7.77817 7.77817 28
      vertex -7.38715 8.15046 -2
      vertex -7.77817 7.77817 -2
    endloop
  endfacet
  facet normal -0.492896 0.870088 0
    outer loop
      vertex -5.18536 9.70113 -2
      vertex -5.65513 9.43501 28
      vertex -5.18536 9.70113 28
    endloop
  endfacet
  facet normal -0.492896 0.870088 0
    outer loop
      vertex -5.65513 9.43501 28
      vertex -5.18536 9.70113 -2
      vertex -5.65513 9.43501 -2
    endloop
  endfacet
  facet normal -0.999697 -0.0246338 0
    outer loop
      vertex -10.9867 -0.539744 -2
      vertex -11 0 28
      vertex -11 0 -2
    endloop
  endfacet
  facet normal -0.999697 -0.0246338 0
    outer loop
      vertex -11 0 28
      vertex -10.9867 -0.539744 -2
      vertex -10.9867 -0.539744 28
    endloop
  endfacet
  facet normal 0.44962 -0.89322 0
    outer loop
      vertex 4.70311 -9.94388 -2
      vertex 5.18536 -9.70113 28
      vertex 4.70311 -9.94388 28
    endloop
  endfacet
  facet normal 0.44962 -0.89322 0
    outer loop
      vertex 5.18536 -9.70113 28
      vertex 4.70311 -9.94388 -2
      vertex 5.18536 -9.70113 -2
    endloop
  endfacet
  facet normal -0.914192 0.405282 0
    outer loop
      vertex -10.1627 4.20952 -2
      vertex -9.94388 4.70311 28
      vertex -9.94388 4.70311 -2
    endloop
  endfacet
  facet normal -0.914192 0.405282 0
    outer loop
      vertex -9.94388 4.70311 28
      vertex -10.1627 4.20952 -2
      vertex -10.1627 4.20952 28
    endloop
  endfacet
  facet normal 0.757209 0.653172 0
    outer loop
      vertex 8.50311 6.97833 28
      vertex 8.15046 7.38715 -2
      vertex 8.15046 7.38715 28
    endloop
  endfacet
  facet normal 0.757209 0.653172 0
    outer loop
      vertex 8.15046 7.38715 -2
      vertex 8.50311 6.97833 28
      vertex 8.50311 6.97833 -2
    endloop
  endfacet
  facet normal -0.844851 0.535001 0
    outer loop
      vertex -9.43501 5.65513 -2
      vertex -9.14616 6.11127 28
      vertex -9.14616 6.11127 -2
    endloop
  endfacet
  facet normal -0.844851 0.535001 0
    outer loop
      vertex -9.14616 6.11127 28
      vertex -9.43501 5.65513 -2
      vertex -9.43501 5.65513 28
    endloop
  endfacet
  facet normal 0.575804 -0.817587 0
    outer loop
      vertex 6.11127 -9.14616 -2
      vertex 6.55269 -8.83528 28
      vertex 6.11127 -9.14616 28
    endloop
  endfacet
  facet normal 0.575804 -0.817587 0
    outer loop
      vertex 6.55269 -8.83528 28
      vertex 6.11127 -9.14616 -2
      vertex 6.55269 -8.83528 -2
    endloop
  endfacet
  facet normal -0.985279 -0.170955 0
    outer loop
      vertex -10.7886 -2.14599 -2
      vertex -10.8809 -1.61403 28
      vertex -10.8809 -1.61403 -2
    endloop
  endfacet
  facet normal -0.985279 -0.170955 0
    outer loop
      vertex -10.8809 -1.61403 28
      vertex -10.7886 -2.14599 -2
      vertex -10.7886 -2.14599 28
    endloop
  endfacet
  facet normal -0.266712 -0.963776 0
    outer loop
      vertex -3.19313 -10.5263 -2
      vertex -2.67278 -10.6703 28
      vertex -3.19313 -10.5263 28
    endloop
  endfacet
  facet normal -0.266712 -0.963776 -0
    outer loop
      vertex -2.67278 -10.6703 28
      vertex -3.19313 -10.5263 -2
      vertex -2.67278 -10.6703 -2
    endloop
  endfacet
  facet normal 0.870088 -0.492896 0
    outer loop
      vertex 9.43501 -5.65513 28
      vertex 9.70113 -5.18536 -2
      vertex 9.70113 -5.18536 28
    endloop
  endfacet
  facet normal 0.870088 -0.492896 0
    outer loop
      vertex 9.70113 -5.18536 -2
      vertex 9.43501 -5.65513 28
      vertex 9.43501 -5.65513 -2
    endloop
  endfacet
  facet normal -0.0735311 -0.997293 0
    outer loop
      vertex -1.07819 -10.947 -2
      vertex -0.539744 -10.9867 28
      vertex -1.07819 -10.947 28
    endloop
  endfacet
  facet normal -0.0735311 -0.997293 -0
    outer loop
      vertex -0.539744 -10.9867 28
      vertex -1.07819 -10.947 -2
      vertex -0.539744 -10.9867 -2
    endloop
  endfacet
  facet normal -0.963776 0.266712 0
    outer loop
      vertex -10.6703 2.67278 -2
      vertex -10.5263 3.19313 28
      vertex -10.5263 3.19313 -2
    endloop
  endfacet
  facet normal -0.963776 0.266712 0
    outer loop
      vertex -10.5263 3.19313 28
      vertex -10.6703 2.67278 -2
      vertex -10.6703 2.67278 28
    endloop
  endfacet
  facet normal -0.9757 -0.219111 0
    outer loop
      vertex -10.6703 -2.67278 -2
      vertex -10.7886 -2.14599 28
      vertex -10.7886 -2.14599 -2
    endloop
  endfacet
  facet normal -0.9757 -0.219111 0
    outer loop
      vertex -10.7886 -2.14599 28
      vertex -10.6703 -2.67278 -2
      vertex -10.6703 -2.67278 28
    endloop
  endfacet
  facet normal -0.615228 -0.788349 0
    outer loop
      vertex -6.97833 -8.50311 -2
      vertex -6.55269 -8.83528 28
      vertex -6.97833 -8.50311 28
    endloop
  endfacet
  facet normal -0.615228 -0.788349 -0
    outer loop
      vertex -6.55269 -8.83528 28
      vertex -6.97833 -8.50311 -2
      vertex -6.55269 -8.83528 -2
    endloop
  endfacet
  facet normal -0.313582 -0.949561 0
    outer loop
      vertex -3.70579 -10.357 -2
      vertex -3.19313 -10.5263 28
      vertex -3.70579 -10.357 28
    endloop
  endfacet
  facet normal -0.313582 -0.949561 -0
    outer loop
      vertex -3.19313 -10.5263 28
      vertex -3.70579 -10.357 -2
      vertex -3.19313 -10.5263 -2
    endloop
  endfacet
  facet normal -0.219111 -0.9757 0
    outer loop
      vertex -2.67278 -10.6703 -2
      vertex -2.14599 -10.7886 28
      vertex -2.67278 -10.6703 28
    endloop
  endfacet
  facet normal -0.219111 -0.9757 -0
    outer loop
      vertex -2.14599 -10.7886 28
      vertex -2.67278 -10.6703 -2
      vertex -2.14599 -10.7886 -2
    endloop
  endfacet
  facet normal -0.997293 0.0735311 0
    outer loop
      vertex -10.9867 0.539744 -2
      vertex -10.947 1.07819 28
      vertex -10.947 1.07819 -2
    endloop
  endfacet
  facet normal -0.997293 0.0735311 0
    outer loop
      vertex -10.947 1.07819 28
      vertex -10.9867 0.539744 -2
      vertex -10.9867 0.539744 28
    endloop
  endfacet
  facet normal -0.985279 0.170955 0
    outer loop
      vertex -10.8809 1.61403 -2
      vertex -10.7886 2.14599 28
      vertex -10.7886 2.14599 -2
    endloop
  endfacet
  facet normal -0.985279 0.170955 0
    outer loop
      vertex -10.7886 2.14599 28
      vertex -10.8809 1.61403 -2
      vertex -10.8809 1.61403 28
    endloop
  endfacet
  facet normal -0.266712 0.963776 0
    outer loop
      vertex -2.67278 10.6703 -2
      vertex -3.19313 10.5263 28
      vertex -2.67278 10.6703 28
    endloop
  endfacet
  facet normal -0.266712 0.963776 0
    outer loop
      vertex -3.19313 10.5263 28
      vertex -2.67278 10.6703 -2
      vertex -3.19313 10.5263 -2
    endloop
  endfacet
  facet normal -0.788349 -0.615228 0
    outer loop
      vertex -8.50311 -6.97833 -2
      vertex -8.83528 -6.55269 28
      vertex -8.83528 -6.55269 -2
    endloop
  endfacet
  facet normal -0.788349 -0.615228 0
    outer loop
      vertex -8.83528 -6.55269 28
      vertex -8.50311 -6.97833 -2
      vertex -8.50311 -6.97833 28
    endloop
  endfacet
  facet normal -0.963776 -0.266712 0
    outer loop
      vertex -10.5263 -3.19313 -2
      vertex -10.6703 -2.67278 28
      vertex -10.6703 -2.67278 -2
    endloop
  endfacet
  facet normal -0.963776 -0.266712 0
    outer loop
      vertex -10.6703 -2.67278 28
      vertex -10.5263 -3.19313 -2
      vertex -10.5263 -3.19313 28
    endloop
  endfacet
  facet normal -0.44962 -0.89322 0
    outer loop
      vertex -5.18536 -9.70113 -2
      vertex -4.70311 -9.94388 28
      vertex -5.18536 -9.70113 28
    endloop
  endfacet
  facet normal -0.44962 -0.89322 -0
    outer loop
      vertex -4.70311 -9.94388 28
      vertex -5.18536 -9.70113 -2
      vertex -4.70311 -9.94388 -2
    endloop
  endfacet
  facet normal -0.788349 0.615228 0
    outer loop
      vertex -8.83528 6.55269 -2
      vertex -8.50311 6.97833 28
      vertex -8.50311 6.97833 -2
    endloop
  endfacet
  facet normal -0.788349 0.615228 0
    outer loop
      vertex -8.50311 6.97833 28
      vertex -8.83528 6.55269 -2
      vertex -8.83528 6.55269 28
    endloop
  endfacet
  facet normal -0.870088 0.492896 0
    outer loop
      vertex -9.70113 5.18536 -2
      vertex -9.43501 5.65513 28
      vertex -9.43501 5.65513 -2
    endloop
  endfacet
  facet normal -0.870088 0.492896 0
    outer loop
      vertex -9.43501 5.65513 28
      vertex -9.70113 5.18536 -2
      vertex -9.70113 5.18536 28
    endloop
  endfacet
  facet normal -0.405282 0.914192 0
    outer loop
      vertex -4.20952 10.1627 -2
      vertex -4.70311 9.94388 28
      vertex -4.20952 10.1627 28
    endloop
  endfacet
  facet normal -0.405282 0.914192 0
    outer loop
      vertex -4.70311 9.94388 28
      vertex -4.20952 10.1627 -2
      vertex -4.70311 9.94388 -2
    endloop
  endfacet
  facet normal -0.575804 -0.817587 0
    outer loop
      vertex -6.55269 -8.83528 -2
      vertex -6.11127 -9.14616 28
      vertex -6.55269 -8.83528 28
    endloop
  endfacet
  facet normal -0.575804 -0.817587 -0
    outer loop
      vertex -6.11127 -9.14616 28
      vertex -6.55269 -8.83528 -2
      vertex -6.11127 -9.14616 -2
    endloop
  endfacet
  facet normal -0.535001 -0.844851 0
    outer loop
      vertex -6.11127 -9.14616 -2
      vertex -5.65513 -9.43501 28
      vertex -6.11127 -9.14616 28
    endloop
  endfacet
  facet normal -0.535001 -0.844851 -0
    outer loop
      vertex -5.65513 -9.43501 28
      vertex -6.11127 -9.14616 -2
      vertex -5.65513 -9.43501 -2
    endloop
  endfacet
  facet normal -0.983297 -0.182008 0
    outer loop
      vertex 32.0436 3.62041 -8
      vertex 32.0235 3.729 -2
      vertex 32.0235 3.729 -8
    endloop
  endfacet
  facet normal -0.983297 -0.182008 0
    outer loop
      vertex 32.0235 3.729 -2
      vertex 32.0436 3.62041 -8
      vertex 32.0436 3.62041 -2
    endloop
  endfacet
  facet normal -0.991101 -0.133113 0
    outer loop
      vertex 32.0583 3.51096 -8
      vertex 32.0436 3.62041 -2
      vertex 32.0436 3.62041 -8
    endloop
  endfacet
  facet normal -0.991101 -0.133113 0
    outer loop
      vertex 32.0436 3.62041 -2
      vertex 32.0583 3.51096 -8
      vertex 32.0583 3.51096 -2
    endloop
  endfacet
  facet normal -0.973401 -0.22911 0
    outer loop
      vertex 32.0235 3.729 -8
      vertex 31.9982 3.83649 -2
      vertex 31.9982 3.83649 -8
    endloop
  endfacet
  facet normal -0.973401 -0.22911 0
    outer loop
      vertex 31.9982 3.83649 -2
      vertex 32.0235 3.729 -8
      vertex 32.0235 3.729 -2
    endloop
  endfacet
  facet normal -0.22969 0.973264 0
    outer loop
      vertex 30.3922 1.08953 -8
      vertex 30.2847 1.06416 -2
      vertex 30.3922 1.08953 -2
    endloop
  endfacet
  facet normal -0.22969 0.973264 0
    outer loop
      vertex 30.2847 1.06416 -2
      vertex 30.3922 1.08953 -8
      vertex 30.2847 1.06416 -8
    endloop
  endfacet
  facet normal 0.208465 0.97803 -0
    outer loop
      vertex 29.4068 1.05458 -8
      vertex 29.2988 1.0776 -2
      vertex 29.4068 1.05458 -2
    endloop
  endfacet
  facet normal 0.208465 0.97803 0
    outer loop
      vertex 29.2988 1.0776 -2
      vertex 29.4068 1.05458 -8
      vertex 29.2988 1.0776 -8
    endloop
  endfacet
  facet normal 0.888001 0.459842 0
    outer loop
      vertex 27.8491 2.18378 -2
      vertex 27.7983 2.28188 -8
      vertex 27.7983 2.28188 -2
    endloop
  endfacet
  facet normal 0.888001 0.459842 0
    outer loop
      vertex 27.7983 2.28188 -8
      vertex 27.8491 2.18378 -2
      vertex 27.8491 2.18378 -8
    endloop
  endfacet
  facet normal 0.978071 -0.208274 0
    outer loop
      vertex 27.6103 3.68086 -2
      vertex 27.6333 3.78887 -8
      vertex 27.6333 3.78887 -2
    endloop
  endfacet
  facet normal 0.978071 -0.208274 0
    outer loop
      vertex 27.6333 3.78887 -8
      vertex 27.6103 3.68086 -2
      vertex 27.6103 3.68086 -8
    endloop
  endfacet
  facet normal -0.459342 0.88826 0
    outer loop
      vertex 30.9039 1.29337 -8
      vertex 30.8058 1.24264 -2
      vertex 30.9039 1.29337 -2
    endloop
  endfacet
  facet normal -0.459342 0.88826 0
    outer loop
      vertex 30.8058 1.24264 -2
      vertex 30.9039 1.29337 -8
      vertex 30.8058 1.24264 -8
    endloop
  endfacet
  facet normal 0.303166 0.952938 -0
    outer loop
      vertex 29.1921 1.10589 -8
      vertex 29.0868 1.13939 -2
      vertex 29.1921 1.10589 -2
    endloop
  endfacet
  facet normal 0.303166 0.952938 0
    outer loop
      vertex 29.0868 1.13939 -2
      vertex 29.1921 1.10589 -8
      vertex 29.0868 1.13939 -8
    endloop
  endfacet
  facet normal -0.181729 0.983349 0
    outer loop
      vertex 30.2847 1.06416 -8
      vertex 30.1761 1.04409 -2
      vertex 30.2847 1.06416 -2
    endloop
  endfacet
  facet normal -0.181729 0.983349 0
    outer loop
      vertex 30.1761 1.04409 -2
      vertex 30.2847 1.06416 -8
      vertex 30.1761 1.04409 -8
    endloop
  endfacet
  facet normal -0.111605 -0.993753 0
    outer loop
      vertex 30.0178 5.50744 -8
      vertex 30.1275 5.49512 -2
      vertex 30.0178 5.50744 -2
    endloop
  endfacet
  facet normal -0.111605 -0.993753 -0
    outer loop
      vertex 30.1275 5.49512 -2
      vertex 30.0178 5.50744 -8
      vertex 30.1275 5.49512 -8
    endloop
  endfacet
  facet normal 0.370063 -0.929007 0
    outer loop
      vertex 28.938 5.33522 -8
      vertex 29.0406 5.37609 -2
      vertex 28.938 5.33522 -2
    endloop
  endfacet
  facet normal 0.370063 -0.929007 0
    outer loop
      vertex 29.0406 5.37609 -2
      vertex 28.938 5.33522 -8
      vertex 29.0406 5.37609 -8
    endloop
  endfacet
  facet normal -0.998046 0.0624854 0
    outer loop
      vertex 32.0631 3.06991 -8
      vertex 32.07 3.18012 -2
      vertex 32.07 3.18012 -8
    endloop
  endfacet
  facet normal -0.998046 0.0624854 0
    outer loop
      vertex 32.07 3.18012 -2
      vertex 32.0631 3.06991 -8
      vertex 32.0631 3.06991 -2
    endloop
  endfacet
  facet normal -0.918404 0.395645 0
    outer loop
      vertex 31.866 2.32625 -8
      vertex 31.9097 2.42769 -2
      vertex 31.9097 2.42769 -8
    endloop
  endfacet
  facet normal -0.918404 0.395645 0
    outer loop
      vertex 31.9097 2.42769 -2
      vertex 31.866 2.32625 -8
      vertex 31.866 2.32625 -2
    endloop
  endfacet
  facet normal -0.133142 0.991097 0
    outer loop
      vertex 30.1761 1.04409 -8
      vertex 30.0666 1.02938 -2
      vertex 30.1761 1.04409 -2
    endloop
  endfacet
  facet normal -0.133142 0.991097 0
    outer loop
      vertex 30.0666 1.02938 -2
      vertex 30.1761 1.04409 -8
      vertex 30.0666 1.02938 -8
    endloop
  endfacet
  facet normal -0.606586 -0.795018 0
    outer loop
      vertex 31.1422 5.08774 -8
      vertex 31.23 5.02075 -2
      vertex 31.1422 5.08774 -2
    endloop
  endfacet
  facet normal -0.606586 -0.795018 -0
    outer loop
      vertex 31.23 5.02075 -2
      vertex 31.1422 5.08774 -8
      vertex 31.23 5.02075 -8
    endloop
  endfacet
  facet normal 0.181729 -0.983349 0
    outer loop
      vertex 29.3587 5.46785 -8
      vertex 29.4673 5.48792 -2
      vertex 29.3587 5.46785 -2
    endloop
  endfacet
  facet normal 0.181729 -0.983349 0
    outer loop
      vertex 29.4673 5.48792 -2
      vertex 29.3587 5.46785 -8
      vertex 29.4673 5.48792 -8
    endloop
  endfacet
  facet normal 0.811125 0.584872 0
    outer loop
      vertex 28.0292 1.90605 -2
      vertex 27.9646 1.99564 -8
      vertex 27.9646 1.99564 -2
    endloop
  endfacet
  facet normal 0.811125 0.584872 0
    outer loop
      vertex 27.9646 1.99564 -8
      vertex 28.0292 1.90605 -2
      vertex 28.0292 1.90605 -8
    endloop
  endfacet
  facet normal -0.999344 -0.036218 0
    outer loop
      vertex 32.0716 3.29055 -8
      vertex 32.0676 3.40092 -2
      vertex 32.0676 3.40092 -8
    endloop
  endfacet
  facet normal -0.999344 -0.036218 0
    outer loop
      vertex 32.0676 3.40092 -2
      vertex 32.0716 3.29055 -8
      vertex 32.0716 3.29055 -2
    endloop
  endfacet
  facet normal -0.303428 -0.952854 0
    outer loop
      vertex 30.4513 5.42612 -8
      vertex 30.5565 5.39262 -2
      vertex 30.4513 5.42612 -2
    endloop
  endfacet
  facet normal -0.303428 -0.952854 -0
    outer loop
      vertex 30.5565 5.39262 -2
      vertex 30.4513 5.42612 -8
      vertex 30.5565 5.39262 -8
    endloop
  endfacet
  facet normal 0.133261 -0.991081 0
    outer loop
      vertex 29.4673 5.48792 -8
      vertex 29.5767 5.50263 -2
      vertex 29.4673 5.48792 -2
    endloop
  endfacet
  facet normal 0.133261 -0.991081 0
    outer loop
      vertex 29.5767 5.50263 -2
      vertex 29.4673 5.48792 -8
      vertex 29.5767 5.50263 -8
    endloop
  endfacet
  facet normal 0.459342 -0.88826 0
    outer loop
      vertex 28.7395 5.23864 -8
      vertex 28.8376 5.28937 -2
      vertex 28.7395 5.23864 -2
    endloop
  endfacet
  facet normal 0.459342 -0.88826 0
    outer loop
      vertex 28.8376 5.28937 -2
      vertex 28.7395 5.23864 -8
      vertex 28.8376 5.28937 -8
    endloop
  endfacet
  facet normal 0.323931 -0.946081 0
    outer loop
      vertex 29.0406 5.37609 -8
      vertex 29.1451 5.41187 -2
      vertex 29.0406 5.37609 -2
    endloop
  endfacet
  facet normal 0.323931 -0.946081 0
    outer loop
      vertex 29.1451 5.41187 -2
      vertex 29.0406 5.37609 -8
      vertex 29.1451 5.41187 -8
    endloop
  endfacet
  facet normal 0.823825 -0.566844 0
    outer loop
      vertex 27.9374 4.49556 -2
      vertex 28 4.58654 -8
      vertex 28 4.58654 -2
    endloop
  endfacet
  facet normal 0.823825 -0.566844 0
    outer loop
      vertex 28 4.58654 -8
      vertex 27.9374 4.49556 -2
      vertex 27.9374 4.49556 -8
    endloop
  endfacet
  facet normal -0.644911 -0.764258 0
    outer loop
      vertex 31.23 5.02075 -8
      vertex 31.3144 4.94953 -2
      vertex 31.23 5.02075 -2
    endloop
  endfacet
  facet normal -0.644911 -0.764258 -0
    outer loop
      vertex 31.3144 4.94953 -2
      vertex 31.23 5.02075 -8
      vertex 31.3144 4.94953 -8
    endloop
  endfacet
  facet normal -0.83895 -0.544208 0
    outer loop
      vertex 31.7388 4.44372 -8
      vertex 31.6787 4.53637 -2
      vertex 31.6787 4.53637 -8
    endloop
  endfacet
  facet normal -0.83895 -0.544208 0
    outer loop
      vertex 31.6787 4.53637 -2
      vertex 31.7388 4.44372 -8
      vertex 31.7388 4.44372 -2
    endloop
  endfacet
  facet normal 0.936927 -0.349525 0
    outer loop
      vertex 27.6951 4.00085 -2
      vertex 27.7337 4.10432 -8
      vertex 27.7337 4.10432 -2
    endloop
  endfacet
  facet normal 0.936927 -0.349525 0
    outer loop
      vertex 27.7337 4.10432 -8
      vertex 27.6951 4.00085 -2
      vertex 27.6951 4.00085 -8
    endloop
  endfacet
  facet normal -0.277196 0.960813 0
    outer loop
      vertex 30.4983 1.12014 -8
      vertex 30.3922 1.08953 -2
      vertex 30.4983 1.12014 -2
    endloop
  endfacet
  facet normal -0.277196 0.960813 0
    outer loop
      vertex 30.3922 1.08953 -2
      vertex 30.4983 1.12014 -8
      vertex 30.3922 1.08953 -8
    endloop
  endfacet
  facet normal 0.256281 0.966602 -0
    outer loop
      vertex 29.2988 1.0776 -8
      vertex 29.1921 1.10589 -2
      vertex 29.2988 1.0776 -2
    endloop
  endfacet
  facet normal 0.256281 0.966602 0
    outer loop
      vertex 29.1921 1.10589 -2
      vertex 29.2988 1.0776 -8
      vertex 29.1921 1.10589 -8
    endloop
  endfacet
  facet normal -0.349595 -0.936901 0
    outer loop
      vertex 30.5565 5.39262 -8
      vertex 30.66 5.354 -2
      vertex 30.5565 5.39262 -2
    endloop
  endfacet
  facet normal -0.349595 -0.936901 -0
    outer loop
      vertex 30.66 5.354 -2
      vertex 30.5565 5.39262 -8
      vertex 30.66 5.354 -8
    endloop
  endfacet
  facet normal -0.749772 -0.661696 0
    outer loop
      vertex 31.5453 4.71228 -8
      vertex 31.4722 4.79511 -2
      vertex 31.4722 4.79511 -8
    endloop
  endfacet
  facet normal -0.749772 -0.661696 0
    outer loop
      vertex 31.4722 4.79511 -2
      vertex 31.5453 4.71228 -8
      vertex 31.5453 4.71228 -2
    endloop
  endfacet
  facet normal 0.960844 0.277088 0
    outer loop
      vertex 27.6758 2.58942 -2
      vertex 27.6452 2.69553 -8
      vertex 27.6452 2.69553 -2
    endloop
  endfacet
  facet normal 0.960844 0.277088 0
    outer loop
      vertex 27.6452 2.69553 -8
      vertex 27.6758 2.58942 -2
      vertex 27.6758 2.58942 -8
    endloop
  endfacet
  facet normal 0.58471 -0.811242 0
    outer loop
      vertex 28.4617 5.05849 -8
      vertex 28.5513 5.12307 -2
      vertex 28.4617 5.05849 -2
    endloop
  endfacet
  facet normal 0.58471 -0.811242 0
    outer loop
      vertex 28.5513 5.12307 -2
      vertex 28.4617 5.05849 -8
      vertex 28.5513 5.12307 -8
    endloop
  endfacet
  facet normal 0.395066 0.918653 -0
    outer loop
      vertex 28.9834 1.17801 -8
      vertex 28.8819 1.22166 -2
      vertex 28.9834 1.17801 -2
    endloop
  endfacet
  facet normal 0.395066 0.918653 0
    outer loop
      vertex 28.8819 1.22166 -2
      vertex 28.9834 1.17801 -8
      vertex 28.8819 1.22166 -8
    endloop
  endfacet
  facet normal -0.566759 -0.823883 0
    outer loop
      vertex 31.0512 5.15034 -8
      vertex 31.1422 5.08774 -2
      vertex 31.0512 5.15034 -2
    endloop
  endfacet
  facet normal -0.566759 -0.823883 -0
    outer loop
      vertex 31.1422 5.08774 -2
      vertex 31.0512 5.15034 -8
      vertex 31.1422 5.08774 -8
    endloop
  endfacet
  facet normal 0.909901 0.414826 0
    outer loop
      vertex 27.7983 2.28188 -2
      vertex 27.7525 2.38234 -8
      vertex 27.7525 2.38234 -2
    endloop
  endfacet
  facet normal 0.909901 0.414826 0
    outer loop
      vertex 27.7525 2.38234 -8
      vertex 27.7983 2.28188 -2
      vertex 27.7983 2.28188 -8
    endloop
  endfacet
  facet normal -0.525906 -0.850543 0
    outer loop
      vertex 30.9573 5.2084 -8
      vertex 31.0512 5.15034 -2
      vertex 30.9573 5.2084 -2
    endloop
  endfacet
  facet normal -0.525906 -0.850543 -0
    outer loop
      vertex 31.0512 5.15034 -2
      vertex 30.9573 5.2084 -8
      vertex 31.0512 5.15034 -8
    endloop
  endfacet
  facet normal -0.987073 0.160271 0
    outer loop
      vertex 32.0331 2.85115 -8
      vertex 32.0508 2.96016 -2
      vertex 32.0508 2.96016 -8
    endloop
  endfacet
  facet normal -0.987073 0.160271 0
    outer loop
      vertex 32.0508 2.96016 -2
      vertex 32.0331 2.85115 -8
      vertex 32.0331 2.85115 -2
    endloop
  endfacet
  facet normal -0.415406 0.909636 0
    outer loop
      vertex 30.8058 1.24264 -8
      vertex 30.7054 1.19679 -2
      vertex 30.8058 1.24264 -2
    endloop
  endfacet
  facet normal -0.415406 0.909636 0
    outer loop
      vertex 30.7054 1.19679 -2
      vertex 30.8058 1.24264 -8
      vertex 30.7054 1.19679 -8
    endloop
  endfacet
  facet normal 0.277196 -0.960813 0
    outer loop
      vertex 29.1451 5.41187 -8
      vertex 29.2512 5.44248 -2
      vertex 29.1451 5.41187 -2
    endloop
  endfacet
  facet normal 0.277196 -0.960813 0
    outer loop
      vertex 29.2512 5.44248 -2
      vertex 29.1451 5.41187 -8
      vertex 29.2512 5.44248 -8
    endloop
  endfacet
  facet normal -0.324012 0.946053 0
    outer loop
      vertex 30.6028 1.15593 -8
      vertex 30.4983 1.12014 -2
      vertex 30.6028 1.15593 -2
    endloop
  endfacet
  facet normal -0.324012 0.946053 0
    outer loop
      vertex 30.4983 1.12014 -2
      vertex 30.6028 1.15593 -8
      vertex 30.4983 1.12014 -8
    endloop
  endfacet
  facet normal -0.502328 0.864677 0
    outer loop
      vertex 30.9994 1.34885 -8
      vertex 30.9039 1.29337 -2
      vertex 30.9994 1.34885 -2
    endloop
  endfacet
  facet normal -0.502328 0.864677 0
    outer loop
      vertex 30.9039 1.29337 -2
      vertex 30.9994 1.34885 -8
      vertex 30.9039 1.29337 -8
    endloop
  endfacet
  facet normal 0.795378 -0.606114 0
    outer loop
      vertex 28 4.58654 -2
      vertex 28.0669 4.67433 -8
      vertex 28.0669 4.67433 -2
    endloop
  endfacet
  facet normal 0.795378 -0.606114 0
    outer loop
      vertex 28.0669 4.67433 -8
      vertex 28 4.58654 -2
      vertex 28 4.58654 -8
    endloop
  endfacet
  facet normal 0.0626715 0.998034 -0
    outer loop
      vertex 29.7358 1.01765 -8
      vertex 29.6256 1.02457 -2
      vertex 29.7358 1.01765 -2
    endloop
  endfacet
  facet normal 0.0626715 0.998034 0
    outer loop
      vertex 29.6256 1.02457 -2
      vertex 29.7358 1.01765 -8
      vertex 29.6256 1.02457 -8
    endloop
  endfacet
  facet normal 0.567244 0.82355 -0
    outer loop
      vertex 28.5921 1.38167 -8
      vertex 28.5012 1.44428 -2
      vertex 28.5921 1.38167 -2
    endloop
  endfacet
  facet normal 0.567244 0.82355 0
    outer loop
      vertex 28.5012 1.44428 -2
      vertex 28.5921 1.38167 -8
      vertex 28.5012 1.44428 -8
    endloop
  endfacet
  facet normal 0.525501 0.850793 -0
    outer loop
      vertex 28.6861 1.32361 -8
      vertex 28.5921 1.38167 -2
      vertex 28.6861 1.32361 -2
    endloop
  endfacet
  facet normal 0.525501 0.850793 0
    outer loop
      vertex 28.5921 1.38167 -2
      vertex 28.6861 1.32361 -8
      vertex 28.5921 1.38167 -8
    endloop
  endfacet
  facet normal -0.661526 0.749922 0
    outer loop
      vertex 31.3508 1.61545 -8
      vertex 31.268 1.54241 -2
      vertex 31.3508 1.61545 -2
    endloop
  endfacet
  facet normal -0.661526 0.749922 0
    outer loop
      vertex 31.268 1.54241 -2
      vertex 31.3508 1.61545 -8
      vertex 31.268 1.54241 -8
    endloop
  endfacet
  facet normal 0.160198 0.987085 -0
    outer loop
      vertex 29.5158 1.03689 -8
      vertex 29.4068 1.05458 -2
      vertex 29.5158 1.03689 -2
    endloop
  endfacet
  facet normal 0.160198 0.987085 0
    outer loop
      vertex 29.4068 1.05458 -2
      vertex 29.5158 1.03689 -8
      vertex 29.4068 1.05458 -8
    endloop
  endfacet
  facet normal 0.996371 0.0851135 0
    outer loop
      vertex 27.5851 3.02106 -2
      vertex 27.5757 3.1311 -8
      vertex 27.5757 3.1311 -2
    endloop
  endfacet
  facet normal 0.996371 0.0851135 0
    outer loop
      vertex 27.5757 3.1311 -8
      vertex 27.5851 3.02106 -2
      vertex 27.5851 3.02106 -8
    endloop
  endfacet
  facet normal -0.208281 -0.978069 0
    outer loop
      vertex 30.2365 5.47743 -8
      vertex 30.3446 5.45441 -2
      vertex 30.2365 5.47743 -2
    endloop
  endfacet
  facet normal -0.208281 -0.978069 -0
    outer loop
      vertex 30.3446 5.45441 -2
      vertex 30.2365 5.47743 -8
      vertex 30.3446 5.45441 -8
    endloop
  endfacet
  facet normal -0.483274 -0.875469 0
    outer loop
      vertex 30.8606 5.26178 -8
      vertex 30.9573 5.2084 -2
      vertex 30.8606 5.26178 -2
    endloop
  endfacet
  facet normal -0.483274 -0.875469 -0
    outer loop
      vertex 30.9573 5.2084 -2
      vertex 30.8606 5.26178 -8
      vertex 30.9573 5.2084 -8
    endloop
  endfacet
  facet normal 0.991103 0.133101 0
    outer loop
      vertex 27.5998 2.9116 -2
      vertex 27.5851 3.02106 -8
      vertex 27.5851 3.02106 -2
    endloop
  endfacet
  facet normal 0.991103 0.133101 0
    outer loop
      vertex 27.5851 3.02106 -8
      vertex 27.5998 2.9116 -2
      vertex 27.5998 2.9116 -8
    endloop
  endfacet
  facet normal -0.395395 -0.918511 0
    outer loop
      vertex 30.66 5.354 -8
      vertex 30.7614 5.31035 -2
      vertex 30.66 5.354 -2
    endloop
  endfacet
  facet normal -0.395395 -0.918511 -0
    outer loop
      vertex 30.7614 5.31035 -2
      vertex 30.66 5.354 -8
      vertex 30.7614 5.31035 -8
    endloop
  endfacet
  facet normal -0.946006 -0.324148 0
    outer loop
      vertex 31.9676 3.94259 -8
      vertex 31.9318 4.04707 -2
      vertex 31.9318 4.04707 -8
    endloop
  endfacet
  facet normal -0.946006 -0.324148 0
    outer loop
      vertex 31.9318 4.04707 -2
      vertex 31.9676 3.94259 -8
      vertex 31.9676 3.94259 -2
    endloop
  endfacet
  facet normal -0.888001 -0.459842 0
    outer loop
      vertex 31.8451 4.25013 -8
      vertex 31.7943 4.34823 -2
      vertex 31.7943 4.34823 -8
    endloop
  endfacet
  facet normal -0.888001 -0.459842 0
    outer loop
      vertex 31.7943 4.34823 -2
      vertex 31.8451 4.25013 -8
      vertex 31.8451 4.25013 -2
    endloop
  endfacet
  facet normal 0.897984 -0.440028 0
    outer loop
      vertex 27.7773 4.20576 -2
      vertex 27.8259 4.30494 -8
      vertex 27.8259 4.30494 -2
    endloop
  endfacet
  facet normal 0.897984 -0.440028 0
    outer loop
      vertex 27.8259 4.30494 -8
      vertex 27.7773 4.20576 -2
      vertex 27.7773 4.20576 -8
    endloop
  endfacet
  facet normal 0.850481 -0.526005 0
    outer loop
      vertex 27.8793 4.40162 -2
      vertex 27.9374 4.49556 -8
      vertex 27.9374 4.49556 -2
    endloop
  endfacet
  facet normal 0.850481 -0.526005 0
    outer loop
      vertex 27.9374 4.49556 -8
      vertex 27.8793 4.40162 -2
      vertex 27.8793 4.40162 -8
    endloop
  endfacet
  facet normal 0.502328 -0.864677 0
    outer loop
      vertex 28.644 5.18316 -8
      vertex 28.7395 5.23864 -2
      vertex 28.644 5.18316 -2
    endloop
  endfacet
  facet normal 0.502328 -0.864677 0
    outer loop
      vertex 28.7395 5.23864 -2
      vertex 28.644 5.18316 -8
      vertex 28.7395 5.23864 -8
    endloop
  endfacet
  facet normal -0.864576 -0.502502 0
    outer loop
      vertex 31.7943 4.34823 -8
      vertex 31.7388 4.44372 -2
      vertex 31.7388 4.44372 -8
    endloop
  endfacet
  facet normal -0.864576 -0.502502 0
    outer loop
      vertex 31.7388 4.44372 -2
      vertex 31.7943 4.34823 -8
      vertex 31.7943 4.34823 -2
    endloop
  endfacet
  facet normal -0.823796 0.566886 0
    outer loop
      vertex 31.6434 1.94548 -8
      vertex 31.706 2.03645 -2
      vertex 31.706 2.03645 -8
    endloop
  endfacet
  facet normal -0.823796 0.566886 0
    outer loop
      vertex 31.706 2.03645 -2
      vertex 31.6434 1.94548 -8
      vertex 31.6434 1.94548 -2
    endloop
  endfacet
  facet normal 0.96661 -0.256253 0
    outer loop
      vertex 27.6333 3.78887 -2
      vertex 27.6616 3.89562 -8
      vertex 27.6616 3.89562 -2
    endloop
  endfacet
  facet normal 0.96661 -0.256253 0
    outer loop
      vertex 27.6616 3.89562 -8
      vertex 27.6333 3.78887 -2
      vertex 27.6333 3.78887 -8
    endloop
  endfacet
  facet normal -0.87535 0.483489 0
    outer loop
      vertex 31.7641 2.13039 -8
      vertex 31.8175 2.22707 -2
      vertex 31.8175 2.22707 -8
    endloop
  endfacet
  facet normal -0.87535 0.483489 0
    outer loop
      vertex 31.8175 2.22707 -2
      vertex 31.7641 2.13039 -8
      vertex 31.7641 2.13039 -2
    endloop
  endfacet
  facet normal 0.987073 -0.160271 0
    outer loop
      vertex 27.5926 3.57185 -2
      vertex 27.6103 3.68086 -8
      vertex 27.6103 3.68086 -2
    endloop
  endfacet
  facet normal 0.987073 -0.160271 0
    outer loop
      vertex 27.6103 3.68086 -8
      vertex 27.5926 3.57185 -2
      vertex 27.5926 3.57185 -8
    endloop
  endfacet
  facet normal -0.999895 0.0144873 0
    outer loop
      vertex 32.07 3.18012 -8
      vertex 32.0716 3.29055 -2
      vertex 32.0716 3.29055 -8
    endloop
  endfacet
  facet normal -0.999895 0.0144873 0
    outer loop
      vertex 32.0716 3.29055 -2
      vertex 32.07 3.18012 -8
      vertex 32.07 3.18012 -2
    endloop
  endfacet
  facet normal -0.996448 -0.0842145 0
    outer loop
      vertex 32.0676 3.40092 -8
      vertex 32.0583 3.51096 -2
      vertex 32.0583 3.51096 -8
    endloop
  endfacet
  facet normal -0.996448 -0.0842145 0
    outer loop
      vertex 32.0583 3.51096 -2
      vertex 32.0676 3.40092 -8
      vertex 32.0676 3.40092 -2
    endloop
  endfacet
  facet normal 0.440096 0.897951 -0
    outer loop
      vertex 28.8819 1.22166 -8
      vertex 28.7828 1.27023 -2
      vertex 28.8819 1.22166 -2
    endloop
  endfacet
  facet normal 0.440096 0.897951 0
    outer loop
      vertex 28.7828 1.27023 -2
      vertex 28.8819 1.22166 -8
      vertex 28.7828 1.27023 -8
    endloop
  endfacet
  facet normal -0.256281 -0.966602 0
    outer loop
      vertex 30.3446 5.45441 -8
      vertex 30.4513 5.42612 -2
      vertex 30.3446 5.45441 -2
    endloop
  endfacet
  facet normal -0.256281 -0.966602 -0
    outer loop
      vertex 30.4513 5.42612 -2
      vertex 30.3446 5.45441 -8
      vertex 30.4513 5.42612 -8
    endloop
  endfacet
  facet normal 0.0354265 -0.999372 0
    outer loop
      vertex 29.6868 5.51196 -8
      vertex 29.7971 5.51587 -2
      vertex 29.6868 5.51196 -2
    endloop
  endfacet
  facet normal 0.0354265 -0.999372 0
    outer loop
      vertex 29.7971 5.51587 -2
      vertex 29.6868 5.51196 -8
      vertex 29.7971 5.51587 -8
    endloop
  endfacet
  facet normal -0.960838 -0.277112 0
    outer loop
      vertex 31.9982 3.83649 -8
      vertex 31.9676 3.94259 -2
      vertex 31.9676 3.94259 -8
    endloop
  endfacet
  facet normal -0.960838 -0.277112 0
    outer loop
      vertex 31.9676 3.94259 -2
      vertex 31.9982 3.83649 -8
      vertex 31.9982 3.83649 -2
    endloop
  endfacet
  facet normal -0.794974 0.606643 0
    outer loop
      vertex 31.5764 1.85768 -8
      vertex 31.6434 1.94548 -2
      vertex 31.6434 1.94548 -8
    endloop
  endfacet
  facet normal -0.794974 0.606643 0
    outer loop
      vertex 31.6434 1.94548 -2
      vertex 31.5764 1.85768 -8
      vertex 31.5764 1.85768 -2
    endloop
  endfacet
  facet normal -0.909901 -0.414826 0
    outer loop
      vertex 31.8909 4.14967 -8
      vertex 31.8451 4.25013 -2
      vertex 31.8451 4.25013 -8
    endloop
  endfacet
  facet normal -0.909901 -0.414826 0
    outer loop
      vertex 31.8451 4.25013 -2
      vertex 31.8909 4.14967 -8
      vertex 31.8909 4.14967 -2
    endloop
  endfacet
  facet normal 0.997989 -0.0633817 0
    outer loop
      vertex 27.5733 3.35189 -2
      vertex 27.5803 3.46211 -8
      vertex 27.5803 3.46211 -2
    endloop
  endfacet
  facet normal 0.997989 -0.0633817 0
    outer loop
      vertex 27.5803 3.46211 -8
      vertex 27.5733 3.35189 -2
      vertex 27.5733 3.35189 -8
    endloop
  endfacet
  facet normal 0.999376 0.0353168 0
    outer loop
      vertex 27.5757 3.1311 -2
      vertex 27.5718 3.24146 -8
      vertex 27.5718 3.24146 -2
    endloop
  endfacet
  facet normal 0.999376 0.0353168 0
    outer loop
      vertex 27.5718 3.24146 -8
      vertex 27.5757 3.1311 -2
      vertex 27.5757 3.1311 -8
    endloop
  endfacet
  facet normal -0.781557 -0.623833 0
    outer loop
      vertex 31.6142 4.62596 -8
      vertex 31.5453 4.71228 -2
      vertex 31.5453 4.71228 -8
    endloop
  endfacet
  facet normal -0.781557 -0.623833 0
    outer loop
      vertex 31.5453 4.71228 -2
      vertex 31.6142 4.62596 -8
      vertex 31.6142 4.62596 -2
    endloop
  endfacet
  facet normal -0.811555 -0.584276 0
    outer loop
      vertex 31.6787 4.53637 -8
      vertex 31.6142 4.62596 -2
      vertex 31.6142 4.62596 -8
    endloop
  endfacet
  facet normal -0.811555 -0.584276 0
    outer loop
      vertex 31.6142 4.62596 -2
      vertex 31.6787 4.53637 -8
      vertex 31.6787 4.53637 -2
    endloop
  endfacet
  facet normal -0.731609 0.681724 0
    outer loop
      vertex 31.4299 1.69246 -8
      vertex 31.5052 1.77327 -2
      vertex 31.5052 1.77327 -8
    endloop
  endfacet
  facet normal -0.731609 0.681724 0
    outer loop
      vertex 31.5052 1.77327 -2
      vertex 31.4299 1.69246 -8
      vertex 31.4299 1.69246 -2
    endloop
  endfacet
  facet normal -0.439738 -0.898126 0
    outer loop
      vertex 30.7614 5.31035 -8
      vertex 30.8606 5.26178 -2
      vertex 30.7614 5.31035 -2
    endloop
  endfacet
  facet normal -0.439738 -0.898126 -0
    outer loop
      vertex 30.8606 5.26178 -2
      vertex 30.7614 5.31035 -8
      vertex 30.8606 5.26178 -8
    endloop
  endfacet
  facet normal -0.928913 -0.370298 0
    outer loop
      vertex 31.9318 4.04707 -8
      vertex 31.8909 4.14967 -2
      vertex 31.8909 4.14967 -8
    endloop
  endfacet
  facet normal -0.928913 -0.370298 0
    outer loop
      vertex 31.8909 4.14967 -2
      vertex 31.9318 4.04707 -8
      vertex 31.9318 4.04707 -2
    endloop
  endfacet
  facet normal 0.83895 0.544208 0
    outer loop
      vertex 27.9646 1.99564 -2
      vertex 27.9045 2.08829 -8
      vertex 27.9045 2.08829 -2
    endloop
  endfacet
  facet normal 0.83895 0.544208 0
    outer loop
      vertex 27.9045 2.08829 -8
      vertex 27.9646 1.99564 -2
      vertex 27.9646 1.99564 -8
    endloop
  endfacet
  facet normal -0.898341 0.439298 0
    outer loop
      vertex 31.8175 2.22707 -8
      vertex 31.866 2.32625 -2
      vertex 31.866 2.32625 -8
    endloop
  endfacet
  facet normal -0.898341 0.439298 0
    outer loop
      vertex 31.866 2.32625 -2
      vertex 31.8175 2.22707 -8
      vertex 31.8175 2.22707 -2
    endloop
  endfacet
  facet normal -0.160198 -0.987085 0
    outer loop
      vertex 30.1275 5.49512 -8
      vertex 30.2365 5.47743 -2
      vertex 30.1275 5.49512 -2
    endloop
  endfacet
  facet normal -0.160198 -0.987085 -0
    outer loop
      vertex 30.2365 5.47743 -2
      vertex 30.1275 5.49512 -8
      vertex 30.2365 5.47743 -8
    endloop
  endfacet
  facet normal 0.349892 0.93679 -0
    outer loop
      vertex 29.0868 1.13939 -8
      vertex 28.9834 1.17801 -2
      vertex 29.0868 1.13939 -2
    endloop
  endfacet
  facet normal 0.349892 0.93679 0
    outer loop
      vertex 28.9834 1.17801 -2
      vertex 29.0868 1.13939 -8
      vertex 28.9834 1.17801 -8
    endloop
  endfacet
  facet normal 0.22969 -0.973264 0
    outer loop
      vertex 29.2512 5.44248 -8
      vertex 29.3587 5.46785 -2
      vertex 29.2512 5.44248 -2
    endloop
  endfacet
  facet normal 0.22969 -0.973264 0
    outer loop
      vertex 29.3587 5.46785 -2
      vertex 29.2512 5.44248 -8
      vertex 29.3587 5.46785 -8
    endloop
  endfacet
  facet normal 0.946006 0.324148 0
    outer loop
      vertex 27.7116 2.48494 -2
      vertex 27.6758 2.58942 -8
      vertex 27.6758 2.58942 -2
    endloop
  endfacet
  facet normal 0.946006 0.324148 0
    outer loop
      vertex 27.6758 2.58942 -8
      vertex 27.7116 2.48494 -2
      vertex 27.7116 2.48494 -8
    endloop
  endfacet
  facet normal 0.999908 -0.013582 0
    outer loop
      vertex 27.5718 3.24146 -2
      vertex 27.5733 3.35189 -8
      vertex 27.5733 3.35189 -2
    endloop
  endfacet
  facet normal 0.999908 -0.013582 0
    outer loop
      vertex 27.5733 3.35189 -8
      vertex 27.5718 3.24146 -2
      vertex 27.5718 3.24146 -8
    endloop
  endfacet
  facet normal 0.763939 -0.645289 0
    outer loop
      vertex 28.0669 4.67433 -2
      vertex 28.1382 4.75874 -8
      vertex 28.1382 4.75874 -2
    endloop
  endfacet
  facet normal 0.763939 -0.645289 0
    outer loop
      vertex 28.1382 4.75874 -8
      vertex 28.0669 4.67433 -2
      vertex 28.0669 4.67433 -8
    endloop
  endfacet
  facet normal 0.543938 -0.839125 0
    outer loop
      vertex 28.5513 5.12307 -8
      vertex 28.644 5.18316 -2
      vertex 28.5513 5.12307 -2
    endloop
  endfacet
  facet normal 0.543938 -0.839125 0
    outer loop
      vertex 28.644 5.18316 -2
      vertex 28.5513 5.12307 -8
      vertex 28.644 5.18316 -8
    endloop
  endfacet
  facet normal 0.781557 0.623833 0
    outer loop
      vertex 28.0981 1.81973 -2
      vertex 28.0292 1.90605 -8
      vertex 28.0292 1.90605 -2
    endloop
  endfacet
  facet normal 0.781557 0.623833 0
    outer loop
      vertex 28.0292 1.90605 -8
      vertex 28.0981 1.81973 -2
      vertex 28.0981 1.81973 -8
    endloop
  endfacet
  facet normal -0.978071 0.208274 0
    outer loop
      vertex 32.0101 2.74314 -8
      vertex 32.0331 2.85115 -2
      vertex 32.0331 2.85115 -8
    endloop
  endfacet
  facet normal -0.978071 0.208274 0
    outer loop
      vertex 32.0331 2.85115 -2
      vertex 32.0101 2.74314 -8
      vertex 32.0101 2.74314 -2
    endloop
  endfacet
  facet normal -0.850481 0.526005 0
    outer loop
      vertex 31.706 2.03645 -8
      vertex 31.7641 2.13039 -2
      vertex 31.7641 2.13039 -8
    endloop
  endfacet
  facet normal -0.850481 0.526005 0
    outer loop
      vertex 31.7641 2.13039 -2
      vertex 31.706 2.03645 -8
      vertex 31.706 2.03645 -2
    endloop
  endfacet
  facet normal 0.732061 -0.681239 0
    outer loop
      vertex 28.1382 4.75874 -2
      vertex 28.2134 4.83955 -8
      vertex 28.2134 4.83955 -2
    endloop
  endfacet
  facet normal 0.732061 -0.681239 0
    outer loop
      vertex 28.2134 4.83955 -8
      vertex 28.1382 4.75874 -2
      vertex 28.1382 4.75874 -8
    endloop
  endfacet
  facet normal -0.544002 0.839084 0
    outer loop
      vertex 31.0921 1.40895 -8
      vertex 30.9994 1.34885 -2
      vertex 31.0921 1.40895 -2
    endloop
  endfacet
  facet normal -0.544002 0.839084 0
    outer loop
      vertex 30.9994 1.34885 -2
      vertex 31.0921 1.40895 -8
      vertex 30.9994 1.34885 -8
    endloop
  endfacet
  facet normal 0.983459 0.181132 0
    outer loop
      vertex 27.6198 2.80301 -2
      vertex 27.5998 2.9116 -8
      vertex 27.5998 2.9116 -2
    endloop
  endfacet
  facet normal 0.983459 0.181132 0
    outer loop
      vertex 27.5998 2.9116 -8
      vertex 27.6198 2.80301 -2
      vertex 27.6198 2.80301 -8
    endloop
  endfacet
  facet normal 0.644858 0.764303 -0
    outer loop
      vertex 28.4134 1.51127 -8
      vertex 28.329 1.58248 -2
      vertex 28.4134 1.51127 -2
    endloop
  endfacet
  facet normal 0.644858 0.764303 0
    outer loop
      vertex 28.329 1.58248 -2
      vertex 28.4134 1.51127 -8
      vertex 28.329 1.58248 -8
    endloop
  endfacet
  facet normal -0.0135734 -0.999908 0
    outer loop
      vertex 29.7971 5.51587 -8
      vertex 29.9076 5.51437 -2
      vertex 29.7971 5.51587 -2
    endloop
  endfacet
  facet normal -0.0135734 -0.999908 -0
    outer loop
      vertex 29.9076 5.51437 -2
      vertex 29.7971 5.51587 -8
      vertex 29.9076 5.51437 -8
    endloop
  endfacet
  facet normal -0.0845147 0.996422 0
    outer loop
      vertex 30.0666 1.02938 -8
      vertex 29.9566 1.02005 -2
      vertex 30.0666 1.02938 -2
    endloop
  endfacet
  facet normal -0.0845147 0.996422 0
    outer loop
      vertex 29.9566 1.02005 -2
      vertex 30.0666 1.02938 -8
      vertex 29.9566 1.02005 -8
    endloop
  endfacet
  facet normal 0.681221 0.732078 -0
    outer loop
      vertex 28.329 1.58248 -8
      vertex 28.2481 1.65776 -2
      vertex 28.329 1.58248 -2
    endloop
  endfacet
  facet normal 0.681221 0.732078 0
    outer loop
      vertex 28.2481 1.65776 -2
      vertex 28.329 1.58248 -8
      vertex 28.2481 1.65776 -8
    endloop
  endfacet
  facet normal 0.750221 0.661187 0
    outer loop
      vertex 28.1711 1.7369 -2
      vertex 28.0981 1.81973 -8
      vertex 28.0981 1.81973 -2
    endloop
  endfacet
  facet normal 0.750221 0.661187 0
    outer loop
      vertex 28.0981 1.81973 -8
      vertex 28.1711 1.7369 -2
      vertex 28.1711 1.7369 -8
    endloop
  endfacet
  facet normal 0.973193 0.229988 0
    outer loop
      vertex 27.6452 2.69553 -2
      vertex 27.6198 2.80301 -8
      vertex 27.6198 2.80301 -2
    endloop
  endfacet
  facet normal 0.973193 0.229988 0
    outer loop
      vertex 27.6198 2.80301 -8
      vertex 27.6452 2.69553 -2
      vertex 27.6452 2.69553 -8
    endloop
  endfacet
  facet normal 0.697125 -0.71695 0
    outer loop
      vertex 28.2134 4.83955 -8
      vertex 28.2926 4.91656 -2
      vertex 28.2134 4.83955 -2
    endloop
  endfacet
  facet normal 0.697125 -0.71695 0
    outer loop
      vertex 28.2926 4.91656 -2
      vertex 28.2134 4.83955 -8
      vertex 28.2926 4.91656 -8
    endloop
  endfacet
  facet normal 0.716731 0.69735 0
    outer loop
      vertex 28.2481 1.65776 -2
      vertex 28.1711 1.7369 -8
      vertex 28.1711 1.7369 -2
    endloop
  endfacet
  facet normal 0.716731 0.69735 0
    outer loop
      vertex 28.1711 1.7369 -8
      vertex 28.2481 1.65776 -2
      vertex 28.2481 1.65776 -8
    endloop
  endfacet
  facet normal -0.993778 0.111376 0
    outer loop
      vertex 32.0508 2.96016 -8
      vertex 32.0631 3.06991 -2
      vertex 32.0631 3.06991 -8
    endloop
  endfacet
  facet normal -0.993778 0.111376 0
    outer loop
      vertex 32.0631 3.06991 -2
      vertex 32.0508 2.96016 -8
      vertex 32.0508 2.96016 -2
    endloop
  endfacet
  facet normal -0.623425 0.781883 0
    outer loop
      vertex 31.268 1.54241 -8
      vertex 31.1816 1.47352 -2
      vertex 31.268 1.54241 -2
    endloop
  endfacet
  facet normal -0.623425 0.781883 0
    outer loop
      vertex 31.1816 1.47352 -2
      vertex 31.268 1.54241 -8
      vertex 31.1816 1.47352 -8
    endloop
  endfacet
  facet normal -0.58508 0.810975 0
    outer loop
      vertex 31.1816 1.47352 -8
      vertex 31.0921 1.40895 -2
      vertex 31.1816 1.47352 -2
    endloop
  endfacet
  facet normal -0.58508 0.810975 0
    outer loop
      vertex 31.0921 1.40895 -2
      vertex 31.1816 1.47352 -8
      vertex 31.0921 1.40895 -8
    endloop
  endfacet
  facet normal 0.483274 0.875469 -0
    outer loop
      vertex 28.7828 1.27023 -8
      vertex 28.6861 1.32361 -2
      vertex 28.7828 1.27023 -2
    endloop
  endfacet
  facet normal 0.483274 0.875469 0
    outer loop
      vertex 28.6861 1.32361 -2
      vertex 28.7828 1.27023 -8
      vertex 28.6861 1.32361 -8
    endloop
  endfacet
  facet normal -0.936927 0.349525 0
    outer loop
      vertex 31.9097 2.42769 -8
      vertex 31.9483 2.53116 -2
      vertex 31.9483 2.53116 -8
    endloop
  endfacet
  facet normal -0.936927 0.349525 0
    outer loop
      vertex 31.9483 2.53116 -2
      vertex 31.9097 2.42769 -8
      vertex 31.9097 2.42769 -2
    endloop
  endfacet
  facet normal -0.681624 -0.731702 0
    outer loop
      vertex 31.3144 4.94953 -8
      vertex 31.3952 4.87426 -2
      vertex 31.3144 4.94953 -2
    endloop
  endfacet
  facet normal -0.681624 -0.731702 -0
    outer loop
      vertex 31.3952 4.87426 -2
      vertex 31.3144 4.94953 -8
      vertex 31.3952 4.87426 -8
    endloop
  endfacet
  facet normal -0.697578 0.716509 0
    outer loop
      vertex 31.4299 1.69246 -8
      vertex 31.3508 1.61545 -2
      vertex 31.4299 1.69246 -2
    endloop
  endfacet
  facet normal -0.697578 0.716509 0
    outer loop
      vertex 31.3508 1.61545 -2
      vertex 31.4299 1.69246 -8
      vertex 31.3508 1.61545 -8
    endloop
  endfacet
  facet normal 0.111504 0.993764 -0
    outer loop
      vertex 29.6256 1.02457 -8
      vertex 29.5158 1.03689 -2
      vertex 29.6256 1.02457 -2
    endloop
  endfacet
  facet normal 0.111504 0.993764 0
    outer loop
      vertex 29.5158 1.03689 -2
      vertex 29.6256 1.02457 -8
      vertex 29.5158 1.03689 -8
    endloop
  endfacet
  facet normal 0.0844385 -0.996429 0
    outer loop
      vertex 29.5767 5.50263 -8
      vertex 29.6868 5.51196 -2
      vertex 29.5767 5.50263 -2
    endloop
  endfacet
  facet normal 0.0844385 -0.996429 0
    outer loop
      vertex 29.6868 5.51196 -2
      vertex 29.5767 5.50263 -8
      vertex 29.6868 5.51196 -8
    endloop
  endfacet
  facet normal 0.661577 -0.749877 0
    outer loop
      vertex 28.2926 4.91656 -8
      vertex 28.3754 4.98961 -2
      vertex 28.2926 4.91656 -2
    endloop
  endfacet
  facet normal 0.661577 -0.749877 0
    outer loop
      vertex 28.3754 4.98961 -2
      vertex 28.2926 4.91656 -8
      vertex 28.3754 4.98961 -8
    endloop
  endfacet
  facet normal 0.623811 -0.781575 0
    outer loop
      vertex 28.3754 4.98961 -8
      vertex 28.4617 5.05849 -2
      vertex 28.3754 4.98961 -2
    endloop
  endfacet
  facet normal 0.623811 -0.781575 0
    outer loop
      vertex 28.4617 5.05849 -2
      vertex 28.3754 4.98961 -8
      vertex 28.4617 5.05849 -8
    endloop
  endfacet
  facet normal -0.764385 0.64476 0
    outer loop
      vertex 31.5052 1.77327 -8
      vertex 31.5764 1.85768 -2
      vertex 31.5764 1.85768 -8
    endloop
  endfacet
  facet normal -0.764385 0.64476 0
    outer loop
      vertex 31.5764 1.85768 -2
      vertex 31.5052 1.77327 -8
      vertex 31.5052 1.77327 -2
    endloop
  endfacet
  facet normal -0.716775 -0.697305 0
    outer loop
      vertex 31.4722 4.79511 -8
      vertex 31.3952 4.87426 -2
      vertex 31.3952 4.87426 -8
    endloop
  endfacet
  facet normal -0.716775 -0.697305 0
    outer loop
      vertex 31.3952 4.87426 -2
      vertex 31.4722 4.79511 -8
      vertex 31.4722 4.79511 -2
    endloop
  endfacet
  facet normal -0.952879 0.303349 0
    outer loop
      vertex 31.9483 2.53116 -8
      vertex 31.9818 2.63639 -2
      vertex 31.9818 2.63639 -8
    endloop
  endfacet
  facet normal -0.952879 0.303349 0
    outer loop
      vertex 31.9818 2.63639 -2
      vertex 31.9483 2.53116 -8
      vertex 31.9483 2.53116 -2
    endloop
  endfacet
  facet normal -0.96661 0.256253 0
    outer loop
      vertex 31.9818 2.63639 -8
      vertex 32.0101 2.74314 -2
      vertex 32.0101 2.74314 -8
    endloop
  endfacet
  facet normal -0.96661 0.256253 0
    outer loop
      vertex 32.0101 2.74314 -2
      vertex 31.9818 2.63639 -8
      vertex 31.9818 2.63639 -2
    endloop
  endfacet
  facet normal 0.918732 -0.394881 0
    outer loop
      vertex 27.7337 4.10432 -2
      vertex 27.7773 4.20576 -8
      vertex 27.7773 4.20576 -2
    endloop
  endfacet
  facet normal 0.918732 -0.394881 0
    outer loop
      vertex 27.7773 4.20576 -8
      vertex 27.7337 4.10432 -2
      vertex 27.7337 4.10432 -8
    endloop
  endfacet
  facet normal 0.415406 -0.909636 0
    outer loop
      vertex 28.8376 5.28937 -8
      vertex 28.938 5.33522 -2
      vertex 28.8376 5.28937 -2
    endloop
  endfacet
  facet normal 0.415406 -0.909636 0
    outer loop
      vertex 28.938 5.33522 -2
      vertex 28.8376 5.28937 -8
      vertex 28.938 5.33522 -8
    endloop
  endfacet
  facet normal 0.0136763 0.999906 -0
    outer loop
      vertex 29.8462 1.01614 -8
      vertex 29.7358 1.01765 -2
      vertex 29.8462 1.01614 -2
    endloop
  endfacet
  facet normal 0.0136763 0.999906 0
    outer loop
      vertex 29.7358 1.01765 -2
      vertex 29.8462 1.01614 -8
      vertex 29.7358 1.01765 -8
    endloop
  endfacet
  facet normal -0.369985 0.929038 0
    outer loop
      vertex 30.7054 1.19679 -8
      vertex 30.6028 1.15593 -2
      vertex 30.7054 1.19679 -2
    endloop
  endfacet
  facet normal -0.369985 0.929038 0
    outer loop
      vertex 30.6028 1.15593 -2
      vertex 30.7054 1.19679 -8
      vertex 30.6028 1.15593 -8
    endloop
  endfacet
  facet normal 0.864969 0.501825 0
    outer loop
      vertex 27.9045 2.08829 -2
      vertex 27.8491 2.18378 -8
      vertex 27.8491 2.18378 -2
    endloop
  endfacet
  facet normal 0.864969 0.501825 0
    outer loop
      vertex 27.8491 2.18378 -8
      vertex 27.9045 2.08829 -2
      vertex 27.9045 2.08829 -8
    endloop
  endfacet
  facet normal 0.606586 0.795018 -0
    outer loop
      vertex 28.5012 1.44428 -8
      vertex 28.4134 1.51127 -2
      vertex 28.5012 1.44428 -2
    endloop
  endfacet
  facet normal 0.606586 0.795018 0
    outer loop
      vertex 28.4134 1.51127 -2
      vertex 28.5012 1.44428 -8
      vertex 28.4134 1.51127 -8
    endloop
  endfacet
  facet normal 0.87535 -0.483489 0
    outer loop
      vertex 27.8259 4.30494 -2
      vertex 27.8793 4.40162 -8
      vertex 27.8793 4.40162 -2
    endloop
  endfacet
  facet normal 0.87535 -0.483489 0
    outer loop
      vertex 27.8793 4.40162 -8
      vertex 27.8259 4.30494 -2
      vertex 27.8259 4.30494 -8
    endloop
  endfacet
  facet normal 0.928913 0.370298 0
    outer loop
      vertex 27.7525 2.38234 -2
      vertex 27.7116 2.48494 -8
      vertex 27.7116 2.48494 -2
    endloop
  endfacet
  facet normal 0.928913 0.370298 0
    outer loop
      vertex 27.7116 2.48494 -8
      vertex 27.7525 2.38234 -2
      vertex 27.7525 2.38234 -8
    endloop
  endfacet
  facet normal 0.952879 -0.303349 0
    outer loop
      vertex 27.6616 3.89562 -2
      vertex 27.6951 4.00085 -8
      vertex 27.6951 4.00085 -2
    endloop
  endfacet
  facet normal 0.952879 -0.303349 0
    outer loop
      vertex 27.6951 4.00085 -8
      vertex 27.6616 3.89562 -2
      vertex 27.6616 3.89562 -8
    endloop
  endfacet
  facet normal -0.0627617 -0.998029 0
    outer loop
      vertex 29.9076 5.51437 -8
      vertex 30.0178 5.50744 -2
      vertex 29.9076 5.51437 -2
    endloop
  endfacet
  facet normal -0.0627617 -0.998029 -0
    outer loop
      vertex 30.0178 5.50744 -2
      vertex 29.9076 5.51437 -8
      vertex 30.0178 5.50744 -8
    endloop
  endfacet
  facet normal 0.993777 -0.111386 0
    outer loop
      vertex 27.5803 3.46211 -2
      vertex 27.5926 3.57185 -8
      vertex 27.5926 3.57185 -2
    endloop
  endfacet
  facet normal 0.993777 -0.111386 0
    outer loop
      vertex 27.5926 3.57185 -8
      vertex 27.5803 3.46211 -2
      vertex 27.5803 3.46211 -8
    endloop
  endfacet
  facet normal -0.0353945 0.999373 0
    outer loop
      vertex 29.9566 1.02005 -8
      vertex 29.8462 1.01614 -2
      vertex 29.9566 1.02005 -2
    endloop
  endfacet
  facet normal -0.0353945 0.999373 0
    outer loop
      vertex 29.8462 1.01614 -2
      vertex 29.9566 1.02005 -8
      vertex 29.8462 1.01614 -8
    endloop
  endfacet
  facet normal 0.349525 0.936927 -0
    outer loop
      vertex -4.00085 27.6951 -8
      vertex -4.10432 27.7337 -2
      vertex -4.00085 27.6951 -2
    endloop
  endfacet
  facet normal 0.349525 0.936927 0
    outer loop
      vertex -4.10432 27.7337 -2
      vertex -4.00085 27.6951 -8
      vertex -4.10432 27.7337 -8
    endloop
  endfacet
  facet normal 0.182008 -0.983297 0
    outer loop
      vertex -3.729 32.0235 -8
      vertex -3.62041 32.0436 -2
      vertex -3.729 32.0235 -2
    endloop
  endfacet
  facet normal 0.182008 -0.983297 0
    outer loop
      vertex -3.62041 32.0436 -2
      vertex -3.729 32.0235 -8
      vertex -3.62041 32.0436 -8
    endloop
  endfacet
  facet normal 0.133113 -0.991101 0
    outer loop
      vertex -3.62041 32.0436 -8
      vertex -3.51096 32.0583 -2
      vertex -3.62041 32.0436 -2
    endloop
  endfacet
  facet normal 0.133113 -0.991101 0
    outer loop
      vertex -3.51096 32.0583 -2
      vertex -3.62041 32.0436 -8
      vertex -3.51096 32.0583 -8
    endloop
  endfacet
  facet normal 0.22911 -0.973401 0
    outer loop
      vertex -3.83649 31.9982 -8
      vertex -3.729 32.0235 -2
      vertex -3.83649 31.9982 -2
    endloop
  endfacet
  facet normal 0.22911 -0.973401 0
    outer loop
      vertex -3.729 32.0235 -2
      vertex -3.83649 31.9982 -8
      vertex -3.729 32.0235 -8
    endloop
  endfacet
  facet normal -0.483489 -0.87535 0
    outer loop
      vertex -2.22707 31.8175 -8
      vertex -2.13039 31.7641 -2
      vertex -2.22707 31.8175 -2
    endloop
  endfacet
  facet normal -0.483489 -0.87535 -0
    outer loop
      vertex -2.13039 31.7641 -2
      vertex -2.22707 31.8175 -8
      vertex -2.13039 31.7641 -8
    endloop
  endfacet
  facet normal -0.97803 0.208465 0
    outer loop
      vertex -1.0776 29.2988 -8
      vertex -1.05458 29.4068 -2
      vertex -1.05458 29.4068 -8
    endloop
  endfacet
  facet normal -0.97803 0.208465 0
    outer loop
      vertex -1.05458 29.4068 -2
      vertex -1.0776 29.2988 -8
      vertex -1.0776 29.2988 -2
    endloop
  endfacet
  facet normal 0.111386 0.993777 -0
    outer loop
      vertex -3.46211 27.5803 -8
      vertex -3.57185 27.5926 -2
      vertex -3.46211 27.5803 -2
    endloop
  endfacet
  facet normal 0.111386 0.993777 0
    outer loop
      vertex -3.57185 27.5926 -2
      vertex -3.46211 27.5803 -8
      vertex -3.57185 27.5926 -8
    endloop
  endfacet
  facet normal -0.459842 0.888001 0
    outer loop
      vertex -2.18378 27.8491 -8
      vertex -2.28188 27.7983 -2
      vertex -2.18378 27.8491 -2
    endloop
  endfacet
  facet normal -0.459842 0.888001 0
    outer loop
      vertex -2.28188 27.7983 -2
      vertex -2.18378 27.8491 -8
      vertex -2.28188 27.7983 -8
    endloop
  endfacet
  facet normal 0.208274 0.978071 -0
    outer loop
      vertex -3.68086 27.6103 -8
      vertex -3.78887 27.6333 -2
      vertex -3.68086 27.6103 -2
    endloop
  endfacet
  facet normal 0.208274 0.978071 0
    outer loop
      vertex -3.78887 27.6333 -2
      vertex -3.68086 27.6103 -8
      vertex -3.78887 27.6333 -8
    endloop
  endfacet
  facet normal -0.952938 0.303166 0
    outer loop
      vertex -1.13939 29.0868 -8
      vertex -1.10589 29.1921 -2
      vertex -1.10589 29.1921 -8
    endloop
  endfacet
  facet normal -0.952938 0.303166 0
    outer loop
      vertex -1.10589 29.1921 -2
      vertex -1.13939 29.0868 -8
      vertex -1.13939 29.0868 -2
    endloop
  endfacet
  facet normal -0.983349 -0.181729 0
    outer loop
      vertex -1.04409 30.1761 -8
      vertex -1.06416 30.2847 -2
      vertex -1.06416 30.2847 -8
    endloop
  endfacet
  facet normal -0.983349 -0.181729 0
    outer loop
      vertex -1.06416 30.2847 -2
      vertex -1.04409 30.1761 -8
      vertex -1.04409 30.1761 -2
    endloop
  endfacet
  facet normal 0.993753 -0.111605 0
    outer loop
      vertex -5.50744 30.0178 -2
      vertex -5.49512 30.1275 -8
      vertex -5.49512 30.1275 -2
    endloop
  endfacet
  facet normal 0.993753 -0.111605 0
    outer loop
      vertex -5.49512 30.1275 -8
      vertex -5.50744 30.0178 -2
      vertex -5.50744 30.0178 -8
    endloop
  endfacet
  facet normal -0.395645 -0.918404 0
    outer loop
      vertex -2.42769 31.9097 -8
      vertex -2.32625 31.866 -2
      vertex -2.42769 31.9097 -2
    endloop
  endfacet
  facet normal -0.395645 -0.918404 -0
    outer loop
      vertex -2.32625 31.866 -2
      vertex -2.42769 31.9097 -8
      vertex -2.32625 31.866 -8
    endloop
  endfacet
  facet normal -0.349525 -0.936927 0
    outer loop
      vertex -2.53116 31.9483 -8
      vertex -2.42769 31.9097 -2
      vertex -2.53116 31.9483 -2
    endloop
  endfacet
  facet normal -0.349525 -0.936927 -0
    outer loop
      vertex -2.42769 31.9097 -2
      vertex -2.53116 31.9483 -8
      vertex -2.42769 31.9097 -8
    endloop
  endfacet
  facet normal 0.795018 -0.606586 0
    outer loop
      vertex -5.08774 31.1422 -2
      vertex -5.02075 31.23 -8
      vertex -5.02075 31.23 -2
    endloop
  endfacet
  facet normal 0.795018 -0.606586 0
    outer loop
      vertex -5.02075 31.23 -8
      vertex -5.08774 31.1422 -2
      vertex -5.08774 31.1422 -8
    endloop
  endfacet
  facet normal 0.983349 0.181729 0
    outer loop
      vertex -5.46785 29.3587 -2
      vertex -5.48792 29.4673 -8
      vertex -5.48792 29.4673 -2
    endloop
  endfacet
  facet normal 0.983349 0.181729 0
    outer loop
      vertex -5.48792 29.4673 -8
      vertex -5.46785 29.3587 -2
      vertex -5.46785 29.3587 -8
    endloop
  endfacet
  facet normal -0.584872 0.811125 0
    outer loop
      vertex -1.90605 28.0292 -8
      vertex -1.99564 27.9646 -2
      vertex -1.90605 28.0292 -2
    endloop
  endfacet
  facet normal -0.584872 0.811125 0
    outer loop
      vertex -1.99564 27.9646 -2
      vertex -1.90605 28.0292 -8
      vertex -1.99564 27.9646 -8
    endloop
  endfacet
  facet normal 0.036218 -0.999344 0
    outer loop
      vertex -3.40092 32.0676 -8
      vertex -3.29055 32.0716 -2
      vertex -3.40092 32.0676 -2
    endloop
  endfacet
  facet normal 0.036218 -0.999344 0
    outer loop
      vertex -3.29055 32.0716 -2
      vertex -3.40092 32.0676 -8
      vertex -3.29055 32.0716 -8
    endloop
  endfacet
  facet normal -0.749922 -0.661526 0
    outer loop
      vertex -1.54241 31.268 -8
      vertex -1.61545 31.3508 -2
      vertex -1.61545 31.3508 -8
    endloop
  endfacet
  facet normal -0.749922 -0.661526 0
    outer loop
      vertex -1.61545 31.3508 -2
      vertex -1.54241 31.268 -8
      vertex -1.54241 31.268 -2
    endloop
  endfacet
  facet normal 0.952854 -0.303428 0
    outer loop
      vertex -5.42612 30.4513 -2
      vertex -5.39262 30.5565 -8
      vertex -5.39262 30.5565 -2
    endloop
  endfacet
  facet normal 0.952854 -0.303428 0
    outer loop
      vertex -5.39262 30.5565 -8
      vertex -5.42612 30.4513 -2
      vertex -5.42612 30.4513 -8
    endloop
  endfacet
  facet normal 0.991081 0.133261 0
    outer loop
      vertex -5.48792 29.4673 -2
      vertex -5.50263 29.5767 -8
      vertex -5.50263 29.5767 -2
    endloop
  endfacet
  facet normal 0.991081 0.133261 0
    outer loop
      vertex -5.50263 29.5767 -8
      vertex -5.48792 29.4673 -2
      vertex -5.48792 29.4673 -8
    endloop
  endfacet
  facet normal 0.88826 0.459342 0
    outer loop
      vertex -5.23864 28.7395 -2
      vertex -5.28937 28.8376 -8
      vertex -5.28937 28.8376 -2
    endloop
  endfacet
  facet normal 0.88826 0.459342 0
    outer loop
      vertex -5.28937 28.8376 -8
      vertex -5.23864 28.7395 -2
      vertex -5.23864 28.7395 -8
    endloop
  endfacet
  facet normal 0.256253 0.96661 -0
    outer loop
      vertex -3.78887 27.6333 -8
      vertex -3.89562 27.6616 -2
      vertex -3.78887 27.6333 -2
    endloop
  endfacet
  facet normal 0.256253 0.96661 0
    outer loop
      vertex -3.89562 27.6616 -2
      vertex -3.78887 27.6333 -8
      vertex -3.89562 27.6616 -8
    endloop
  endfacet
  facet normal 0.764258 -0.644911 0
    outer loop
      vertex -5.02075 31.23 -2
      vertex -4.94953 31.3144 -8
      vertex -4.94953 31.3144 -2
    endloop
  endfacet
  facet normal 0.764258 -0.644911 0
    outer loop
      vertex -4.94953 31.3144 -8
      vertex -5.02075 31.23 -2
      vertex -5.02075 31.23 -8
    endloop
  endfacet
  facet normal 0.544208 -0.83895 0
    outer loop
      vertex -4.53637 31.6787 -8
      vertex -4.44372 31.7388 -2
      vertex -4.53637 31.6787 -2
    endloop
  endfacet
  facet normal 0.544208 -0.83895 0
    outer loop
      vertex -4.44372 31.7388 -2
      vertex -4.53637 31.6787 -8
      vertex -4.44372 31.7388 -8
    endloop
  endfacet
  facet normal -0.946053 -0.324012 0
    outer loop
      vertex -1.12014 30.4983 -8
      vertex -1.15593 30.6028 -2
      vertex -1.15593 30.6028 -8
    endloop
  endfacet
  facet normal -0.946053 -0.324012 0
    outer loop
      vertex -1.15593 30.6028 -2
      vertex -1.12014 30.4983 -8
      vertex -1.12014 30.4983 -2
    endloop
  endfacet
  facet normal -0.960813 -0.277196 0
    outer loop
      vertex -1.08953 30.3922 -8
      vertex -1.12014 30.4983 -2
      vertex -1.12014 30.4983 -8
    endloop
  endfacet
  facet normal -0.960813 -0.277196 0
    outer loop
      vertex -1.12014 30.4983 -2
      vertex -1.08953 30.3922 -8
      vertex -1.08953 30.3922 -2
    endloop
  endfacet
  facet normal -0.966602 0.256281 0
    outer loop
      vertex -1.10589 29.1921 -8
      vertex -1.0776 29.2988 -2
      vertex -1.0776 29.2988 -8
    endloop
  endfacet
  facet normal -0.966602 0.256281 0
    outer loop
      vertex -1.0776 29.2988 -2
      vertex -1.10589 29.1921 -8
      vertex -1.10589 29.1921 -2
    endloop
  endfacet
  facet normal -0.256253 -0.96661 0
    outer loop
      vertex -2.74314 32.0101 -8
      vertex -2.63639 31.9818 -2
      vertex -2.74314 32.0101 -2
    endloop
  endfacet
  facet normal -0.256253 -0.96661 -0
    outer loop
      vertex -2.63639 31.9818 -2
      vertex -2.74314 32.0101 -8
      vertex -2.63639 31.9818 -8
    endloop
  endfacet
  facet normal 0.936901 -0.349595 0
    outer loop
      vertex -5.39262 30.5565 -2
      vertex -5.354 30.66 -8
      vertex -5.354 30.66 -2
    endloop
  endfacet
  facet normal 0.936901 -0.349595 0
    outer loop
      vertex -5.354 30.66 -8
      vertex -5.39262 30.5565 -2
      vertex -5.39262 30.5565 -8
    endloop
  endfacet
  facet normal 0.661696 -0.749772 0
    outer loop
      vertex -4.79511 31.4722 -8
      vertex -4.71228 31.5453 -2
      vertex -4.79511 31.4722 -2
    endloop
  endfacet
  facet normal 0.661696 -0.749772 0
    outer loop
      vertex -4.71228 31.5453 -2
      vertex -4.79511 31.4722 -8
      vertex -4.71228 31.5453 -8
    endloop
  endfacet
  facet normal -0.277088 0.960844 0
    outer loop
      vertex -2.58942 27.6758 -8
      vertex -2.69553 27.6452 -2
      vertex -2.58942 27.6758 -2
    endloop
  endfacet
  facet normal -0.277088 0.960844 0
    outer loop
      vertex -2.69553 27.6452 -2
      vertex -2.58942 27.6758 -8
      vertex -2.69553 27.6452 -8
    endloop
  endfacet
  facet normal -0.918653 0.395066 0
    outer loop
      vertex -1.22166 28.8819 -8
      vertex -1.17801 28.9834 -2
      vertex -1.17801 28.9834 -8
    endloop
  endfacet
  facet normal -0.918653 0.395066 0
    outer loop
      vertex -1.17801 28.9834 -2
      vertex -1.22166 28.8819 -8
      vertex -1.22166 28.8819 -2
    endloop
  endfacet
  facet normal 0.526005 0.850481 -0
    outer loop
      vertex -4.40162 27.8793 -8
      vertex -4.49556 27.9374 -2
      vertex -4.40162 27.8793 -2
    endloop
  endfacet
  facet normal 0.526005 0.850481 0
    outer loop
      vertex -4.49556 27.9374 -2
      vertex -4.40162 27.8793 -8
      vertex -4.49556 27.9374 -8
    endloop
  endfacet
  facet normal 0.823883 -0.566759 0
    outer loop
      vertex -5.15034 31.0512 -2
      vertex -5.08774 31.1422 -8
      vertex -5.08774 31.1422 -2
    endloop
  endfacet
  facet normal 0.823883 -0.566759 0
    outer loop
      vertex -5.08774 31.1422 -8
      vertex -5.15034 31.0512 -2
      vertex -5.15034 31.0512 -8
    endloop
  endfacet
  facet normal 0.946081 0.323931 0
    outer loop
      vertex -5.37609 29.0406 -2
      vertex -5.41187 29.1451 -8
      vertex -5.41187 29.1451 -2
    endloop
  endfacet
  facet normal 0.946081 0.323931 0
    outer loop
      vertex -5.41187 29.1451 -8
      vertex -5.37609 29.0406 -2
      vertex -5.37609 29.0406 -8
    endloop
  endfacet
  facet normal -0.414826 0.909901 0
    outer loop
      vertex -2.28188 27.7983 -8
      vertex -2.38234 27.7525 -2
      vertex -2.28188 27.7983 -2
    endloop
  endfacet
  facet normal -0.414826 0.909901 0
    outer loop
      vertex -2.38234 27.7525 -2
      vertex -2.28188 27.7983 -8
      vertex -2.38234 27.7525 -8
    endloop
  endfacet
  facet normal 0.850543 -0.525906 0
    outer loop
      vertex -5.2084 30.9573 -2
      vertex -5.15034 31.0512 -8
      vertex -5.15034 31.0512 -2
    endloop
  endfacet
  facet normal 0.850543 -0.525906 0
    outer loop
      vertex -5.15034 31.0512 -8
      vertex -5.2084 30.9573 -2
      vertex -5.2084 30.9573 -8
    endloop
  endfacet
  facet normal -0.909636 -0.415406 0
    outer loop
      vertex -1.19679 30.7054 -8
      vertex -1.24264 30.8058 -2
      vertex -1.24264 30.8058 -8
    endloop
  endfacet
  facet normal -0.909636 -0.415406 0
    outer loop
      vertex -1.24264 30.8058 -2
      vertex -1.19679 30.7054 -8
      vertex -1.19679 30.7054 -2
    endloop
  endfacet
  facet normal 0.960813 0.277196 0
    outer loop
      vertex -5.41187 29.1451 -2
      vertex -5.44248 29.2512 -8
      vertex -5.44248 29.2512 -2
    endloop
  endfacet
  facet normal 0.960813 0.277196 0
    outer loop
      vertex -5.44248 29.2512 -8
      vertex -5.41187 29.1451 -2
      vertex -5.41187 29.1451 -8
    endloop
  endfacet
  facet normal -0.160271 -0.987073 0
    outer loop
      vertex -2.96016 32.0508 -8
      vertex -2.85115 32.0331 -2
      vertex -2.96016 32.0508 -2
    endloop
  endfacet
  facet normal -0.160271 -0.987073 -0
    outer loop
      vertex -2.85115 32.0331 -2
      vertex -2.96016 32.0508 -8
      vertex -2.85115 32.0331 -8
    endloop
  endfacet
  facet normal -0.864677 -0.502328 0
    outer loop
      vertex -1.29337 30.9039 -8
      vertex -1.34885 30.9994 -2
      vertex -1.34885 30.9994 -8
    endloop
  endfacet
  facet normal -0.864677 -0.502328 0
    outer loop
      vertex -1.34885 30.9994 -2
      vertex -1.29337 30.9039 -8
      vertex -1.29337 30.9039 -2
    endloop
  endfacet
  facet normal -0.998034 0.0626715 0
    outer loop
      vertex -1.02457 29.6256 -8
      vertex -1.01765 29.7358 -2
      vertex -1.01765 29.7358 -8
    endloop
  endfacet
  facet normal -0.998034 0.0626715 0
    outer loop
      vertex -1.01765 29.7358 -2
      vertex -1.02457 29.6256 -8
      vertex -1.02457 29.6256 -2
    endloop
  endfacet
  facet normal -0.82355 0.567244 0
    outer loop
      vertex -1.44428 28.5012 -8
      vertex -1.38167 28.5921 -2
      vertex -1.38167 28.5921 -8
    endloop
  endfacet
  facet normal -0.82355 0.567244 0
    outer loop
      vertex -1.38167 28.5921 -2
      vertex -1.44428 28.5012 -8
      vertex -1.44428 28.5012 -2
    endloop
  endfacet
  facet normal -0.850793 0.525501 0
    outer loop
      vertex -1.38167 28.5921 -8
      vertex -1.32361 28.6861 -2
      vertex -1.32361 28.6861 -8
    endloop
  endfacet
  facet normal -0.850793 0.525501 0
    outer loop
      vertex -1.32361 28.6861 -2
      vertex -1.38167 28.5921 -8
      vertex -1.38167 28.5921 -2
    endloop
  endfacet
  facet normal -0.987085 0.160198 0
    outer loop
      vertex -1.05458 29.4068 -8
      vertex -1.03689 29.5158 -2
      vertex -1.03689 29.5158 -8
    endloop
  endfacet
  facet normal -0.987085 0.160198 0
    outer loop
      vertex -1.03689 29.5158 -2
      vertex -1.05458 29.4068 -8
      vertex -1.05458 29.4068 -2
    endloop
  endfacet
  facet normal -0.0851135 0.996371 0
    outer loop
      vertex -3.02106 27.5851 -8
      vertex -3.1311 27.5757 -2
      vertex -3.02106 27.5851 -2
    endloop
  endfacet
  facet normal -0.0851135 0.996371 0
    outer loop
      vertex -3.1311 27.5757 -2
      vertex -3.02106 27.5851 -8
      vertex -3.1311 27.5757 -8
    endloop
  endfacet
  facet normal 0.875469 -0.483274 0
    outer loop
      vertex -5.26178 30.8606 -2
      vertex -5.2084 30.9573 -8
      vertex -5.2084 30.9573 -2
    endloop
  endfacet
  facet normal 0.875469 -0.483274 0
    outer loop
      vertex -5.2084 30.9573 -8
      vertex -5.26178 30.8606 -2
      vertex -5.26178 30.8606 -8
    endloop
  endfacet
  facet normal -0.133101 0.991103 0
    outer loop
      vertex -2.9116 27.5998 -8
      vertex -3.02106 27.5851 -2
      vertex -2.9116 27.5998 -2
    endloop
  endfacet
  facet normal -0.133101 0.991103 0
    outer loop
      vertex -3.02106 27.5851 -2
      vertex -2.9116 27.5998 -8
      vertex -3.02106 27.5851 -8
    endloop
  endfacet
  facet normal 0.918511 -0.395395 0
    outer loop
      vertex -5.354 30.66 -2
      vertex -5.31035 30.7614 -8
      vertex -5.31035 30.7614 -2
    endloop
  endfacet
  facet normal 0.918511 -0.395395 0
    outer loop
      vertex -5.31035 30.7614 -8
      vertex -5.354 30.66 -2
      vertex -5.354 30.66 -8
    endloop
  endfacet
  facet normal 0.324148 -0.946006 0
    outer loop
      vertex -4.04707 31.9318 -8
      vertex -3.94259 31.9676 -2
      vertex -4.04707 31.9318 -2
    endloop
  endfacet
  facet normal 0.324148 -0.946006 0
    outer loop
      vertex -3.94259 31.9676 -2
      vertex -4.04707 31.9318 -8
      vertex -3.94259 31.9676 -8
    endloop
  endfacet
  facet normal 0.459842 -0.888001 0
    outer loop
      vertex -4.34823 31.7943 -8
      vertex -4.25013 31.8451 -2
      vertex -4.34823 31.7943 -2
    endloop
  endfacet
  facet normal 0.459842 -0.888001 0
    outer loop
      vertex -4.25013 31.8451 -2
      vertex -4.34823 31.7943 -8
      vertex -4.25013 31.8451 -8
    endloop
  endfacet
  facet normal 0.502502 -0.864576 0
    outer loop
      vertex -4.44372 31.7388 -8
      vertex -4.34823 31.7943 -2
      vertex -4.44372 31.7388 -2
    endloop
  endfacet
  facet normal 0.502502 -0.864576 0
    outer loop
      vertex -4.34823 31.7943 -2
      vertex -4.44372 31.7388 -8
      vertex -4.34823 31.7943 -8
    endloop
  endfacet
  facet normal -0.566886 -0.823796 0
    outer loop
      vertex -2.03645 31.706 -8
      vertex -1.94548 31.6434 -2
      vertex -2.03645 31.706 -2
    endloop
  endfacet
  facet normal -0.566886 -0.823796 -0
    outer loop
      vertex -1.94548 31.6434 -2
      vertex -2.03645 31.706 -8
      vertex -1.94548 31.6434 -8
    endloop
  endfacet
  facet normal -0.526005 -0.850481 0
    outer loop
      vertex -2.13039 31.7641 -8
      vertex -2.03645 31.706 -2
      vertex -2.13039 31.7641 -2
    endloop
  endfacet
  facet normal -0.526005 -0.850481 -0
    outer loop
      vertex -2.03645 31.706 -2
      vertex -2.13039 31.7641 -8
      vertex -2.03645 31.706 -8
    endloop
  endfacet
  facet normal 0.160271 0.987073 -0
    outer loop
      vertex -3.57185 27.5926 -8
      vertex -3.68086 27.6103 -2
      vertex -3.57185 27.5926 -2
    endloop
  endfacet
  facet normal 0.160271 0.987073 0
    outer loop
      vertex -3.68086 27.6103 -2
      vertex -3.57185 27.5926 -8
      vertex -3.68086 27.6103 -8
    endloop
  endfacet
  facet normal -0.0144873 -0.999895 0
    outer loop
      vertex -3.29055 32.0716 -8
      vertex -3.18012 32.07 -2
      vertex -3.29055 32.0716 -2
    endloop
  endfacet
  facet normal -0.0144873 -0.999895 -0
    outer loop
      vertex -3.18012 32.07 -2
      vertex -3.29055 32.0716 -8
      vertex -3.18012 32.07 -8
    endloop
  endfacet
  facet normal 0.0842145 -0.996448 0
    outer loop
      vertex -3.51096 32.0583 -8
      vertex -3.40092 32.0676 -2
      vertex -3.51096 32.0583 -2
    endloop
  endfacet
  facet normal 0.0842145 -0.996448 0
    outer loop
      vertex -3.40092 32.0676 -2
      vertex -3.51096 32.0583 -8
      vertex -3.40092 32.0676 -8
    endloop
  endfacet
  facet normal -0.897951 0.440096 0
    outer loop
      vertex -1.27023 28.7828 -8
      vertex -1.22166 28.8819 -2
      vertex -1.22166 28.8819 -8
    endloop
  endfacet
  facet normal -0.897951 0.440096 0
    outer loop
      vertex -1.22166 28.8819 -2
      vertex -1.27023 28.7828 -8
      vertex -1.27023 28.7828 -2
    endloop
  endfacet
  facet normal 0.966602 -0.256281 0
    outer loop
      vertex -5.45441 30.3446 -2
      vertex -5.42612 30.4513 -8
      vertex -5.42612 30.4513 -2
    endloop
  endfacet
  facet normal 0.966602 -0.256281 0
    outer loop
      vertex -5.42612 30.4513 -8
      vertex -5.45441 30.3446 -2
      vertex -5.45441 30.3446 -8
    endloop
  endfacet
  facet normal 0.999372 0.0354265 0
    outer loop
      vertex -5.51196 29.6868 -2
      vertex -5.51587 29.7971 -8
      vertex -5.51587 29.7971 -2
    endloop
  endfacet
  facet normal 0.999372 0.0354265 0
    outer loop
      vertex -5.51587 29.7971 -8
      vertex -5.51196 29.6868 -2
      vertex -5.51196 29.6868 -8
    endloop
  endfacet
  facet normal 0.277112 -0.960838 0
    outer loop
      vertex -3.94259 31.9676 -8
      vertex -3.83649 31.9982 -2
      vertex -3.94259 31.9676 -2
    endloop
  endfacet
  facet normal 0.277112 -0.960838 0
    outer loop
      vertex -3.83649 31.9982 -2
      vertex -3.94259 31.9676 -8
      vertex -3.83649 31.9982 -8
    endloop
  endfacet
  facet normal -0.88826 -0.459342 0
    outer loop
      vertex -1.24264 30.8058 -8
      vertex -1.29337 30.9039 -2
      vertex -1.29337 30.9039 -8
    endloop
  endfacet
  facet normal -0.88826 -0.459342 0
    outer loop
      vertex -1.29337 30.9039 -2
      vertex -1.24264 30.8058 -8
      vertex -1.24264 30.8058 -2
    endloop
  endfacet
  facet normal -0.606643 -0.794974 0
    outer loop
      vertex -1.94548 31.6434 -8
      vertex -1.85768 31.5764 -2
      vertex -1.94548 31.6434 -2
    endloop
  endfacet
  facet normal -0.606643 -0.794974 -0
    outer loop
      vertex -1.85768 31.5764 -2
      vertex -1.94548 31.6434 -8
      vertex -1.85768 31.5764 -8
    endloop
  endfacet
  facet normal 0.864677 0.502328 0
    outer loop
      vertex -5.18316 28.644 -2
      vertex -5.23864 28.7395 -8
      vertex -5.23864 28.7395 -2
    endloop
  endfacet
  facet normal 0.864677 0.502328 0
    outer loop
      vertex -5.23864 28.7395 -8
      vertex -5.18316 28.644 -2
      vertex -5.18316 28.644 -8
    endloop
  endfacet
  facet normal 0.414826 -0.909901 0
    outer loop
      vertex -4.25013 31.8451 -8
      vertex -4.14967 31.8909 -2
      vertex -4.25013 31.8451 -2
    endloop
  endfacet
  facet normal 0.414826 -0.909901 0
    outer loop
      vertex -4.14967 31.8909 -2
      vertex -4.25013 31.8451 -8
      vertex -4.14967 31.8909 -8
    endloop
  endfacet
  facet normal -0.0353168 0.999376 0
    outer loop
      vertex -3.1311 27.5757 -8
      vertex -3.24146 27.5718 -2
      vertex -3.1311 27.5757 -2
    endloop
  endfacet
  facet normal -0.0353168 0.999376 0
    outer loop
      vertex -3.24146 27.5718 -2
      vertex -3.1311 27.5757 -8
      vertex -3.24146 27.5718 -8
    endloop
  endfacet
  facet normal 0.623833 -0.781557 0
    outer loop
      vertex -4.71228 31.5453 -8
      vertex -4.62596 31.6142 -2
      vertex -4.71228 31.5453 -2
    endloop
  endfacet
  facet normal 0.623833 -0.781557 0
    outer loop
      vertex -4.62596 31.6142 -2
      vertex -4.71228 31.5453 -8
      vertex -4.62596 31.6142 -8
    endloop
  endfacet
  facet normal 0.584276 -0.811555 0
    outer loop
      vertex -4.62596 31.6142 -8
      vertex -4.53637 31.6787 -2
      vertex -4.62596 31.6142 -2
    endloop
  endfacet
  facet normal 0.584276 -0.811555 0
    outer loop
      vertex -4.53637 31.6787 -2
      vertex -4.62596 31.6142 -8
      vertex -4.53637 31.6787 -8
    endloop
  endfacet
  facet normal -0.973264 -0.22969 0
    outer loop
      vertex -1.06416 30.2847 -8
      vertex -1.08953 30.3922 -2
      vertex -1.08953 30.3922 -8
    endloop
  endfacet
  facet normal -0.973264 -0.22969 0
    outer loop
      vertex -1.08953 30.3922 -2
      vertex -1.06416 30.2847 -8
      vertex -1.06416 30.2847 -2
    endloop
  endfacet
  facet normal 0.606114 0.795378 -0
    outer loop
      vertex -4.58654 28 -8
      vertex -4.67433 28.0669 -2
      vertex -4.58654 28 -2
    endloop
  endfacet
  facet normal 0.606114 0.795378 0
    outer loop
      vertex -4.67433 28.0669 -2
      vertex -4.58654 28 -8
      vertex -4.67433 28.0669 -8
    endloop
  endfacet
  facet normal 0.898126 -0.439738 0
    outer loop
      vertex -5.31035 30.7614 -2
      vertex -5.26178 30.8606 -8
      vertex -5.26178 30.8606 -2
    endloop
  endfacet
  facet normal 0.898126 -0.439738 0
    outer loop
      vertex -5.26178 30.8606 -8
      vertex -5.31035 30.7614 -2
      vertex -5.31035 30.7614 -8
    endloop
  endfacet
  facet normal 0.370298 -0.928913 0
    outer loop
      vertex -4.14967 31.8909 -8
      vertex -4.04707 31.9318 -2
      vertex -4.14967 31.8909 -2
    endloop
  endfacet
  facet normal 0.370298 -0.928913 0
    outer loop
      vertex -4.04707 31.9318 -2
      vertex -4.14967 31.8909 -8
      vertex -4.04707 31.9318 -8
    endloop
  endfacet
  facet normal -0.544208 0.83895 0
    outer loop
      vertex -1.99564 27.9646 -8
      vertex -2.08829 27.9045 -2
      vertex -1.99564 27.9646 -2
    endloop
  endfacet
  facet normal -0.544208 0.83895 0
    outer loop
      vertex -2.08829 27.9045 -2
      vertex -1.99564 27.9646 -8
      vertex -2.08829 27.9045 -8
    endloop
  endfacet
  facet normal -0.439298 -0.898341 0
    outer loop
      vertex -2.32625 31.866 -8
      vertex -2.22707 31.8175 -2
      vertex -2.32625 31.866 -2
    endloop
  endfacet
  facet normal -0.439298 -0.898341 -0
    outer loop
      vertex -2.22707 31.8175 -2
      vertex -2.32625 31.866 -8
      vertex -2.22707 31.8175 -8
    endloop
  endfacet
  facet normal 0.987085 -0.160198 0
    outer loop
      vertex -5.49512 30.1275 -2
      vertex -5.47743 30.2365 -8
      vertex -5.47743 30.2365 -2
    endloop
  endfacet
  facet normal 0.987085 -0.160198 0
    outer loop
      vertex -5.47743 30.2365 -8
      vertex -5.49512 30.1275 -2
      vertex -5.49512 30.1275 -8
    endloop
  endfacet
  facet normal -0.93679 0.349892 0
    outer loop
      vertex -1.17801 28.9834 -8
      vertex -1.13939 29.0868 -2
      vertex -1.13939 29.0868 -8
    endloop
  endfacet
  facet normal -0.93679 0.349892 0
    outer loop
      vertex -1.13939 29.0868 -2
      vertex -1.17801 28.9834 -8
      vertex -1.17801 28.9834 -2
    endloop
  endfacet
  facet normal 0.71695 0.697125 0
    outer loop
      vertex -4.83955 28.2134 -2
      vertex -4.91656 28.2926 -8
      vertex -4.91656 28.2926 -2
    endloop
  endfacet
  facet normal 0.71695 0.697125 0
    outer loop
      vertex -4.91656 28.2926 -8
      vertex -4.83955 28.2134 -2
      vertex -4.83955 28.2134 -8
    endloop
  endfacet
  facet normal -0.681724 -0.731609 0
    outer loop
      vertex -1.77327 31.5052 -8
      vertex -1.69246 31.4299 -2
      vertex -1.77327 31.5052 -2
    endloop
  endfacet
  facet normal -0.681724 -0.731609 -0
    outer loop
      vertex -1.69246 31.4299 -2
      vertex -1.77327 31.5052 -8
      vertex -1.69246 31.4299 -8
    endloop
  endfacet
  facet normal -0.991097 -0.133142 0
    outer loop
      vertex -1.02938 30.0666 -8
      vertex -1.04409 30.1761 -2
      vertex -1.04409 30.1761 -8
    endloop
  endfacet
  facet normal -0.991097 -0.133142 0
    outer loop
      vertex -1.04409 30.1761 -2
      vertex -1.02938 30.0666 -8
      vertex -1.02938 30.0666 -2
    endloop
  endfacet
  facet normal -0.324148 0.946006 0
    outer loop
      vertex -2.48494 27.7116 -8
      vertex -2.58942 27.6758 -2
      vertex -2.48494 27.7116 -2
    endloop
  endfacet
  facet normal -0.324148 0.946006 0
    outer loop
      vertex -2.58942 27.6758 -2
      vertex -2.48494 27.7116 -8
      vertex -2.58942 27.6758 -8
    endloop
  endfacet
  facet normal 0.013582 0.999908 -0
    outer loop
      vertex -3.24146 27.5718 -8
      vertex -3.35189 27.5733 -2
      vertex -3.24146 27.5718 -2
    endloop
  endfacet
  facet normal 0.013582 0.999908 0
    outer loop
      vertex -3.35189 27.5733 -2
      vertex -3.24146 27.5718 -8
      vertex -3.35189 27.5733 -8
    endloop
  endfacet
  facet normal 0.645289 0.763939 -0
    outer loop
      vertex -4.67433 28.0669 -8
      vertex -4.75874 28.1382 -2
      vertex -4.67433 28.0669 -2
    endloop
  endfacet
  facet normal 0.645289 0.763939 0
    outer loop
      vertex -4.75874 28.1382 -2
      vertex -4.67433 28.0669 -8
      vertex -4.75874 28.1382 -8
    endloop
  endfacet
  facet normal 0.839125 0.543938 0
    outer loop
      vertex -5.12307 28.5513 -2
      vertex -5.18316 28.644 -8
      vertex -5.18316 28.644 -2
    endloop
  endfacet
  facet normal 0.839125 0.543938 0
    outer loop
      vertex -5.18316 28.644 -8
      vertex -5.12307 28.5513 -2
      vertex -5.12307 28.5513 -8
    endloop
  endfacet
  facet normal -0.623833 0.781557 0
    outer loop
      vertex -1.81973 28.0981 -8
      vertex -1.90605 28.0292 -2
      vertex -1.81973 28.0981 -2
    endloop
  endfacet
  facet normal -0.623833 0.781557 0
    outer loop
      vertex -1.90605 28.0292 -2
      vertex -1.81973 28.0981 -8
      vertex -1.90605 28.0292 -8
    endloop
  endfacet
  facet normal -0.208274 -0.978071 0
    outer loop
      vertex -2.85115 32.0331 -8
      vertex -2.74314 32.0101 -2
      vertex -2.85115 32.0331 -2
    endloop
  endfacet
  facet normal -0.208274 -0.978071 -0
    outer loop
      vertex -2.74314 32.0101 -2
      vertex -2.85115 32.0331 -8
      vertex -2.74314 32.0101 -8
    endloop
  endfacet
  facet normal 0.681239 0.732061 -0
    outer loop
      vertex -4.75874 28.1382 -8
      vertex -4.83955 28.2134 -2
      vertex -4.75874 28.1382 -2
    endloop
  endfacet
  facet normal 0.681239 0.732061 0
    outer loop
      vertex -4.83955 28.2134 -2
      vertex -4.75874 28.1382 -8
      vertex -4.83955 28.2134 -8
    endloop
  endfacet
  facet normal -0.781883 -0.623425 0
    outer loop
      vertex -1.47352 31.1816 -8
      vertex -1.54241 31.268 -2
      vertex -1.54241 31.268 -8
    endloop
  endfacet
  facet normal -0.781883 -0.623425 0
    outer loop
      vertex -1.54241 31.268 -2
      vertex -1.47352 31.1816 -8
      vertex -1.47352 31.1816 -2
    endloop
  endfacet
  facet normal -0.839084 -0.544002 0
    outer loop
      vertex -1.34885 30.9994 -8
      vertex -1.40895 31.0921 -2
      vertex -1.40895 31.0921 -8
    endloop
  endfacet
  facet normal -0.839084 -0.544002 0
    outer loop
      vertex -1.40895 31.0921 -2
      vertex -1.34885 30.9994 -8
      vertex -1.34885 30.9994 -2
    endloop
  endfacet
  facet normal 0.973264 0.22969 0
    outer loop
      vertex -5.44248 29.2512 -2
      vertex -5.46785 29.3587 -8
      vertex -5.46785 29.3587 -2
    endloop
  endfacet
  facet normal 0.973264 0.22969 0
    outer loop
      vertex -5.46785 29.3587 -8
      vertex -5.44248 29.2512 -2
      vertex -5.44248 29.2512 -8
    endloop
  endfacet
  facet normal -0.181132 0.983459 0
    outer loop
      vertex -2.80301 27.6198 -8
      vertex -2.9116 27.5998 -2
      vertex -2.80301 27.6198 -2
    endloop
  endfacet
  facet normal -0.181132 0.983459 0
    outer loop
      vertex -2.9116 27.5998 -2
      vertex -2.80301 27.6198 -8
      vertex -2.9116 27.5998 -8
    endloop
  endfacet
  facet normal -0.764303 0.644858 0
    outer loop
      vertex -1.58248 28.329 -8
      vertex -1.51127 28.4134 -2
      vertex -1.51127 28.4134 -8
    endloop
  endfacet
  facet normal -0.764303 0.644858 0
    outer loop
      vertex -1.51127 28.4134 -2
      vertex -1.58248 28.329 -8
      vertex -1.58248 28.329 -2
    endloop
  endfacet
  facet normal 0.999908 -0.0135734 0
    outer loop
      vertex -5.51587 29.7971 -2
      vertex -5.51437 29.9076 -8
      vertex -5.51437 29.9076 -2
    endloop
  endfacet
  facet normal 0.999908 -0.0135734 0
    outer loop
      vertex -5.51437 29.9076 -8
      vertex -5.51587 29.7971 -2
      vertex -5.51587 29.7971 -8
    endloop
  endfacet
  facet normal 0.566844 0.823825 -0
    outer loop
      vertex -4.49556 27.9374 -8
      vertex -4.58654 28 -2
      vertex -4.49556 27.9374 -2
    endloop
  endfacet
  facet normal 0.566844 0.823825 0
    outer loop
      vertex -4.58654 28 -2
      vertex -4.49556 27.9374 -8
      vertex -4.58654 28 -8
    endloop
  endfacet
  facet normal -0.996422 -0.0845147 0
    outer loop
      vertex -1.02005 29.9566 -8
      vertex -1.02938 30.0666 -2
      vertex -1.02938 30.0666 -8
    endloop
  endfacet
  facet normal -0.996422 -0.0845147 0
    outer loop
      vertex -1.02938 30.0666 -2
      vertex -1.02005 29.9566 -8
      vertex -1.02005 29.9566 -2
    endloop
  endfacet
  facet normal -0.732078 0.681221 0
    outer loop
      vertex -1.65776 28.2481 -8
      vertex -1.58248 28.329 -2
      vertex -1.58248 28.329 -8
    endloop
  endfacet
  facet normal -0.732078 0.681221 0
    outer loop
      vertex -1.58248 28.329 -2
      vertex -1.65776 28.2481 -8
      vertex -1.65776 28.2481 -2
    endloop
  endfacet
  facet normal -0.64476 -0.764385 0
    outer loop
      vertex -1.85768 31.5764 -8
      vertex -1.77327 31.5052 -2
      vertex -1.85768 31.5764 -2
    endloop
  endfacet
  facet normal -0.64476 -0.764385 -0
    outer loop
      vertex -1.77327 31.5052 -2
      vertex -1.85768 31.5764 -8
      vertex -1.77327 31.5052 -8
    endloop
  endfacet
  facet normal -0.661187 0.750221 0
    outer loop
      vertex -1.7369 28.1711 -8
      vertex -1.81973 28.0981 -2
      vertex -1.7369 28.1711 -2
    endloop
  endfacet
  facet normal -0.661187 0.750221 0
    outer loop
      vertex -1.81973 28.0981 -2
      vertex -1.7369 28.1711 -8
      vertex -1.81973 28.0981 -8
    endloop
  endfacet
  facet normal -0.229988 0.973193 0
    outer loop
      vertex -2.69553 27.6452 -8
      vertex -2.80301 27.6198 -2
      vertex -2.69553 27.6452 -2
    endloop
  endfacet
  facet normal -0.229988 0.973193 0
    outer loop
      vertex -2.80301 27.6198 -2
      vertex -2.69553 27.6452 -8
      vertex -2.80301 27.6198 -8
    endloop
  endfacet
  facet normal -0.69735 0.716731 0
    outer loop
      vertex -1.65776 28.2481 -8
      vertex -1.7369 28.1711 -2
      vertex -1.65776 28.2481 -2
    endloop
  endfacet
  facet normal -0.69735 0.716731 0
    outer loop
      vertex -1.7369 28.1711 -2
      vertex -1.65776 28.2481 -8
      vertex -1.7369 28.1711 -8
    endloop
  endfacet
  facet normal -0.111376 -0.993778 0
    outer loop
      vertex -3.06991 32.0631 -8
      vertex -2.96016 32.0508 -2
      vertex -3.06991 32.0631 -2
    endloop
  endfacet
  facet normal -0.111376 -0.993778 -0
    outer loop
      vertex -2.96016 32.0508 -2
      vertex -3.06991 32.0631 -8
      vertex -2.96016 32.0508 -8
    endloop
  endfacet
  facet normal -0.810975 -0.58508 0
    outer loop
      vertex -1.40895 31.0921 -8
      vertex -1.47352 31.1816 -2
      vertex -1.47352 31.1816 -8
    endloop
  endfacet
  facet normal -0.810975 -0.58508 0
    outer loop
      vertex -1.47352 31.1816 -2
      vertex -1.40895 31.0921 -8
      vertex -1.40895 31.0921 -2
    endloop
  endfacet
  facet normal -0.0624854 -0.998046 0
    outer loop
      vertex -3.18012 32.07 -8
      vertex -3.06991 32.0631 -2
      vertex -3.18012 32.07 -2
    endloop
  endfacet
  facet normal -0.0624854 -0.998046 -0
    outer loop
      vertex -3.06991 32.0631 -2
      vertex -3.18012 32.07 -8
      vertex -3.06991 32.0631 -8
    endloop
  endfacet
  facet normal -0.875469 0.483274 0
    outer loop
      vertex -1.32361 28.6861 -8
      vertex -1.27023 28.7828 -2
      vertex -1.27023 28.7828 -8
    endloop
  endfacet
  facet normal -0.875469 0.483274 0
    outer loop
      vertex -1.27023 28.7828 -2
      vertex -1.32361 28.6861 -8
      vertex -1.32361 28.6861 -2
    endloop
  endfacet
  facet normal 0.978069 -0.208281 0
    outer loop
      vertex -5.47743 30.2365 -2
      vertex -5.45441 30.3446 -8
      vertex -5.45441 30.3446 -2
    endloop
  endfacet
  facet normal 0.978069 -0.208281 0
    outer loop
      vertex -5.45441 30.3446 -8
      vertex -5.47743 30.2365 -2
      vertex -5.47743 30.2365 -8
    endloop
  endfacet
  facet normal 0.731702 -0.681624 0
    outer loop
      vertex -4.94953 31.3144 -2
      vertex -4.87426 31.3952 -8
      vertex -4.87426 31.3952 -2
    endloop
  endfacet
  facet normal 0.731702 -0.681624 0
    outer loop
      vertex -4.87426 31.3952 -8
      vertex -4.94953 31.3144 -2
      vertex -4.94953 31.3144 -8
    endloop
  endfacet
  facet normal -0.716509 -0.697578 0
    outer loop
      vertex -1.61545 31.3508 -8
      vertex -1.69246 31.4299 -2
      vertex -1.69246 31.4299 -8
    endloop
  endfacet
  facet normal -0.716509 -0.697578 0
    outer loop
      vertex -1.69246 31.4299 -2
      vertex -1.61545 31.3508 -8
      vertex -1.61545 31.3508 -2
    endloop
  endfacet
  facet normal 0.929007 0.370063 0
    outer loop
      vertex -5.33522 28.938 -2
      vertex -5.37609 29.0406 -8
      vertex -5.37609 29.0406 -2
    endloop
  endfacet
  facet normal 0.929007 0.370063 0
    outer loop
      vertex -5.37609 29.0406 -8
      vertex -5.33522 28.938 -2
      vertex -5.33522 28.938 -8
    endloop
  endfacet
  facet normal -0.993764 0.111504 0
    outer loop
      vertex -1.03689 29.5158 -8
      vertex -1.02457 29.6256 -2
      vertex -1.02457 29.6256 -8
    endloop
  endfacet
  facet normal -0.993764 0.111504 0
    outer loop
      vertex -1.02457 29.6256 -2
      vertex -1.03689 29.5158 -8
      vertex -1.03689 29.5158 -2
    endloop
  endfacet
  facet normal 0.996429 0.0844385 0
    outer loop
      vertex -5.50263 29.5767 -2
      vertex -5.51196 29.6868 -8
      vertex -5.51196 29.6868 -2
    endloop
  endfacet
  facet normal 0.996429 0.0844385 0
    outer loop
      vertex -5.51196 29.6868 -8
      vertex -5.50263 29.5767 -2
      vertex -5.50263 29.5767 -8
    endloop
  endfacet
  facet normal 0.749877 0.661577 0
    outer loop
      vertex -4.91656 28.2926 -2
      vertex -4.98961 28.3754 -8
      vertex -4.98961 28.3754 -2
    endloop
  endfacet
  facet normal 0.749877 0.661577 0
    outer loop
      vertex -4.98961 28.3754 -8
      vertex -4.91656 28.2926 -2
      vertex -4.91656 28.2926 -8
    endloop
  endfacet
  facet normal 0.781575 0.623811 0
    outer loop
      vertex -4.98961 28.3754 -2
      vertex -5.05849 28.4617 -8
      vertex -5.05849 28.4617 -2
    endloop
  endfacet
  facet normal 0.781575 0.623811 0
    outer loop
      vertex -5.05849 28.4617 -8
      vertex -4.98961 28.3754 -2
      vertex -4.98961 28.3754 -8
    endloop
  endfacet
  facet normal 0.440028 0.897984 -0
    outer loop
      vertex -4.20576 27.7773 -8
      vertex -4.30494 27.8259 -2
      vertex -4.20576 27.7773 -2
    endloop
  endfacet
  facet normal 0.440028 0.897984 0
    outer loop
      vertex -4.30494 27.8259 -2
      vertex -4.20576 27.7773 -8
      vertex -4.30494 27.8259 -8
    endloop
  endfacet
  facet normal 0.697305 -0.716775 0
    outer loop
      vertex -4.87426 31.3952 -8
      vertex -4.79511 31.4722 -2
      vertex -4.87426 31.3952 -2
    endloop
  endfacet
  facet normal 0.697305 -0.716775 0
    outer loop
      vertex -4.79511 31.4722 -2
      vertex -4.87426 31.3952 -8
      vertex -4.79511 31.4722 -8
    endloop
  endfacet
  facet normal -0.303349 -0.952879 0
    outer loop
      vertex -2.63639 31.9818 -8
      vertex -2.53116 31.9483 -2
      vertex -2.63639 31.9818 -2
    endloop
  endfacet
  facet normal -0.303349 -0.952879 -0
    outer loop
      vertex -2.53116 31.9483 -2
      vertex -2.63639 31.9818 -8
      vertex -2.53116 31.9483 -8
    endloop
  endfacet
  facet normal 0.394881 0.918732 -0
    outer loop
      vertex -4.10432 27.7337 -8
      vertex -4.20576 27.7773 -2
      vertex -4.10432 27.7337 -2
    endloop
  endfacet
  facet normal 0.394881 0.918732 0
    outer loop
      vertex -4.20576 27.7773 -2
      vertex -4.10432 27.7337 -8
      vertex -4.20576 27.7773 -8
    endloop
  endfacet
  facet normal 0.0633817 0.997989 -0
    outer loop
      vertex -3.35189 27.5733 -8
      vertex -3.46211 27.5803 -2
      vertex -3.35189 27.5733 -2
    endloop
  endfacet
  facet normal 0.0633817 0.997989 0
    outer loop
      vertex -3.46211 27.5803 -2
      vertex -3.35189 27.5733 -8
      vertex -3.46211 27.5803 -8
    endloop
  endfacet
  facet normal 0.909636 0.415406 0
    outer loop
      vertex -5.28937 28.8376 -2
      vertex -5.33522 28.938 -8
      vertex -5.33522 28.938 -2
    endloop
  endfacet
  facet normal 0.909636 0.415406 0
    outer loop
      vertex -5.33522 28.938 -8
      vertex -5.28937 28.8376 -2
      vertex -5.28937 28.8376 -8
    endloop
  endfacet
  facet normal -0.999906 0.0136763 0
    outer loop
      vertex -1.01765 29.7358 -8
      vertex -1.01614 29.8462 -2
      vertex -1.01614 29.8462 -8
    endloop
  endfacet
  facet normal -0.999906 0.0136763 0
    outer loop
      vertex -1.01614 29.8462 -2
      vertex -1.01765 29.7358 -8
      vertex -1.01765 29.7358 -2
    endloop
  endfacet
  facet normal -0.929038 -0.369985 0
    outer loop
      vertex -1.15593 30.6028 -8
      vertex -1.19679 30.7054 -2
      vertex -1.19679 30.7054 -8
    endloop
  endfacet
  facet normal -0.929038 -0.369985 0
    outer loop
      vertex -1.19679 30.7054 -2
      vertex -1.15593 30.6028 -8
      vertex -1.15593 30.6028 -2
    endloop
  endfacet
  facet normal -0.501825 0.864969 0
    outer loop
      vertex -2.08829 27.9045 -8
      vertex -2.18378 27.8491 -2
      vertex -2.08829 27.9045 -2
    endloop
  endfacet
  facet normal -0.501825 0.864969 0
    outer loop
      vertex -2.18378 27.8491 -2
      vertex -2.08829 27.9045 -8
      vertex -2.18378 27.8491 -8
    endloop
  endfacet
  facet normal 0.303349 0.952879 -0
    outer loop
      vertex -3.89562 27.6616 -8
      vertex -4.00085 27.6951 -2
      vertex -3.89562 27.6616 -2
    endloop
  endfacet
  facet normal 0.303349 0.952879 0
    outer loop
      vertex -4.00085 27.6951 -2
      vertex -3.89562 27.6616 -8
      vertex -4.00085 27.6951 -8
    endloop
  endfacet
  facet normal -0.795018 0.606586 0
    outer loop
      vertex -1.51127 28.4134 -8
      vertex -1.44428 28.5012 -2
      vertex -1.44428 28.5012 -8
    endloop
  endfacet
  facet normal -0.795018 0.606586 0
    outer loop
      vertex -1.44428 28.5012 -2
      vertex -1.51127 28.4134 -8
      vertex -1.51127 28.4134 -2
    endloop
  endfacet
  facet normal 0.483489 0.87535 -0
    outer loop
      vertex -4.30494 27.8259 -8
      vertex -4.40162 27.8793 -2
      vertex -4.30494 27.8259 -2
    endloop
  endfacet
  facet normal 0.483489 0.87535 0
    outer loop
      vertex -4.40162 27.8793 -2
      vertex -4.30494 27.8259 -8
      vertex -4.40162 27.8793 -8
    endloop
  endfacet
  facet normal -0.370298 0.928913 0
    outer loop
      vertex -2.38234 27.7525 -8
      vertex -2.48494 27.7116 -2
      vertex -2.38234 27.7525 -2
    endloop
  endfacet
  facet normal -0.370298 0.928913 0
    outer loop
      vertex -2.48494 27.7116 -2
      vertex -2.38234 27.7525 -8
      vertex -2.48494 27.7116 -8
    endloop
  endfacet
  facet normal 0.998029 -0.0627617 0
    outer loop
      vertex -5.51437 29.9076 -2
      vertex -5.50744 30.0178 -8
      vertex -5.50744 30.0178 -2
    endloop
  endfacet
  facet normal 0.998029 -0.0627617 0
    outer loop
      vertex -5.50744 30.0178 -8
      vertex -5.51437 29.9076 -2
      vertex -5.51437 29.9076 -8
    endloop
  endfacet
  facet normal 0.811242 0.58471 0
    outer loop
      vertex -5.05849 28.4617 -2
      vertex -5.12307 28.5513 -8
      vertex -5.12307 28.5513 -2
    endloop
  endfacet
  facet normal 0.811242 0.58471 0
    outer loop
      vertex -5.12307 28.5513 -8
      vertex -5.05849 28.4617 -2
      vertex -5.05849 28.4617 -8
    endloop
  endfacet
  facet normal -0.999373 -0.0353945 0
    outer loop
      vertex -1.01614 29.8462 -8
      vertex -1.02005 29.9566 -2
      vertex -1.02005 29.9566 -8
    endloop
  endfacet
  facet normal -0.999373 -0.0353945 0
    outer loop
      vertex -1.02005 29.9566 -2
      vertex -1.01614 29.8462 -8
      vertex -1.01614 29.8462 -2
    endloop
  endfacet
  facet normal -0.960844 -0.277088 0
    outer loop
      vertex -27.6452 -2.69553 -8
      vertex -27.6758 -2.58942 -2
      vertex -27.6758 -2.58942 -8
    endloop
  endfacet
  facet normal -0.960844 -0.277088 0
    outer loop
      vertex -27.6758 -2.58942 -2
      vertex -27.6452 -2.69553 -8
      vertex -27.6452 -2.69553 -2
    endloop
  endfacet
  facet normal -0.936927 0.349525 0
    outer loop
      vertex -27.7337 -4.10432 -8
      vertex -27.6951 -4.00085 -2
      vertex -27.6951 -4.00085 -8
    endloop
  endfacet
  facet normal -0.936927 0.349525 0
    outer loop
      vertex -27.6951 -4.00085 -2
      vertex -27.7337 -4.10432 -8
      vertex -27.7337 -4.10432 -2
    endloop
  endfacet
  facet normal 0.973401 0.22911 0
    outer loop
      vertex -31.9982 -3.83649 -2
      vertex -32.0235 -3.729 -8
      vertex -32.0235 -3.729 -2
    endloop
  endfacet
  facet normal 0.973401 0.22911 0
    outer loop
      vertex -32.0235 -3.729 -8
      vertex -31.9982 -3.83649 -2
      vertex -31.9982 -3.83649 -8
    endloop
  endfacet
  facet normal 0.87535 -0.483489 0
    outer loop
      vertex -31.8175 -2.22707 -2
      vertex -31.7641 -2.13039 -8
      vertex -31.7641 -2.13039 -2
    endloop
  endfacet
  facet normal 0.87535 -0.483489 0
    outer loop
      vertex -31.7641 -2.13039 -8
      vertex -31.8175 -2.22707 -2
      vertex -31.8175 -2.22707 -8
    endloop
  endfacet
  facet normal -0.208465 -0.97803 0
    outer loop
      vertex -29.4068 -1.05458 -8
      vertex -29.2988 -1.0776 -2
      vertex -29.4068 -1.05458 -2
    endloop
  endfacet
  facet normal -0.208465 -0.97803 -0
    outer loop
      vertex -29.2988 -1.0776 -2
      vertex -29.4068 -1.05458 -8
      vertex -29.2988 -1.0776 -8
    endloop
  endfacet
  facet normal -0.993777 0.111386 0
    outer loop
      vertex -27.5926 -3.57185 -8
      vertex -27.5803 -3.46211 -2
      vertex -27.5803 -3.46211 -8
    endloop
  endfacet
  facet normal -0.993777 0.111386 0
    outer loop
      vertex -27.5803 -3.46211 -2
      vertex -27.5926 -3.57185 -8
      vertex -27.5926 -3.57185 -2
    endloop
  endfacet
  facet normal -0.978071 0.208274 0
    outer loop
      vertex -27.6333 -3.78887 -8
      vertex -27.6103 -3.68086 -2
      vertex -27.6103 -3.68086 -8
    endloop
  endfacet
  facet normal -0.978071 0.208274 0
    outer loop
      vertex -27.6103 -3.68086 -2
      vertex -27.6333 -3.78887 -8
      vertex -27.6333 -3.78887 -2
    endloop
  endfacet
  facet normal -0.303166 -0.952938 0
    outer loop
      vertex -29.1921 -1.10589 -8
      vertex -29.0868 -1.13939 -2
      vertex -29.1921 -1.10589 -2
    endloop
  endfacet
  facet normal -0.303166 -0.952938 -0
    outer loop
      vertex -29.0868 -1.13939 -2
      vertex -29.1921 -1.10589 -8
      vertex -29.0868 -1.13939 -8
    endloop
  endfacet
  facet normal 0.991101 0.133113 0
    outer loop
      vertex -32.0436 -3.62041 -2
      vertex -32.0583 -3.51096 -8
      vertex -32.0583 -3.51096 -2
    endloop
  endfacet
  facet normal 0.991101 0.133113 0
    outer loop
      vertex -32.0583 -3.51096 -8
      vertex -32.0436 -3.62041 -2
      vertex -32.0436 -3.62041 -8
    endloop
  endfacet
  facet normal 0.181729 -0.983349 0
    outer loop
      vertex -30.2847 -1.06416 -8
      vertex -30.1761 -1.04409 -2
      vertex -30.2847 -1.06416 -2
    endloop
  endfacet
  facet normal 0.181729 -0.983349 0
    outer loop
      vertex -30.1761 -1.04409 -2
      vertex -30.2847 -1.06416 -8
      vertex -30.1761 -1.04409 -8
    endloop
  endfacet
  facet normal 0.525906 0.850543 -0
    outer loop
      vertex -30.9573 -5.2084 -8
      vertex -31.0512 -5.15034 -2
      vertex -30.9573 -5.2084 -2
    endloop
  endfacet
  facet normal 0.525906 0.850543 0
    outer loop
      vertex -31.0512 -5.15034 -2
      vertex -30.9573 -5.2084 -8
      vertex -31.0512 -5.15034 -8
    endloop
  endfacet
  facet normal 0.918404 -0.395645 0
    outer loop
      vertex -31.9097 -2.42769 -2
      vertex -31.866 -2.32625 -8
      vertex -31.866 -2.32625 -2
    endloop
  endfacet
  facet normal 0.918404 -0.395645 0
    outer loop
      vertex -31.866 -2.32625 -8
      vertex -31.9097 -2.42769 -2
      vertex -31.9097 -2.42769 -8
    endloop
  endfacet
  facet normal -0.160198 -0.987085 0
    outer loop
      vertex -29.5158 -1.03689 -8
      vertex -29.4068 -1.05458 -2
      vertex -29.5158 -1.03689 -2
    endloop
  endfacet
  facet normal -0.160198 -0.987085 -0
    outer loop
      vertex -29.4068 -1.05458 -2
      vertex -29.5158 -1.03689 -8
      vertex -29.4068 -1.05458 -8
    endloop
  endfacet
  facet normal 0.936927 -0.349525 0
    outer loop
      vertex -31.9483 -2.53116 -2
      vertex -31.9097 -2.42769 -8
      vertex -31.9097 -2.42769 -2
    endloop
  endfacet
  facet normal 0.936927 -0.349525 0
    outer loop
      vertex -31.9097 -2.42769 -8
      vertex -31.9483 -2.53116 -2
      vertex -31.9483 -2.53116 -8
    endloop
  endfacet
  facet normal 0.606586 0.795018 -0
    outer loop
      vertex -31.1422 -5.08774 -8
      vertex -31.23 -5.02075 -2
      vertex -31.1422 -5.08774 -2
    endloop
  endfacet
  facet normal 0.606586 0.795018 0
    outer loop
      vertex -31.23 -5.02075 -2
      vertex -31.1422 -5.08774 -8
      vertex -31.23 -5.02075 -8
    endloop
  endfacet
  facet normal -0.181729 0.983349 0
    outer loop
      vertex -29.3587 -5.46785 -8
      vertex -29.4673 -5.48792 -2
      vertex -29.3587 -5.46785 -2
    endloop
  endfacet
  facet normal -0.181729 0.983349 0
    outer loop
      vertex -29.4673 -5.48792 -2
      vertex -29.3587 -5.46785 -8
      vertex -29.4673 -5.48792 -8
    endloop
  endfacet
  facet normal 0.909901 0.414826 0
    outer loop
      vertex -31.8451 -4.25013 -2
      vertex -31.8909 -4.14967 -8
      vertex -31.8909 -4.14967 -2
    endloop
  endfacet
  facet normal 0.909901 0.414826 0
    outer loop
      vertex -31.8909 -4.14967 -8
      vertex -31.8451 -4.25013 -2
      vertex -31.8451 -4.25013 -8
    endloop
  endfacet
  facet normal 0.661526 -0.749922 0
    outer loop
      vertex -31.3508 -1.61545 -8
      vertex -31.268 -1.54241 -2
      vertex -31.3508 -1.61545 -2
    endloop
  endfacet
  facet normal 0.661526 -0.749922 0
    outer loop
      vertex -31.268 -1.54241 -2
      vertex -31.3508 -1.61545 -8
      vertex -31.268 -1.54241 -8
    endloop
  endfacet
  facet normal 0.303428 0.952854 -0
    outer loop
      vertex -30.4513 -5.42612 -8
      vertex -30.5565 -5.39262 -2
      vertex -30.4513 -5.42612 -2
    endloop
  endfacet
  facet normal 0.303428 0.952854 0
    outer loop
      vertex -30.5565 -5.39262 -2
      vertex -30.4513 -5.42612 -8
      vertex -30.5565 -5.39262 -8
    endloop
  endfacet
  facet normal -0.983459 -0.181132 0
    outer loop
      vertex -27.5998 -2.9116 -8
      vertex -27.6198 -2.80301 -2
      vertex -27.6198 -2.80301 -8
    endloop
  endfacet
  facet normal -0.983459 -0.181132 0
    outer loop
      vertex -27.6198 -2.80301 -2
      vertex -27.5998 -2.9116 -8
      vertex -27.5998 -2.9116 -2
    endloop
  endfacet
  facet normal -0.133261 0.991081 0
    outer loop
      vertex -29.4673 -5.48792 -8
      vertex -29.5767 -5.50263 -2
      vertex -29.4673 -5.48792 -2
    endloop
  endfacet
  facet normal -0.133261 0.991081 0
    outer loop
      vertex -29.5767 -5.50263 -2
      vertex -29.4673 -5.48792 -8
      vertex -29.5767 -5.50263 -8
    endloop
  endfacet
  facet normal -0.459342 0.88826 0
    outer loop
      vertex -28.7395 -5.23864 -8
      vertex -28.8376 -5.28937 -2
      vertex -28.7395 -5.23864 -2
    endloop
  endfacet
  facet normal -0.459342 0.88826 0
    outer loop
      vertex -28.8376 -5.28937 -2
      vertex -28.7395 -5.23864 -8
      vertex -28.8376 -5.28937 -8
    endloop
  endfacet
  facet normal -0.96661 0.256253 0
    outer loop
      vertex -27.6616 -3.89562 -8
      vertex -27.6333 -3.78887 -2
      vertex -27.6333 -3.78887 -8
    endloop
  endfacet
  facet normal -0.96661 0.256253 0
    outer loop
      vertex -27.6333 -3.78887 -2
      vertex -27.6616 -3.89562 -8
      vertex -27.6616 -3.89562 -2
    endloop
  endfacet
  facet normal -0.349892 -0.93679 0
    outer loop
      vertex -29.0868 -1.13939 -8
      vertex -28.9834 -1.17801 -2
      vertex -29.0868 -1.13939 -2
    endloop
  endfacet
  facet normal -0.349892 -0.93679 -0
    outer loop
      vertex -28.9834 -1.17801 -2
      vertex -29.0868 -1.13939 -8
      vertex -28.9834 -1.17801 -8
    endloop
  endfacet
  facet normal 0.681624 0.731702 -0
    outer loop
      vertex -31.3144 -4.94953 -8
      vertex -31.3952 -4.87426 -2
      vertex -31.3144 -4.94953 -2
    endloop
  endfacet
  facet normal 0.681624 0.731702 0
    outer loop
      vertex -31.3952 -4.87426 -2
      vertex -31.3144 -4.94953 -8
      vertex -31.3952 -4.87426 -8
    endloop
  endfacet
  facet normal 0.83895 0.544208 0
    outer loop
      vertex -31.6787 -4.53637 -2
      vertex -31.7388 -4.44372 -8
      vertex -31.7388 -4.44372 -2
    endloop
  endfacet
  facet normal 0.83895 0.544208 0
    outer loop
      vertex -31.7388 -4.44372 -8
      vertex -31.6787 -4.53637 -2
      vertex -31.6787 -4.53637 -8
    endloop
  endfacet
  facet normal 0.324012 -0.946053 0
    outer loop
      vertex -30.6028 -1.15593 -8
      vertex -30.4983 -1.12014 -2
      vertex -30.6028 -1.15593 -2
    endloop
  endfacet
  facet normal 0.324012 -0.946053 0
    outer loop
      vertex -30.4983 -1.12014 -2
      vertex -30.6028 -1.15593 -8
      vertex -30.4983 -1.12014 -8
    endloop
  endfacet
  facet normal 0.277196 -0.960813 0
    outer loop
      vertex -30.4983 -1.12014 -8
      vertex -30.3922 -1.08953 -2
      vertex -30.4983 -1.12014 -2
    endloop
  endfacet
  facet normal 0.277196 -0.960813 0
    outer loop
      vertex -30.3922 -1.08953 -2
      vertex -30.4983 -1.12014 -8
      vertex -30.3922 -1.08953 -8
    endloop
  endfacet
  facet normal 0.946006 0.324148 0
    outer loop
      vertex -31.9318 -4.04707 -2
      vertex -31.9676 -3.94259 -8
      vertex -31.9676 -3.94259 -2
    endloop
  endfacet
  facet normal 0.946006 0.324148 0
    outer loop
      vertex -31.9676 -3.94259 -8
      vertex -31.9318 -4.04707 -2
      vertex -31.9318 -4.04707 -8
    endloop
  endfacet
  facet normal 0.96661 -0.256253 0
    outer loop
      vertex -32.0101 -2.74314 -2
      vertex -31.9818 -2.63639 -8
      vertex -31.9818 -2.63639 -2
    endloop
  endfacet
  facet normal 0.96661 -0.256253 0
    outer loop
      vertex -31.9818 -2.63639 -8
      vertex -32.0101 -2.74314 -2
      vertex -32.0101 -2.74314 -8
    endloop
  endfacet
  facet normal 0.349595 0.936901 -0
    outer loop
      vertex -30.5565 -5.39262 -8
      vertex -30.66 -5.354 -2
      vertex -30.5565 -5.39262 -2
    endloop
  endfacet
  facet normal 0.349595 0.936901 0
    outer loop
      vertex -30.66 -5.354 -2
      vertex -30.5565 -5.39262 -8
      vertex -30.66 -5.354 -8
    endloop
  endfacet
  facet normal -0.395066 -0.918653 0
    outer loop
      vertex -28.9834 -1.17801 -8
      vertex -28.8819 -1.22166 -2
      vertex -28.9834 -1.17801 -2
    endloop
  endfacet
  facet normal -0.395066 -0.918653 -0
    outer loop
      vertex -28.8819 -1.22166 -2
      vertex -28.9834 -1.17801 -8
      vertex -28.8819 -1.22166 -8
    endloop
  endfacet
  facet normal -0.850481 0.526005 0
    outer loop
      vertex -27.9374 -4.49556 -8
      vertex -27.8793 -4.40162 -2
      vertex -27.8793 -4.40162 -8
    endloop
  endfacet
  facet normal -0.850481 0.526005 0
    outer loop
      vertex -27.8793 -4.40162 -2
      vertex -27.9374 -4.49556 -8
      vertex -27.9374 -4.49556 -2
    endloop
  endfacet
  facet normal 0.566759 0.823883 -0
    outer loop
      vertex -31.0512 -5.15034 -8
      vertex -31.1422 -5.08774 -2
      vertex -31.0512 -5.15034 -2
    endloop
  endfacet
  facet normal 0.566759 0.823883 0
    outer loop
      vertex -31.1422 -5.08774 -2
      vertex -31.0512 -5.15034 -8
      vertex -31.1422 -5.08774 -8
    endloop
  endfacet
  facet normal -0.323931 0.946081 0
    outer loop
      vertex -29.0406 -5.37609 -8
      vertex -29.1451 -5.41187 -2
      vertex -29.0406 -5.37609 -2
    endloop
  endfacet
  facet normal -0.323931 0.946081 0
    outer loop
      vertex -29.1451 -5.41187 -2
      vertex -29.0406 -5.37609 -8
      vertex -29.1451 -5.41187 -8
    endloop
  endfacet
  facet normal -0.909901 -0.414826 0
    outer loop
      vertex -27.7525 -2.38234 -8
      vertex -27.7983 -2.28188 -2
      vertex -27.7983 -2.28188 -8
    endloop
  endfacet
  facet normal -0.909901 -0.414826 0
    outer loop
      vertex -27.7983 -2.28188 -2
      vertex -27.7525 -2.38234 -8
      vertex -27.7525 -2.38234 -2
    endloop
  endfacet
  facet normal 0.415406 -0.909636 0
    outer loop
      vertex -30.8058 -1.24264 -8
      vertex -30.7054 -1.19679 -2
      vertex -30.8058 -1.24264 -2
    endloop
  endfacet
  facet normal 0.415406 -0.909636 0
    outer loop
      vertex -30.7054 -1.19679 -2
      vertex -30.8058 -1.24264 -8
      vertex -30.7054 -1.19679 -8
    endloop
  endfacet
  facet normal -0.277196 0.960813 0
    outer loop
      vertex -29.1451 -5.41187 -8
      vertex -29.2512 -5.44248 -2
      vertex -29.1451 -5.41187 -2
    endloop
  endfacet
  facet normal -0.277196 0.960813 0
    outer loop
      vertex -29.2512 -5.44248 -2
      vertex -29.1451 -5.41187 -8
      vertex -29.2512 -5.44248 -8
    endloop
  endfacet
  facet normal 0.987073 -0.160271 0
    outer loop
      vertex -32.0508 -2.96016 -2
      vertex -32.0331 -2.85115 -8
      vertex -32.0331 -2.85115 -2
    endloop
  endfacet
  facet normal 0.987073 -0.160271 0
    outer loop
      vertex -32.0331 -2.85115 -8
      vertex -32.0508 -2.96016 -2
      vertex -32.0508 -2.96016 -8
    endloop
  endfacet
  facet normal 0.502328 -0.864677 0
    outer loop
      vertex -30.9994 -1.34885 -8
      vertex -30.9039 -1.29337 -2
      vertex -30.9994 -1.34885 -2
    endloop
  endfacet
  facet normal 0.502328 -0.864677 0
    outer loop
      vertex -30.9039 -1.29337 -2
      vertex -30.9994 -1.34885 -8
      vertex -30.9039 -1.29337 -8
    endloop
  endfacet
  facet normal -0.525501 -0.850793 0
    outer loop
      vertex -28.6861 -1.32361 -8
      vertex -28.5921 -1.38167 -2
      vertex -28.6861 -1.32361 -2
    endloop
  endfacet
  facet normal -0.525501 -0.850793 -0
    outer loop
      vertex -28.5921 -1.38167 -2
      vertex -28.6861 -1.32361 -8
      vertex -28.5921 -1.38167 -8
    endloop
  endfacet
  facet normal -0.996371 -0.0851135 0
    outer loop
      vertex -27.5757 -3.1311 -8
      vertex -27.5851 -3.02106 -2
      vertex -27.5851 -3.02106 -8
    endloop
  endfacet
  facet normal -0.996371 -0.0851135 0
    outer loop
      vertex -27.5851 -3.02106 -2
      vertex -27.5757 -3.1311 -8
      vertex -27.5757 -3.1311 -2
    endloop
  endfacet
  facet normal 0.160198 0.987085 -0
    outer loop
      vertex -30.1275 -5.49512 -8
      vertex -30.2365 -5.47743 -2
      vertex -30.1275 -5.49512 -2
    endloop
  endfacet
  facet normal 0.160198 0.987085 0
    outer loop
      vertex -30.2365 -5.47743 -2
      vertex -30.1275 -5.49512 -8
      vertex -30.2365 -5.47743 -8
    endloop
  endfacet
  facet normal -0.946006 -0.324148 0
    outer loop
      vertex -27.6758 -2.58942 -8
      vertex -27.7116 -2.48494 -2
      vertex -27.7116 -2.48494 -8
    endloop
  endfacet
  facet normal -0.946006 -0.324148 0
    outer loop
      vertex -27.7116 -2.48494 -2
      vertex -27.6758 -2.58942 -8
      vertex -27.6758 -2.58942 -2
    endloop
  endfacet
  facet normal 0.483274 0.875469 -0
    outer loop
      vertex -30.8606 -5.26178 -8
      vertex -30.9573 -5.2084 -2
      vertex -30.8606 -5.26178 -2
    endloop
  endfacet
  facet normal 0.483274 0.875469 0
    outer loop
      vertex -30.9573 -5.2084 -2
      vertex -30.8606 -5.26178 -8
      vertex -30.9573 -5.2084 -8
    endloop
  endfacet
  facet normal -0.991103 -0.133101 0
    outer loop
      vertex -27.5851 -3.02106 -8
      vertex -27.5998 -2.9116 -2
      vertex -27.5998 -2.9116 -8
    endloop
  endfacet
  facet normal -0.991103 -0.133101 0
    outer loop
      vertex -27.5998 -2.9116 -2
      vertex -27.5851 -3.02106 -8
      vertex -27.5851 -3.02106 -2
    endloop
  endfacet
  facet normal 0.983297 0.182008 0
    outer loop
      vertex -32.0235 -3.729 -2
      vertex -32.0436 -3.62041 -8
      vertex -32.0436 -3.62041 -2
    endloop
  endfacet
  facet normal 0.983297 0.182008 0
    outer loop
      vertex -32.0436 -3.62041 -8
      vertex -32.0235 -3.729 -2
      vertex -32.0235 -3.729 -8
    endloop
  endfacet
  facet normal -0.567244 -0.82355 0
    outer loop
      vertex -28.5921 -1.38167 -8
      vertex -28.5012 -1.44428 -2
      vertex -28.5921 -1.38167 -2
    endloop
  endfacet
  facet normal -0.567244 -0.82355 -0
    outer loop
      vertex -28.5012 -1.44428 -2
      vertex -28.5921 -1.38167 -8
      vertex -28.5012 -1.44428 -8
    endloop
  endfacet
  facet normal -0.0626715 -0.998034 0
    outer loop
      vertex -29.7358 -1.01765 -8
      vertex -29.6256 -1.02457 -2
      vertex -29.7358 -1.01765 -2
    endloop
  endfacet
  facet normal -0.0626715 -0.998034 -0
    outer loop
      vertex -29.6256 -1.02457 -2
      vertex -29.7358 -1.01765 -8
      vertex -29.6256 -1.02457 -8
    endloop
  endfacet
  facet normal 0.864576 0.502502 0
    outer loop
      vertex -31.7388 -4.44372 -2
      vertex -31.7943 -4.34823 -8
      vertex -31.7943 -4.34823 -2
    endloop
  endfacet
  facet normal 0.864576 0.502502 0
    outer loop
      vertex -31.7943 -4.34823 -8
      vertex -31.7388 -4.44372 -2
      vertex -31.7388 -4.44372 -8
    endloop
  endfacet
  facet normal 0.823796 -0.566886 0
    outer loop
      vertex -31.706 -2.03645 -2
      vertex -31.6434 -1.94548 -8
      vertex -31.6434 -1.94548 -2
    endloop
  endfacet
  facet normal 0.823796 -0.566886 0
    outer loop
      vertex -31.6434 -1.94548 -8
      vertex -31.706 -2.03645 -2
      vertex -31.706 -2.03645 -8
    endloop
  endfacet
  facet normal 0.850481 -0.526005 0
    outer loop
      vertex -31.7641 -2.13039 -2
      vertex -31.706 -2.03645 -8
      vertex -31.706 -2.03645 -2
    endloop
  endfacet
  facet normal 0.850481 -0.526005 0
    outer loop
      vertex -31.706 -2.03645 -8
      vertex -31.7641 -2.13039 -2
      vertex -31.7641 -2.13039 -8
    endloop
  endfacet
  facet normal -0.987073 0.160271 0
    outer loop
      vertex -27.6103 -3.68086 -8
      vertex -27.5926 -3.57185 -2
      vertex -27.5926 -3.57185 -8
    endloop
  endfacet
  facet normal -0.987073 0.160271 0
    outer loop
      vertex -27.5926 -3.57185 -2
      vertex -27.6103 -3.68086 -8
      vertex -27.6103 -3.68086 -2
    endloop
  endfacet
  facet normal -0.644858 -0.764303 0
    outer loop
      vertex -28.4134 -1.51127 -8
      vertex -28.329 -1.58248 -2
      vertex -28.4134 -1.51127 -2
    endloop
  endfacet
  facet normal -0.644858 -0.764303 -0
    outer loop
      vertex -28.329 -1.58248 -2
      vertex -28.4134 -1.51127 -8
      vertex -28.329 -1.58248 -8
    endloop
  endfacet
  facet normal 0.999895 -0.0144873 0
    outer loop
      vertex -32.0716 -3.29055 -2
      vertex -32.07 -3.18012 -8
      vertex -32.07 -3.18012 -2
    endloop
  endfacet
  facet normal 0.999895 -0.0144873 0
    outer loop
      vertex -32.07 -3.18012 -8
      vertex -32.0716 -3.29055 -2
      vertex -32.0716 -3.29055 -8
    endloop
  endfacet
  facet normal 0.0627617 0.998029 -0
    outer loop
      vertex -29.9076 -5.51437 -8
      vertex -30.0178 -5.50744 -2
      vertex -29.9076 -5.51437 -2
    endloop
  endfacet
  facet normal 0.0627617 0.998029 0
    outer loop
      vertex -30.0178 -5.50744 -2
      vertex -29.9076 -5.51437 -8
      vertex -30.0178 -5.50744 -8
    endloop
  endfacet
  facet normal 0.996448 0.0842145 0
    outer loop
      vertex -32.0583 -3.51096 -2
      vertex -32.0676 -3.40092 -8
      vertex -32.0676 -3.40092 -2
    endloop
  endfacet
  facet normal 0.996448 0.0842145 0
    outer loop
      vertex -32.0676 -3.40092 -8
      vertex -32.0583 -3.51096 -2
      vertex -32.0583 -3.51096 -8
    endloop
  endfacet
  facet normal -0.483274 -0.875469 0
    outer loop
      vertex -28.7828 -1.27023 -8
      vertex -28.6861 -1.32361 -2
      vertex -28.7828 -1.27023 -2
    endloop
  endfacet
  facet normal -0.483274 -0.875469 -0
    outer loop
      vertex -28.6861 -1.32361 -2
      vertex -28.7828 -1.27023 -8
      vertex -28.6861 -1.32361 -8
    endloop
  endfacet
  facet normal -0.440096 -0.897951 0
    outer loop
      vertex -28.8819 -1.22166 -8
      vertex -28.7828 -1.27023 -2
      vertex -28.8819 -1.22166 -2
    endloop
  endfacet
  facet normal -0.440096 -0.897951 -0
    outer loop
      vertex -28.7828 -1.27023 -2
      vertex -28.8819 -1.22166 -8
      vertex -28.7828 -1.27023 -8
    endloop
  endfacet
  facet normal 0.999344 0.036218 0
    outer loop
      vertex -32.0676 -3.40092 -2
      vertex -32.0716 -3.29055 -8
      vertex -32.0716 -3.29055 -2
    endloop
  endfacet
  facet normal 0.999344 0.036218 0
    outer loop
      vertex -32.0716 -3.29055 -8
      vertex -32.0676 -3.40092 -2
      vertex -32.0676 -3.40092 -8
    endloop
  endfacet
  facet normal 0.0135734 0.999908 -0
    outer loop
      vertex -29.7971 -5.51587 -8
      vertex -29.9076 -5.51437 -2
      vertex -29.7971 -5.51587 -2
    endloop
  endfacet
  facet normal 0.0135734 0.999908 0
    outer loop
      vertex -29.9076 -5.51437 -2
      vertex -29.7971 -5.51587 -8
      vertex -29.9076 -5.51437 -8
    endloop
  endfacet
  facet normal -0.0354265 0.999372 0
    outer loop
      vertex -29.6868 -5.51196 -8
      vertex -29.7971 -5.51587 -2
      vertex -29.6868 -5.51196 -2
    endloop
  endfacet
  facet normal -0.0354265 0.999372 0
    outer loop
      vertex -29.7971 -5.51587 -2
      vertex -29.6868 -5.51196 -8
      vertex -29.7971 -5.51587 -8
    endloop
  endfacet
  facet normal 0.960838 0.277112 0
    outer loop
      vertex -31.9676 -3.94259 -2
      vertex -31.9982 -3.83649 -8
      vertex -31.9982 -3.83649 -2
    endloop
  endfacet
  facet normal 0.960838 0.277112 0
    outer loop
      vertex -31.9982 -3.83649 -8
      vertex -31.9676 -3.94259 -2
      vertex -31.9676 -3.94259 -8
    endloop
  endfacet
  facet normal 0.256281 0.966602 -0
    outer loop
      vertex -30.3446 -5.45441 -8
      vertex -30.4513 -5.42612 -2
      vertex -30.3446 -5.45441 -2
    endloop
  endfacet
  facet normal 0.256281 0.966602 0
    outer loop
      vertex -30.4513 -5.42612 -2
      vertex -30.3446 -5.45441 -8
      vertex -30.4513 -5.42612 -8
    endloop
  endfacet
  facet normal 0.459342 -0.88826 0
    outer loop
      vertex -30.9039 -1.29337 -8
      vertex -30.8058 -1.24264 -2
      vertex -30.9039 -1.29337 -2
    endloop
  endfacet
  facet normal 0.459342 -0.88826 0
    outer loop
      vertex -30.8058 -1.24264 -2
      vertex -30.9039 -1.29337 -8
      vertex -30.8058 -1.24264 -8
    endloop
  endfacet
  facet normal 0.794974 -0.606643 0
    outer loop
      vertex -31.6434 -1.94548 -2
      vertex -31.5764 -1.85768 -8
      vertex -31.5764 -1.85768 -2
    endloop
  endfacet
  facet normal 0.794974 -0.606643 0
    outer loop
      vertex -31.5764 -1.85768 -8
      vertex -31.6434 -1.94548 -2
      vertex -31.6434 -1.94548 -8
    endloop
  endfacet
  facet normal 0.749772 0.661696 0
    outer loop
      vertex -31.4722 -4.79511 -2
      vertex -31.5453 -4.71228 -8
      vertex -31.5453 -4.71228 -2
    endloop
  endfacet
  facet normal 0.749772 0.661696 0
    outer loop
      vertex -31.5453 -4.71228 -8
      vertex -31.4722 -4.79511 -2
      vertex -31.4722 -4.79511 -8
    endloop
  endfacet
  facet normal -0.502328 0.864677 0
    outer loop
      vertex -28.644 -5.18316 -8
      vertex -28.7395 -5.23864 -2
      vertex -28.644 -5.18316 -2
    endloop
  endfacet
  facet normal -0.502328 0.864677 0
    outer loop
      vertex -28.7395 -5.23864 -2
      vertex -28.644 -5.18316 -8
      vertex -28.7395 -5.23864 -8
    endloop
  endfacet
  facet normal -0.999376 -0.0353168 0
    outer loop
      vertex -27.5718 -3.24146 -8
      vertex -27.5757 -3.1311 -2
      vertex -27.5757 -3.1311 -8
    endloop
  endfacet
  facet normal -0.999376 -0.0353168 0
    outer loop
      vertex -27.5757 -3.1311 -2
      vertex -27.5718 -3.24146 -8
      vertex -27.5718 -3.24146 -2
    endloop
  endfacet
  facet normal 0.781557 0.623833 0
    outer loop
      vertex -31.5453 -4.71228 -2
      vertex -31.6142 -4.62596 -8
      vertex -31.6142 -4.62596 -2
    endloop
  endfacet
  facet normal 0.781557 0.623833 0
    outer loop
      vertex -31.6142 -4.62596 -8
      vertex -31.5453 -4.71228 -2
      vertex -31.5453 -4.71228 -8
    endloop
  endfacet
  facet normal 0.395395 0.918511 -0
    outer loop
      vertex -30.66 -5.354 -8
      vertex -30.7614 -5.31035 -2
      vertex -30.66 -5.354 -2
    endloop
  endfacet
  facet normal 0.395395 0.918511 0
    outer loop
      vertex -30.7614 -5.31035 -2
      vertex -30.66 -5.354 -8
      vertex -30.7614 -5.31035 -8
    endloop
  endfacet
  facet normal 0.811555 0.584276 0
    outer loop
      vertex -31.6142 -4.62596 -2
      vertex -31.6787 -4.53637 -8
      vertex -31.6787 -4.53637 -2
    endloop
  endfacet
  facet normal 0.811555 0.584276 0
    outer loop
      vertex -31.6787 -4.53637 -8
      vertex -31.6142 -4.62596 -2
      vertex -31.6142 -4.62596 -8
    endloop
  endfacet
  facet normal 0.22969 -0.973264 0
    outer loop
      vertex -30.3922 -1.08953 -8
      vertex -30.2847 -1.06416 -2
      vertex -30.3922 -1.08953 -2
    endloop
  endfacet
  facet normal 0.22969 -0.973264 0
    outer loop
      vertex -30.2847 -1.06416 -2
      vertex -30.3922 -1.08953 -8
      vertex -30.2847 -1.06416 -8
    endloop
  endfacet
  facet normal 0.888001 0.459842 0
    outer loop
      vertex -31.7943 -4.34823 -2
      vertex -31.8451 -4.25013 -8
      vertex -31.8451 -4.25013 -2
    endloop
  endfacet
  facet normal 0.888001 0.459842 0
    outer loop
      vertex -31.8451 -4.25013 -8
      vertex -31.7943 -4.34823 -2
      vertex -31.7943 -4.34823 -8
    endloop
  endfacet
  facet normal -0.795378 0.606114 0
    outer loop
      vertex -28.0669 -4.67433 -8
      vertex -28 -4.58654 -2
      vertex -28 -4.58654 -8
    endloop
  endfacet
  facet normal -0.795378 0.606114 0
    outer loop
      vertex -28 -4.58654 -2
      vertex -28.0669 -4.67433 -8
      vertex -28.0669 -4.67433 -2
    endloop
  endfacet
  facet normal -0.750221 -0.661187 0
    outer loop
      vertex -28.0981 -1.81973 -8
      vertex -28.1711 -1.7369 -2
      vertex -28.1711 -1.7369 -8
    endloop
  endfacet
  facet normal -0.750221 -0.661187 0
    outer loop
      vertex -28.1711 -1.7369 -2
      vertex -28.0981 -1.81973 -8
      vertex -28.0981 -1.81973 -2
    endloop
  endfacet
  facet normal 0.928913 0.370298 0
    outer loop
      vertex -31.8909 -4.14967 -2
      vertex -31.9318 -4.04707 -8
      vertex -31.9318 -4.04707 -2
    endloop
  endfacet
  facet normal 0.928913 0.370298 0
    outer loop
      vertex -31.9318 -4.04707 -8
      vertex -31.8909 -4.14967 -2
      vertex -31.8909 -4.14967 -8
    endloop
  endfacet
  facet normal 0.439738 0.898126 -0
    outer loop
      vertex -30.7614 -5.31035 -8
      vertex -30.8606 -5.26178 -2
      vertex -30.7614 -5.31035 -2
    endloop
  endfacet
  facet normal 0.439738 0.898126 0
    outer loop
      vertex -30.8606 -5.26178 -2
      vertex -30.7614 -5.31035 -8
      vertex -30.8606 -5.26178 -8
    endloop
  endfacet
  facet normal 0.898341 -0.439298 0
    outer loop
      vertex -31.866 -2.32625 -2
      vertex -31.8175 -2.22707 -8
      vertex -31.8175 -2.22707 -2
    endloop
  endfacet
  facet normal 0.898341 -0.439298 0
    outer loop
      vertex -31.8175 -2.22707 -8
      vertex -31.866 -2.32625 -2
      vertex -31.866 -2.32625 -8
    endloop
  endfacet
  facet normal -0.697125 0.71695 0
    outer loop
      vertex -28.2134 -4.83955 -8
      vertex -28.2926 -4.91656 -2
      vertex -28.2134 -4.83955 -2
    endloop
  endfacet
  facet normal -0.697125 0.71695 0
    outer loop
      vertex -28.2926 -4.91656 -2
      vertex -28.2134 -4.83955 -8
      vertex -28.2926 -4.91656 -8
    endloop
  endfacet
  facet normal 0.731609 -0.681724 0
    outer loop
      vertex -31.5052 -1.77327 -2
      vertex -31.4299 -1.69246 -8
      vertex -31.4299 -1.69246 -2
    endloop
  endfacet
  facet normal 0.731609 -0.681724 0
    outer loop
      vertex -31.4299 -1.69246 -8
      vertex -31.5052 -1.77327 -2
      vertex -31.5052 -1.77327 -8
    endloop
  endfacet
  facet normal 0.133142 -0.991097 0
    outer loop
      vertex -30.1761 -1.04409 -8
      vertex -30.0666 -1.02938 -2
      vertex -30.1761 -1.04409 -2
    endloop
  endfacet
  facet normal 0.133142 -0.991097 0
    outer loop
      vertex -30.0666 -1.02938 -2
      vertex -30.1761 -1.04409 -8
      vertex -30.0666 -1.02938 -8
    endloop
  endfacet
  facet normal -0.999908 0.013582 0
    outer loop
      vertex -27.5733 -3.35189 -8
      vertex -27.5718 -3.24146 -2
      vertex -27.5718 -3.24146 -8
    endloop
  endfacet
  facet normal -0.999908 0.013582 0
    outer loop
      vertex -27.5718 -3.24146 -2
      vertex -27.5733 -3.35189 -8
      vertex -27.5733 -3.35189 -2
    endloop
  endfacet
  facet normal -0.763939 0.645289 0
    outer loop
      vertex -28.1382 -4.75874 -8
      vertex -28.0669 -4.67433 -2
      vertex -28.0669 -4.67433 -8
    endloop
  endfacet
  facet normal -0.763939 0.645289 0
    outer loop
      vertex -28.0669 -4.67433 -2
      vertex -28.1382 -4.75874 -8
      vertex -28.1382 -4.75874 -2
    endloop
  endfacet
  facet normal -0.543938 0.839125 0
    outer loop
      vertex -28.5513 -5.12307 -8
      vertex -28.644 -5.18316 -2
      vertex -28.5513 -5.12307 -2
    endloop
  endfacet
  facet normal -0.543938 0.839125 0
    outer loop
      vertex -28.644 -5.18316 -2
      vertex -28.5513 -5.12307 -8
      vertex -28.644 -5.18316 -8
    endloop
  endfacet
  facet normal -0.781557 -0.623833 0
    outer loop
      vertex -28.0292 -1.90605 -8
      vertex -28.0981 -1.81973 -2
      vertex -28.0981 -1.81973 -8
    endloop
  endfacet
  facet normal -0.781557 -0.623833 0
    outer loop
      vertex -28.0981 -1.81973 -2
      vertex -28.0292 -1.90605 -8
      vertex -28.0292 -1.90605 -2
    endloop
  endfacet
  facet normal 0.978071 -0.208274 0
    outer loop
      vertex -32.0331 -2.85115 -2
      vertex -32.0101 -2.74314 -8
      vertex -32.0101 -2.74314 -2
    endloop
  endfacet
  facet normal 0.978071 -0.208274 0
    outer loop
      vertex -32.0101 -2.74314 -8
      vertex -32.0331 -2.85115 -2
      vertex -32.0331 -2.85115 -8
    endloop
  endfacet
  facet normal -0.732061 0.681239 0
    outer loop
      vertex -28.2134 -4.83955 -8
      vertex -28.1382 -4.75874 -2
      vertex -28.1382 -4.75874 -8
    endloop
  endfacet
  facet normal -0.732061 0.681239 0
    outer loop
      vertex -28.1382 -4.75874 -2
      vertex -28.2134 -4.83955 -8
      vertex -28.2134 -4.83955 -2
    endloop
  endfacet
  facet normal 0.623425 -0.781883 0
    outer loop
      vertex -31.268 -1.54241 -8
      vertex -31.1816 -1.47352 -2
      vertex -31.268 -1.54241 -2
    endloop
  endfacet
  facet normal 0.623425 -0.781883 0
    outer loop
      vertex -31.1816 -1.47352 -2
      vertex -31.268 -1.54241 -8
      vertex -31.1816 -1.47352 -8
    endloop
  endfacet
  facet normal 0.544002 -0.839084 0
    outer loop
      vertex -31.0921 -1.40895 -8
      vertex -30.9994 -1.34885 -2
      vertex -31.0921 -1.40895 -2
    endloop
  endfacet
  facet normal 0.544002 -0.839084 0
    outer loop
      vertex -30.9994 -1.34885 -2
      vertex -31.0921 -1.40895 -8
      vertex -30.9994 -1.34885 -8
    endloop
  endfacet
  facet normal -0.22969 0.973264 0
    outer loop
      vertex -29.2512 -5.44248 -8
      vertex -29.3587 -5.46785 -2
      vertex -29.2512 -5.44248 -2
    endloop
  endfacet
  facet normal -0.22969 0.973264 0
    outer loop
      vertex -29.3587 -5.46785 -2
      vertex -29.2512 -5.44248 -8
      vertex -29.3587 -5.46785 -8
    endloop
  endfacet
  facet normal 0.111605 0.993753 -0
    outer loop
      vertex -30.0178 -5.50744 -8
      vertex -30.1275 -5.49512 -2
      vertex -30.0178 -5.50744 -2
    endloop
  endfacet
  facet normal 0.111605 0.993753 0
    outer loop
      vertex -30.1275 -5.49512 -2
      vertex -30.0178 -5.50744 -8
      vertex -30.1275 -5.49512 -8
    endloop
  endfacet
  facet normal -0.823825 0.566844 0
    outer loop
      vertex -28 -4.58654 -8
      vertex -27.9374 -4.49556 -2
      vertex -27.9374 -4.49556 -8
    endloop
  endfacet
  facet normal -0.823825 0.566844 0
    outer loop
      vertex -27.9374 -4.49556 -2
      vertex -28 -4.58654 -8
      vertex -28 -4.58654 -2
    endloop
  endfacet
  facet normal 0.0845147 -0.996422 0
    outer loop
      vertex -30.0666 -1.02938 -8
      vertex -29.9566 -1.02005 -2
      vertex -30.0666 -1.02938 -2
    endloop
  endfacet
  facet normal 0.0845147 -0.996422 0
    outer loop
      vertex -29.9566 -1.02005 -2
      vertex -30.0666 -1.02938 -8
      vertex -29.9566 -1.02005 -8
    endloop
  endfacet
  facet normal -0.681221 -0.732078 0
    outer loop
      vertex -28.329 -1.58248 -8
      vertex -28.2481 -1.65776 -2
      vertex -28.329 -1.58248 -2
    endloop
  endfacet
  facet normal -0.681221 -0.732078 -0
    outer loop
      vertex -28.2481 -1.65776 -2
      vertex -28.329 -1.58248 -8
      vertex -28.2481 -1.65776 -8
    endloop
  endfacet
  facet normal 0.764385 -0.64476 0
    outer loop
      vertex -31.5764 -1.85768 -2
      vertex -31.5052 -1.77327 -8
      vertex -31.5052 -1.77327 -2
    endloop
  endfacet
  facet normal 0.764385 -0.64476 0
    outer loop
      vertex -31.5052 -1.77327 -8
      vertex -31.5764 -1.85768 -2
      vertex -31.5764 -1.85768 -8
    endloop
  endfacet
  facet normal -0.888001 -0.459842 0
    outer loop
      vertex -27.7983 -2.28188 -8
      vertex -27.8491 -2.18378 -2
      vertex -27.8491 -2.18378 -8
    endloop
  endfacet
  facet normal -0.888001 -0.459842 0
    outer loop
      vertex -27.8491 -2.18378 -2
      vertex -27.7983 -2.28188 -8
      vertex -27.7983 -2.28188 -2
    endloop
  endfacet
  facet normal -0.973193 -0.229988 0
    outer loop
      vertex -27.6198 -2.80301 -8
      vertex -27.6452 -2.69553 -2
      vertex -27.6452 -2.69553 -8
    endloop
  endfacet
  facet normal -0.973193 -0.229988 0
    outer loop
      vertex -27.6452 -2.69553 -2
      vertex -27.6198 -2.80301 -8
      vertex -27.6198 -2.80301 -2
    endloop
  endfacet
  facet normal 0.644911 0.764258 -0
    outer loop
      vertex -31.23 -5.02075 -8
      vertex -31.3144 -4.94953 -2
      vertex -31.23 -5.02075 -2
    endloop
  endfacet
  facet normal 0.644911 0.764258 0
    outer loop
      vertex -31.3144 -4.94953 -2
      vertex -31.23 -5.02075 -8
      vertex -31.3144 -4.94953 -8
    endloop
  endfacet
  facet normal -0.716731 -0.69735 0
    outer loop
      vertex -28.1711 -1.7369 -8
      vertex -28.2481 -1.65776 -2
      vertex -28.2481 -1.65776 -8
    endloop
  endfacet
  facet normal -0.716731 -0.69735 0
    outer loop
      vertex -28.2481 -1.65776 -2
      vertex -28.1711 -1.7369 -8
      vertex -28.1711 -1.7369 -2
    endloop
  endfacet
  facet normal 0.993778 -0.111376 0
    outer loop
      vertex -32.0631 -3.06991 -2
      vertex -32.0508 -2.96016 -8
      vertex -32.0508 -2.96016 -2
    endloop
  endfacet
  facet normal 0.993778 -0.111376 0
    outer loop
      vertex -32.0508 -2.96016 -8
      vertex -32.0631 -3.06991 -2
      vertex -32.0631 -3.06991 -8
    endloop
  endfacet
  facet normal -0.83895 -0.544208 0
    outer loop
      vertex -27.9045 -2.08829 -8
      vertex -27.9646 -1.99564 -2
      vertex -27.9646 -1.99564 -8
    endloop
  endfacet
  facet normal -0.83895 -0.544208 0
    outer loop
      vertex -27.9646 -1.99564 -2
      vertex -27.9045 -2.08829 -8
      vertex -27.9045 -2.08829 -2
    endloop
  endfacet
  facet normal -0.811125 -0.584872 0
    outer loop
      vertex -27.9646 -1.99564 -8
      vertex -28.0292 -1.90605 -2
      vertex -28.0292 -1.90605 -8
    endloop
  endfacet
  facet normal -0.811125 -0.584872 0
    outer loop
      vertex -28.0292 -1.90605 -2
      vertex -27.9646 -1.99564 -8
      vertex -27.9646 -1.99564 -2
    endloop
  endfacet
  facet normal 0.58508 -0.810975 0
    outer loop
      vertex -31.1816 -1.47352 -8
      vertex -31.0921 -1.40895 -2
      vertex -31.1816 -1.47352 -2
    endloop
  endfacet
  facet normal 0.58508 -0.810975 0
    outer loop
      vertex -31.0921 -1.40895 -2
      vertex -31.1816 -1.47352 -8
      vertex -31.0921 -1.40895 -8
    endloop
  endfacet
  facet normal 0.998046 -0.0624854 0
    outer loop
      vertex -32.07 -3.18012 -2
      vertex -32.0631 -3.06991 -8
      vertex -32.0631 -3.06991 -2
    endloop
  endfacet
  facet normal 0.998046 -0.0624854 0
    outer loop
      vertex -32.0631 -3.06991 -8
      vertex -32.07 -3.18012 -2
      vertex -32.07 -3.18012 -8
    endloop
  endfacet
  facet normal 0.208281 0.978069 -0
    outer loop
      vertex -30.2365 -5.47743 -8
      vertex -30.3446 -5.45441 -2
      vertex -30.2365 -5.47743 -2
    endloop
  endfacet
  facet normal 0.208281 0.978069 0
    outer loop
      vertex -30.3446 -5.45441 -2
      vertex -30.2365 -5.47743 -8
      vertex -30.3446 -5.45441 -8
    endloop
  endfacet
  facet normal 0.697578 -0.716509 0
    outer loop
      vertex -31.4299 -1.69246 -8
      vertex -31.3508 -1.61545 -2
      vertex -31.4299 -1.69246 -2
    endloop
  endfacet
  facet normal 0.697578 -0.716509 0
    outer loop
      vertex -31.3508 -1.61545 -2
      vertex -31.4299 -1.69246 -8
      vertex -31.3508 -1.61545 -8
    endloop
  endfacet
  facet normal -0.370063 0.929007 0
    outer loop
      vertex -28.938 -5.33522 -8
      vertex -29.0406 -5.37609 -2
      vertex -28.938 -5.33522 -2
    endloop
  endfacet
  facet normal -0.370063 0.929007 0
    outer loop
      vertex -29.0406 -5.37609 -2
      vertex -28.938 -5.33522 -8
      vertex -29.0406 -5.37609 -8
    endloop
  endfacet
  facet normal -0.111504 -0.993764 0
    outer loop
      vertex -29.6256 -1.02457 -8
      vertex -29.5158 -1.03689 -2
      vertex -29.6256 -1.02457 -2
    endloop
  endfacet
  facet normal -0.111504 -0.993764 -0
    outer loop
      vertex -29.5158 -1.03689 -2
      vertex -29.6256 -1.02457 -8
      vertex -29.5158 -1.03689 -8
    endloop
  endfacet
  facet normal -0.0844385 0.996429 0
    outer loop
      vertex -29.5767 -5.50263 -8
      vertex -29.6868 -5.51196 -2
      vertex -29.5767 -5.50263 -2
    endloop
  endfacet
  facet normal -0.0844385 0.996429 0
    outer loop
      vertex -29.6868 -5.51196 -2
      vertex -29.5767 -5.50263 -8
      vertex -29.6868 -5.51196 -8
    endloop
  endfacet
  facet normal -0.661577 0.749877 0
    outer loop
      vertex -28.2926 -4.91656 -8
      vertex -28.3754 -4.98961 -2
      vertex -28.2926 -4.91656 -2
    endloop
  endfacet
  facet normal -0.661577 0.749877 0
    outer loop
      vertex -28.3754 -4.98961 -2
      vertex -28.2926 -4.91656 -8
      vertex -28.3754 -4.98961 -8
    endloop
  endfacet
  facet normal -0.623811 0.781575 0
    outer loop
      vertex -28.3754 -4.98961 -8
      vertex -28.4617 -5.05849 -2
      vertex -28.3754 -4.98961 -2
    endloop
  endfacet
  facet normal -0.623811 0.781575 0
    outer loop
      vertex -28.4617 -5.05849 -2
      vertex -28.3754 -4.98961 -8
      vertex -28.4617 -5.05849 -8
    endloop
  endfacet
  facet normal -0.897984 0.440028 0
    outer loop
      vertex -27.8259 -4.30494 -8
      vertex -27.7773 -4.20576 -2
      vertex -27.7773 -4.20576 -8
    endloop
  endfacet
  facet normal -0.897984 0.440028 0
    outer loop
      vertex -27.7773 -4.20576 -2
      vertex -27.8259 -4.30494 -8
      vertex -27.8259 -4.30494 -2
    endloop
  endfacet
  facet normal 0.716775 0.697305 0
    outer loop
      vertex -31.3952 -4.87426 -2
      vertex -31.4722 -4.79511 -8
      vertex -31.4722 -4.79511 -2
    endloop
  endfacet
  facet normal 0.716775 0.697305 0
    outer loop
      vertex -31.4722 -4.79511 -8
      vertex -31.3952 -4.87426 -2
      vertex -31.3952 -4.87426 -8
    endloop
  endfacet
  facet normal 0.952879 -0.303349 0
    outer loop
      vertex -31.9818 -2.63639 -2
      vertex -31.9483 -2.53116 -8
      vertex -31.9483 -2.53116 -2
    endloop
  endfacet
  facet normal 0.952879 -0.303349 0
    outer loop
      vertex -31.9483 -2.53116 -8
      vertex -31.9818 -2.63639 -2
      vertex -31.9818 -2.63639 -8
    endloop
  endfacet
  facet normal -0.918732 0.394881 0
    outer loop
      vertex -27.7773 -4.20576 -8
      vertex -27.7337 -4.10432 -2
      vertex -27.7337 -4.10432 -8
    endloop
  endfacet
  facet normal -0.918732 0.394881 0
    outer loop
      vertex -27.7337 -4.10432 -2
      vertex -27.7773 -4.20576 -8
      vertex -27.7773 -4.20576 -2
    endloop
  endfacet
  facet normal -0.997989 0.0633817 0
    outer loop
      vertex -27.5803 -3.46211 -8
      vertex -27.5733 -3.35189 -2
      vertex -27.5733 -3.35189 -8
    endloop
  endfacet
  facet normal -0.997989 0.0633817 0
    outer loop
      vertex -27.5733 -3.35189 -2
      vertex -27.5803 -3.46211 -8
      vertex -27.5803 -3.46211 -2
    endloop
  endfacet
  facet normal -0.415406 0.909636 0
    outer loop
      vertex -28.8376 -5.28937 -8
      vertex -28.938 -5.33522 -2
      vertex -28.8376 -5.28937 -2
    endloop
  endfacet
  facet normal -0.415406 0.909636 0
    outer loop
      vertex -28.938 -5.33522 -2
      vertex -28.8376 -5.28937 -8
      vertex -28.938 -5.33522 -8
    endloop
  endfacet
  facet normal -0.0136763 -0.999906 0
    outer loop
      vertex -29.8462 -1.01614 -8
      vertex -29.7358 -1.01765 -2
      vertex -29.8462 -1.01614 -2
    endloop
  endfacet
  facet normal -0.0136763 -0.999906 -0
    outer loop
      vertex -29.7358 -1.01765 -2
      vertex -29.8462 -1.01614 -8
      vertex -29.7358 -1.01765 -8
    endloop
  endfacet
  facet normal 0.369985 -0.929038 0
    outer loop
      vertex -30.7054 -1.19679 -8
      vertex -30.6028 -1.15593 -2
      vertex -30.7054 -1.19679 -2
    endloop
  endfacet
  facet normal 0.369985 -0.929038 0
    outer loop
      vertex -30.6028 -1.15593 -2
      vertex -30.7054 -1.19679 -8
      vertex -30.6028 -1.15593 -8
    endloop
  endfacet
  facet normal -0.256281 -0.966602 0
    outer loop
      vertex -29.2988 -1.0776 -8
      vertex -29.1921 -1.10589 -2
      vertex -29.2988 -1.0776 -2
    endloop
  endfacet
  facet normal -0.256281 -0.966602 -0
    outer loop
      vertex -29.1921 -1.10589 -2
      vertex -29.2988 -1.0776 -8
      vertex -29.1921 -1.10589 -8
    endloop
  endfacet
  facet normal -0.864969 -0.501825 0
    outer loop
      vertex -27.8491 -2.18378 -8
      vertex -27.9045 -2.08829 -2
      vertex -27.9045 -2.08829 -8
    endloop
  endfacet
  facet normal -0.864969 -0.501825 0
    outer loop
      vertex -27.9045 -2.08829 -2
      vertex -27.8491 -2.18378 -8
      vertex -27.8491 -2.18378 -2
    endloop
  endfacet
  facet normal -0.952879 0.303349 0
    outer loop
      vertex -27.6951 -4.00085 -8
      vertex -27.6616 -3.89562 -2
      vertex -27.6616 -3.89562 -8
    endloop
  endfacet
  facet normal -0.952879 0.303349 0
    outer loop
      vertex -27.6616 -3.89562 -2
      vertex -27.6951 -4.00085 -8
      vertex -27.6951 -4.00085 -2
    endloop
  endfacet
  facet normal -0.87535 0.483489 0
    outer loop
      vertex -27.8793 -4.40162 -8
      vertex -27.8259 -4.30494 -2
      vertex -27.8259 -4.30494 -8
    endloop
  endfacet
  facet normal -0.87535 0.483489 0
    outer loop
      vertex -27.8259 -4.30494 -2
      vertex -27.8793 -4.40162 -8
      vertex -27.8793 -4.40162 -2
    endloop
  endfacet
  facet normal -0.928913 -0.370298 0
    outer loop
      vertex -27.7116 -2.48494 -8
      vertex -27.7525 -2.38234 -2
      vertex -27.7525 -2.38234 -8
    endloop
  endfacet
  facet normal -0.928913 -0.370298 0
    outer loop
      vertex -27.7525 -2.38234 -2
      vertex -27.7116 -2.48494 -8
      vertex -27.7116 -2.48494 -2
    endloop
  endfacet
  facet normal -0.606586 -0.795018 0
    outer loop
      vertex -28.5012 -1.44428 -8
      vertex -28.4134 -1.51127 -2
      vertex -28.5012 -1.44428 -2
    endloop
  endfacet
  facet normal -0.606586 -0.795018 -0
    outer loop
      vertex -28.4134 -1.51127 -2
      vertex -28.5012 -1.44428 -8
      vertex -28.4134 -1.51127 -8
    endloop
  endfacet
  facet normal -0.58471 0.811242 0
    outer loop
      vertex -28.4617 -5.05849 -8
      vertex -28.5513 -5.12307 -2
      vertex -28.4617 -5.05849 -2
    endloop
  endfacet
  facet normal -0.58471 0.811242 0
    outer loop
      vertex -28.5513 -5.12307 -2
      vertex -28.4617 -5.05849 -8
      vertex -28.5513 -5.12307 -8
    endloop
  endfacet
  facet normal 0.0353945 -0.999373 0
    outer loop
      vertex -29.9566 -1.02005 -8
      vertex -29.8462 -1.01614 -2
      vertex -29.9566 -1.02005 -2
    endloop
  endfacet
  facet normal 0.0353945 -0.999373 0
    outer loop
      vertex -29.8462 -1.01614 -2
      vertex -29.9566 -1.02005 -8
      vertex -29.8462 -1.01614 -8
    endloop
  endfacet
  facet normal 0.277088 -0.960844 0
    outer loop
      vertex 2.58942 -27.6758 -8
      vertex 2.69553 -27.6452 -2
      vertex 2.58942 -27.6758 -2
    endloop
  endfacet
  facet normal 0.277088 -0.960844 0
    outer loop
      vertex 2.69553 -27.6452 -2
      vertex 2.58942 -27.6758 -8
      vertex 2.69553 -27.6452 -8
    endloop
  endfacet
  facet normal -0.22911 0.973401 0
    outer loop
      vertex 3.83649 -31.9982 -8
      vertex 3.729 -32.0235 -2
      vertex 3.83649 -31.9982 -2
    endloop
  endfacet
  facet normal -0.22911 0.973401 0
    outer loop
      vertex 3.729 -32.0235 -2
      vertex 3.83649 -31.9982 -8
      vertex 3.729 -32.0235 -8
    endloop
  endfacet
  facet normal 0.973264 0.22969 0
    outer loop
      vertex 1.08953 -30.3922 -2
      vertex 1.06416 -30.2847 -8
      vertex 1.06416 -30.2847 -2
    endloop
  endfacet
  facet normal 0.973264 0.22969 0
    outer loop
      vertex 1.06416 -30.2847 -8
      vertex 1.08953 -30.3922 -2
      vertex 1.08953 -30.3922 -8
    endloop
  endfacet
  facet normal 0.97803 -0.208465 0
    outer loop
      vertex 1.05458 -29.4068 -2
      vertex 1.0776 -29.2988 -8
      vertex 1.0776 -29.2988 -2
    endloop
  endfacet
  facet normal 0.97803 -0.208465 0
    outer loop
      vertex 1.0776 -29.2988 -8
      vertex 1.05458 -29.4068 -2
      vertex 1.05458 -29.4068 -8
    endloop
  endfacet
  facet normal -0.208274 -0.978071 0
    outer loop
      vertex 3.68086 -27.6103 -8
      vertex 3.78887 -27.6333 -2
      vertex 3.68086 -27.6103 -2
    endloop
  endfacet
  facet normal -0.208274 -0.978071 -0
    outer loop
      vertex 3.78887 -27.6333 -2
      vertex 3.68086 -27.6103 -8
      vertex 3.78887 -27.6333 -8
    endloop
  endfacet
  facet normal 0.88826 0.459342 0
    outer loop
      vertex 1.29337 -30.9039 -2
      vertex 1.24264 -30.8058 -8
      vertex 1.24264 -30.8058 -2
    endloop
  endfacet
  facet normal 0.88826 0.459342 0
    outer loop
      vertex 1.24264 -30.8058 -8
      vertex 1.29337 -30.9039 -2
      vertex 1.29337 -30.9039 -8
    endloop
  endfacet
  facet normal 0.952938 -0.303166 0
    outer loop
      vertex 1.10589 -29.1921 -2
      vertex 1.13939 -29.0868 -8
      vertex 1.13939 -29.0868 -2
    endloop
  endfacet
  facet normal 0.952938 -0.303166 0
    outer loop
      vertex 1.13939 -29.0868 -8
      vertex 1.10589 -29.1921 -2
      vertex 1.10589 -29.1921 -8
    endloop
  endfacet
  facet normal -0.133113 0.991101 0
    outer loop
      vertex 3.62041 -32.0436 -8
      vertex 3.51096 -32.0583 -2
      vertex 3.62041 -32.0436 -2
    endloop
  endfacet
  facet normal -0.133113 0.991101 0
    outer loop
      vertex 3.51096 -32.0583 -2
      vertex 3.62041 -32.0436 -8
      vertex 3.51096 -32.0583 -8
    endloop
  endfacet
  facet normal 0.983349 0.181729 0
    outer loop
      vertex 1.06416 -30.2847 -2
      vertex 1.04409 -30.1761 -8
      vertex 1.04409 -30.1761 -2
    endloop
  endfacet
  facet normal 0.983349 0.181729 0
    outer loop
      vertex 1.04409 -30.1761 -8
      vertex 1.06416 -30.2847 -2
      vertex 1.06416 -30.2847 -8
    endloop
  endfacet
  facet normal -0.929007 -0.370063 0
    outer loop
      vertex 5.37609 -29.0406 -8
      vertex 5.33522 -28.938 -2
      vertex 5.33522 -28.938 -8
    endloop
  endfacet
  facet normal -0.929007 -0.370063 0
    outer loop
      vertex 5.33522 -28.938 -2
      vertex 5.37609 -29.0406 -8
      vertex 5.37609 -29.0406 -2
    endloop
  endfacet
  facet normal 0.0624854 0.998046 -0
    outer loop
      vertex 3.18012 -32.07 -8
      vertex 3.06991 -32.0631 -2
      vertex 3.18012 -32.07 -2
    endloop
  endfacet
  facet normal 0.0624854 0.998046 0
    outer loop
      vertex 3.06991 -32.0631 -2
      vertex 3.18012 -32.07 -8
      vertex 3.06991 -32.0631 -8
    endloop
  endfacet
  facet normal -0.850543 0.525906 0
    outer loop
      vertex 5.15034 -31.0512 -8
      vertex 5.2084 -30.9573 -2
      vertex 5.2084 -30.9573 -8
    endloop
  endfacet
  facet normal -0.850543 0.525906 0
    outer loop
      vertex 5.2084 -30.9573 -2
      vertex 5.15034 -31.0512 -8
      vertex 5.15034 -31.0512 -2
    endloop
  endfacet
  facet normal 0.395645 0.918404 -0
    outer loop
      vertex 2.42769 -31.9097 -8
      vertex 2.32625 -31.866 -2
      vertex 2.42769 -31.9097 -2
    endloop
  endfacet
  facet normal 0.395645 0.918404 0
    outer loop
      vertex 2.32625 -31.866 -2
      vertex 2.42769 -31.9097 -8
      vertex 2.32625 -31.866 -8
    endloop
  endfacet
  facet normal 0.987085 -0.160198 0
    outer loop
      vertex 1.03689 -29.5158 -2
      vertex 1.05458 -29.4068 -8
      vertex 1.05458 -29.4068 -2
    endloop
  endfacet
  facet normal 0.987085 -0.160198 0
    outer loop
      vertex 1.05458 -29.4068 -8
      vertex 1.03689 -29.5158 -2
      vertex 1.03689 -29.5158 -8
    endloop
  endfacet
  facet normal 0.991097 0.133142 0
    outer loop
      vertex 1.04409 -30.1761 -2
      vertex 1.02938 -30.0666 -8
      vertex 1.02938 -30.0666 -2
    endloop
  endfacet
  facet normal 0.991097 0.133142 0
    outer loop
      vertex 1.02938 -30.0666 -8
      vertex 1.04409 -30.1761 -2
      vertex 1.04409 -30.1761 -8
    endloop
  endfacet
  facet normal -0.795018 0.606586 0
    outer loop
      vertex 5.02075 -31.23 -8
      vertex 5.08774 -31.1422 -2
      vertex 5.08774 -31.1422 -8
    endloop
  endfacet
  facet normal -0.795018 0.606586 0
    outer loop
      vertex 5.08774 -31.1422 -2
      vertex 5.02075 -31.23 -8
      vertex 5.02075 -31.23 -2
    endloop
  endfacet
  facet normal -0.983349 -0.181729 0
    outer loop
      vertex 5.48792 -29.4673 -8
      vertex 5.46785 -29.3587 -2
      vertex 5.46785 -29.3587 -8
    endloop
  endfacet
  facet normal -0.983349 -0.181729 0
    outer loop
      vertex 5.46785 -29.3587 -2
      vertex 5.48792 -29.4673 -8
      vertex 5.48792 -29.4673 -2
    endloop
  endfacet
  facet normal -0.414826 0.909901 0
    outer loop
      vertex 4.25013 -31.8451 -8
      vertex 4.14967 -31.8909 -2
      vertex 4.25013 -31.8451 -2
    endloop
  endfacet
  facet normal -0.414826 0.909901 0
    outer loop
      vertex 4.14967 -31.8909 -2
      vertex 4.25013 -31.8451 -8
      vertex 4.14967 -31.8909 -8
    endloop
  endfacet
  facet normal -0.952854 0.303428 0
    outer loop
      vertex 5.39262 -30.5565 -8
      vertex 5.42612 -30.4513 -2
      vertex 5.42612 -30.4513 -8
    endloop
  endfacet
  facet normal -0.952854 0.303428 0
    outer loop
      vertex 5.42612 -30.4513 -2
      vertex 5.39262 -30.5565 -8
      vertex 5.39262 -30.5565 -2
    endloop
  endfacet
  facet normal 0.181132 -0.983459 0
    outer loop
      vertex 2.80301 -27.6198 -8
      vertex 2.9116 -27.5998 -2
      vertex 2.80301 -27.6198 -2
    endloop
  endfacet
  facet normal 0.181132 -0.983459 0
    outer loop
      vertex 2.9116 -27.5998 -2
      vertex 2.80301 -27.6198 -8
      vertex 2.9116 -27.5998 -8
    endloop
  endfacet
  facet normal -0.991081 -0.133261 0
    outer loop
      vertex 5.50263 -29.5767 -8
      vertex 5.48792 -29.4673 -2
      vertex 5.48792 -29.4673 -8
    endloop
  endfacet
  facet normal -0.991081 -0.133261 0
    outer loop
      vertex 5.48792 -29.4673 -2
      vertex 5.50263 -29.5767 -8
      vertex 5.50263 -29.5767 -2
    endloop
  endfacet
  facet normal -0.88826 -0.459342 0
    outer loop
      vertex 5.28937 -28.8376 -8
      vertex 5.23864 -28.7395 -2
      vertex 5.23864 -28.7395 -8
    endloop
  endfacet
  facet normal -0.88826 -0.459342 0
    outer loop
      vertex 5.23864 -28.7395 -2
      vertex 5.28937 -28.8376 -8
      vertex 5.28937 -28.8376 -2
    endloop
  endfacet
  facet normal -0.946081 -0.323931 0
    outer loop
      vertex 5.41187 -29.1451 -8
      vertex 5.37609 -29.0406 -2
      vertex 5.37609 -29.0406 -8
    endloop
  endfacet
  facet normal -0.946081 -0.323931 0
    outer loop
      vertex 5.37609 -29.0406 -2
      vertex 5.41187 -29.1451 -8
      vertex 5.41187 -29.1451 -2
    endloop
  endfacet
  facet normal 0.93679 -0.349892 0
    outer loop
      vertex 1.13939 -29.0868 -2
      vertex 1.17801 -28.9834 -8
      vertex 1.17801 -28.9834 -2
    endloop
  endfacet
  facet normal 0.93679 -0.349892 0
    outer loop
      vertex 1.17801 -28.9834 -8
      vertex 1.13939 -29.0868 -2
      vertex 1.13939 -29.0868 -8
    endloop
  endfacet
  facet normal -0.566844 -0.823825 0
    outer loop
      vertex 4.49556 -27.9374 -8
      vertex 4.58654 -28 -2
      vertex 4.49556 -27.9374 -2
    endloop
  endfacet
  facet normal -0.566844 -0.823825 -0
    outer loop
      vertex 4.58654 -28 -2
      vertex 4.49556 -27.9374 -8
      vertex 4.58654 -28 -8
    endloop
  endfacet
  facet normal -0.731702 0.681624 0
    outer loop
      vertex 4.87426 -31.3952 -8
      vertex 4.94953 -31.3144 -2
      vertex 4.94953 -31.3144 -8
    endloop
  endfacet
  facet normal -0.731702 0.681624 0
    outer loop
      vertex 4.94953 -31.3144 -2
      vertex 4.87426 -31.3952 -8
      vertex 4.87426 -31.3952 -2
    endloop
  endfacet
  facet normal -0.544208 0.83895 0
    outer loop
      vertex 4.53637 -31.6787 -8
      vertex 4.44372 -31.7388 -2
      vertex 4.53637 -31.6787 -2
    endloop
  endfacet
  facet normal -0.544208 0.83895 0
    outer loop
      vertex 4.44372 -31.7388 -2
      vertex 4.53637 -31.6787 -8
      vertex 4.44372 -31.7388 -8
    endloop
  endfacet
  facet normal -0.349525 -0.936927 0
    outer loop
      vertex 4.00085 -27.6951 -8
      vertex 4.10432 -27.7337 -2
      vertex 4.00085 -27.6951 -2
    endloop
  endfacet
  facet normal -0.349525 -0.936927 -0
    outer loop
      vertex 4.10432 -27.7337 -2
      vertex 4.00085 -27.6951 -8
      vertex 4.10432 -27.7337 -8
    endloop
  endfacet
  facet normal 0.960813 0.277196 0
    outer loop
      vertex 1.12014 -30.4983 -2
      vertex 1.08953 -30.3922 -8
      vertex 1.08953 -30.3922 -2
    endloop
  endfacet
  facet normal 0.960813 0.277196 0
    outer loop
      vertex 1.08953 -30.3922 -8
      vertex 1.12014 -30.4983 -2
      vertex 1.12014 -30.4983 -8
    endloop
  endfacet
  facet normal -0.324148 0.946006 0
    outer loop
      vertex 4.04707 -31.9318 -8
      vertex 3.94259 -31.9676 -2
      vertex 4.04707 -31.9318 -2
    endloop
  endfacet
  facet normal -0.324148 0.946006 0
    outer loop
      vertex 3.94259 -31.9676 -2
      vertex 4.04707 -31.9318 -8
      vertex 3.94259 -31.9676 -8
    endloop
  endfacet
  facet normal -0.936901 0.349595 0
    outer loop
      vertex 5.354 -30.66 -8
      vertex 5.39262 -30.5565 -2
      vertex 5.39262 -30.5565 -8
    endloop
  endfacet
  facet normal -0.936901 0.349595 0
    outer loop
      vertex 5.39262 -30.5565 -2
      vertex 5.354 -30.66 -8
      vertex 5.354 -30.66 -2
    endloop
  endfacet
  facet normal -0.811242 -0.58471 0
    outer loop
      vertex 5.12307 -28.5513 -8
      vertex 5.05849 -28.4617 -2
      vertex 5.05849 -28.4617 -8
    endloop
  endfacet
  facet normal -0.811242 -0.58471 0
    outer loop
      vertex 5.05849 -28.4617 -2
      vertex 5.12307 -28.5513 -8
      vertex 5.12307 -28.5513 -2
    endloop
  endfacet
  facet normal 0.918653 -0.395066 0
    outer loop
      vertex 1.17801 -28.9834 -2
      vertex 1.22166 -28.8819 -8
      vertex 1.22166 -28.8819 -2
    endloop
  endfacet
  facet normal 0.918653 -0.395066 0
    outer loop
      vertex 1.22166 -28.8819 -8
      vertex 1.17801 -28.9834 -2
      vertex 1.17801 -28.9834 -8
    endloop
  endfacet
  facet normal -0.823883 0.566759 0
    outer loop
      vertex 5.08774 -31.1422 -8
      vertex 5.15034 -31.0512 -2
      vertex 5.15034 -31.0512 -8
    endloop
  endfacet
  facet normal -0.823883 0.566759 0
    outer loop
      vertex 5.15034 -31.0512 -2
      vertex 5.08774 -31.1422 -8
      vertex 5.08774 -31.1422 -2
    endloop
  endfacet
  facet normal 0.414826 -0.909901 0
    outer loop
      vertex 2.28188 -27.7983 -8
      vertex 2.38234 -27.7525 -2
      vertex 2.28188 -27.7983 -2
    endloop
  endfacet
  facet normal 0.414826 -0.909901 0
    outer loop
      vertex 2.38234 -27.7525 -2
      vertex 2.28188 -27.7983 -8
      vertex 2.38234 -27.7525 -8
    endloop
  endfacet
  facet normal 0.160271 0.987073 -0
    outer loop
      vertex 2.96016 -32.0508 -8
      vertex 2.85115 -32.0331 -2
      vertex 2.96016 -32.0508 -2
    endloop
  endfacet
  facet normal 0.160271 0.987073 0
    outer loop
      vertex 2.85115 -32.0331 -2
      vertex 2.96016 -32.0508 -8
      vertex 2.85115 -32.0331 -8
    endloop
  endfacet
  facet normal 0.909636 0.415406 0
    outer loop
      vertex 1.24264 -30.8058 -2
      vertex 1.19679 -30.7054 -8
      vertex 1.19679 -30.7054 -2
    endloop
  endfacet
  facet normal 0.909636 0.415406 0
    outer loop
      vertex 1.19679 -30.7054 -8
      vertex 1.24264 -30.8058 -2
      vertex 1.24264 -30.8058 -8
    endloop
  endfacet
  facet normal -0.960813 -0.277196 0
    outer loop
      vertex 5.44248 -29.2512 -8
      vertex 5.41187 -29.1451 -2
      vertex 5.41187 -29.1451 -8
    endloop
  endfacet
  facet normal -0.960813 -0.277196 0
    outer loop
      vertex 5.41187 -29.1451 -2
      vertex 5.44248 -29.2512 -8
      vertex 5.44248 -29.2512 -2
    endloop
  endfacet
  facet normal 0.946053 0.324012 0
    outer loop
      vertex 1.15593 -30.6028 -2
      vertex 1.12014 -30.4983 -8
      vertex 1.12014 -30.4983 -2
    endloop
  endfacet
  facet normal 0.946053 0.324012 0
    outer loop
      vertex 1.12014 -30.4983 -8
      vertex 1.15593 -30.6028 -2
      vertex 1.15593 -30.6028 -8
    endloop
  endfacet
  facet normal 0.864677 0.502328 0
    outer loop
      vertex 1.34885 -30.9994 -2
      vertex 1.29337 -30.9039 -8
      vertex 1.29337 -30.9039 -2
    endloop
  endfacet
  facet normal 0.864677 0.502328 0
    outer loop
      vertex 1.29337 -30.9039 -8
      vertex 1.34885 -30.9994 -2
      vertex 1.34885 -30.9994 -8
    endloop
  endfacet
  facet normal -0.606114 -0.795378 0
    outer loop
      vertex 4.58654 -28 -8
      vertex 4.67433 -28.0669 -2
      vertex 4.58654 -28 -2
    endloop
  endfacet
  facet normal -0.606114 -0.795378 -0
    outer loop
      vertex 4.67433 -28.0669 -2
      vertex 4.58654 -28 -8
      vertex 4.67433 -28.0669 -8
    endloop
  endfacet
  facet normal 0.850793 -0.525501 0
    outer loop
      vertex 1.32361 -28.6861 -2
      vertex 1.38167 -28.5921 -8
      vertex 1.38167 -28.5921 -2
    endloop
  endfacet
  facet normal 0.850793 -0.525501 0
    outer loop
      vertex 1.38167 -28.5921 -8
      vertex 1.32361 -28.6861 -2
      vertex 1.32361 -28.6861 -8
    endloop
  endfacet
  facet normal 0.749922 0.661526 0
    outer loop
      vertex 1.61545 -31.3508 -2
      vertex 1.54241 -31.268 -8
      vertex 1.54241 -31.268 -2
    endloop
  endfacet
  facet normal 0.749922 0.661526 0
    outer loop
      vertex 1.54241 -31.268 -8
      vertex 1.61545 -31.3508 -2
      vertex 1.61545 -31.3508 -8
    endloop
  endfacet
  facet normal 0.0851135 -0.996371 0
    outer loop
      vertex 3.02106 -27.5851 -8
      vertex 3.1311 -27.5757 -2
      vertex 3.02106 -27.5851 -2
    endloop
  endfacet
  facet normal 0.0851135 -0.996371 0
    outer loop
      vertex 3.1311 -27.5757 -2
      vertex 3.02106 -27.5851 -8
      vertex 3.1311 -27.5757 -8
    endloop
  endfacet
  facet normal -0.987085 0.160198 0
    outer loop
      vertex 5.47743 -30.2365 -8
      vertex 5.49512 -30.1275 -2
      vertex 5.49512 -30.1275 -8
    endloop
  endfacet
  facet normal -0.987085 0.160198 0
    outer loop
      vertex 5.49512 -30.1275 -2
      vertex 5.47743 -30.2365 -8
      vertex 5.47743 -30.2365 -2
    endloop
  endfacet
  facet normal 0.324148 -0.946006 0
    outer loop
      vertex 2.48494 -27.7116 -8
      vertex 2.58942 -27.6758 -2
      vertex 2.48494 -27.7116 -2
    endloop
  endfacet
  facet normal 0.324148 -0.946006 0
    outer loop
      vertex 2.58942 -27.6758 -2
      vertex 2.48494 -27.7116 -8
      vertex 2.58942 -27.6758 -8
    endloop
  endfacet
  facet normal -0.875469 0.483274 0
    outer loop
      vertex 5.2084 -30.9573 -8
      vertex 5.26178 -30.8606 -2
      vertex 5.26178 -30.8606 -8
    endloop
  endfacet
  facet normal -0.875469 0.483274 0
    outer loop
      vertex 5.26178 -30.8606 -2
      vertex 5.2084 -30.9573 -8
      vertex 5.2084 -30.9573 -2
    endloop
  endfacet
  facet normal 0.133101 -0.991103 0
    outer loop
      vertex 2.9116 -27.5998 -8
      vertex 3.02106 -27.5851 -2
      vertex 2.9116 -27.5998 -2
    endloop
  endfacet
  facet normal 0.133101 -0.991103 0
    outer loop
      vertex 3.02106 -27.5851 -2
      vertex 2.9116 -27.5998 -8
      vertex 3.02106 -27.5851 -8
    endloop
  endfacet
  facet normal -0.182008 0.983297 0
    outer loop
      vertex 3.729 -32.0235 -8
      vertex 3.62041 -32.0436 -2
      vertex 3.729 -32.0235 -2
    endloop
  endfacet
  facet normal -0.182008 0.983297 0
    outer loop
      vertex 3.62041 -32.0436 -2
      vertex 3.729 -32.0235 -8
      vertex 3.62041 -32.0436 -8
    endloop
  endfacet
  facet normal 0.82355 -0.567244 0
    outer loop
      vertex 1.38167 -28.5921 -2
      vertex 1.44428 -28.5012 -8
      vertex 1.44428 -28.5012 -2
    endloop
  endfacet
  facet normal 0.82355 -0.567244 0
    outer loop
      vertex 1.44428 -28.5012 -8
      vertex 1.38167 -28.5921 -2
      vertex 1.38167 -28.5921 -8
    endloop
  endfacet
  facet normal 0.998034 -0.0626715 0
    outer loop
      vertex 1.01765 -29.7358 -2
      vertex 1.02457 -29.6256 -8
      vertex 1.02457 -29.6256 -2
    endloop
  endfacet
  facet normal 0.998034 -0.0626715 0
    outer loop
      vertex 1.02457 -29.6256 -8
      vertex 1.01765 -29.7358 -2
      vertex 1.01765 -29.7358 -8
    endloop
  endfacet
  facet normal -0.440028 -0.897984 0
    outer loop
      vertex 4.20576 -27.7773 -8
      vertex 4.30494 -27.8259 -2
      vertex 4.20576 -27.7773 -2
    endloop
  endfacet
  facet normal -0.440028 -0.897984 -0
    outer loop
      vertex 4.30494 -27.8259 -2
      vertex 4.20576 -27.7773 -8
      vertex 4.30494 -27.8259 -8
    endloop
  endfacet
  facet normal -0.526005 -0.850481 0
    outer loop
      vertex 4.40162 -27.8793 -8
      vertex 4.49556 -27.9374 -2
      vertex 4.40162 -27.8793 -2
    endloop
  endfacet
  facet normal -0.526005 -0.850481 -0
    outer loop
      vertex 4.49556 -27.9374 -2
      vertex 4.40162 -27.8793 -8
      vertex 4.49556 -27.9374 -8
    endloop
  endfacet
  facet normal -0.864677 -0.502328 0
    outer loop
      vertex 5.23864 -28.7395 -8
      vertex 5.18316 -28.644 -2
      vertex 5.18316 -28.644 -8
    endloop
  endfacet
  facet normal -0.864677 -0.502328 0
    outer loop
      vertex 5.18316 -28.644 -2
      vertex 5.23864 -28.7395 -8
      vertex 5.23864 -28.7395 -2
    endloop
  endfacet
  facet normal -0.502502 0.864576 0
    outer loop
      vertex 4.44372 -31.7388 -8
      vertex 4.34823 -31.7943 -2
      vertex 4.44372 -31.7388 -2
    endloop
  endfacet
  facet normal -0.502502 0.864576 0
    outer loop
      vertex 4.34823 -31.7943 -2
      vertex 4.44372 -31.7388 -8
      vertex 4.34823 -31.7943 -8
    endloop
  endfacet
  facet normal 0.566886 0.823796 -0
    outer loop
      vertex 2.03645 -31.706 -8
      vertex 1.94548 -31.6434 -2
      vertex 2.03645 -31.706 -2
    endloop
  endfacet
  facet normal 0.566886 0.823796 0
    outer loop
      vertex 1.94548 -31.6434 -2
      vertex 2.03645 -31.706 -8
      vertex 1.94548 -31.6434 -8
    endloop
  endfacet
  facet normal -0.256253 -0.96661 0
    outer loop
      vertex 3.78887 -27.6333 -8
      vertex 3.89562 -27.6616 -2
      vertex 3.78887 -27.6333 -2
    endloop
  endfacet
  facet normal -0.256253 -0.96661 -0
    outer loop
      vertex 3.89562 -27.6616 -2
      vertex 3.78887 -27.6333 -8
      vertex 3.89562 -27.6616 -8
    endloop
  endfacet
  facet normal 0.483489 0.87535 -0
    outer loop
      vertex 2.22707 -31.8175 -8
      vertex 2.13039 -31.7641 -2
      vertex 2.22707 -31.8175 -2
    endloop
  endfacet
  facet normal 0.483489 0.87535 0
    outer loop
      vertex 2.13039 -31.7641 -2
      vertex 2.22707 -31.8175 -8
      vertex 2.13039 -31.7641 -8
    endloop
  endfacet
  facet normal -0.160271 -0.987073 0
    outer loop
      vertex 3.57185 -27.5926 -8
      vertex 3.68086 -27.6103 -2
      vertex 3.57185 -27.5926 -2
    endloop
  endfacet
  facet normal -0.160271 -0.987073 -0
    outer loop
      vertex 3.68086 -27.6103 -2
      vertex 3.57185 -27.5926 -8
      vertex 3.68086 -27.6103 -8
    endloop
  endfacet
  facet normal 0.764303 -0.644858 0
    outer loop
      vertex 1.51127 -28.4134 -2
      vertex 1.58248 -28.329 -8
      vertex 1.58248 -28.329 -2
    endloop
  endfacet
  facet normal 0.764303 -0.644858 0
    outer loop
      vertex 1.58248 -28.329 -8
      vertex 1.51127 -28.4134 -2
      vertex 1.51127 -28.4134 -8
    endloop
  endfacet
  facet normal 0.0144873 0.999895 -0
    outer loop
      vertex 3.29055 -32.0716 -8
      vertex 3.18012 -32.07 -2
      vertex 3.29055 -32.0716 -2
    endloop
  endfacet
  facet normal 0.0144873 0.999895 0
    outer loop
      vertex 3.18012 -32.07 -2
      vertex 3.29055 -32.0716 -8
      vertex 3.18012 -32.07 -8
    endloop
  endfacet
  facet normal -0.998029 0.0627617 0
    outer loop
      vertex 5.50744 -30.0178 -8
      vertex 5.51437 -29.9076 -2
      vertex 5.51437 -29.9076 -8
    endloop
  endfacet
  facet normal -0.998029 0.0627617 0
    outer loop
      vertex 5.51437 -29.9076 -2
      vertex 5.50744 -30.0178 -8
      vertex 5.50744 -30.0178 -2
    endloop
  endfacet
  facet normal -0.0842145 0.996448 0
    outer loop
      vertex 3.51096 -32.0583 -8
      vertex 3.40092 -32.0676 -2
      vertex 3.51096 -32.0583 -2
    endloop
  endfacet
  facet normal -0.0842145 0.996448 0
    outer loop
      vertex 3.40092 -32.0676 -2
      vertex 3.51096 -32.0583 -8
      vertex 3.40092 -32.0676 -8
    endloop
  endfacet
  facet normal 0.875469 -0.483274 0
    outer loop
      vertex 1.27023 -28.7828 -2
      vertex 1.32361 -28.6861 -8
      vertex 1.32361 -28.6861 -2
    endloop
  endfacet
  facet normal 0.875469 -0.483274 0
    outer loop
      vertex 1.32361 -28.6861 -8
      vertex 1.27023 -28.7828 -2
      vertex 1.27023 -28.7828 -8
    endloop
  endfacet
  facet normal 0.897951 -0.440096 0
    outer loop
      vertex 1.22166 -28.8819 -2
      vertex 1.27023 -28.7828 -8
      vertex 1.27023 -28.7828 -2
    endloop
  endfacet
  facet normal 0.897951 -0.440096 0
    outer loop
      vertex 1.27023 -28.7828 -8
      vertex 1.22166 -28.8819 -2
      vertex 1.22166 -28.8819 -8
    endloop
  endfacet
  facet normal -0.036218 0.999344 0
    outer loop
      vertex 3.40092 -32.0676 -8
      vertex 3.29055 -32.0716 -2
      vertex 3.40092 -32.0676 -2
    endloop
  endfacet
  facet normal -0.036218 0.999344 0
    outer loop
      vertex 3.29055 -32.0716 -2
      vertex 3.40092 -32.0676 -8
      vertex 3.29055 -32.0716 -8
    endloop
  endfacet
  facet normal -0.999908 0.0135734 0
    outer loop
      vertex 5.51437 -29.9076 -8
      vertex 5.51587 -29.7971 -2
      vertex 5.51587 -29.7971 -8
    endloop
  endfacet
  facet normal -0.999908 0.0135734 0
    outer loop
      vertex 5.51587 -29.7971 -2
      vertex 5.51437 -29.9076 -8
      vertex 5.51437 -29.9076 -2
    endloop
  endfacet
  facet normal -0.999372 -0.0354265 0
    outer loop
      vertex 5.51587 -29.7971 -8
      vertex 5.51196 -29.6868 -2
      vertex 5.51196 -29.6868 -8
    endloop
  endfacet
  facet normal -0.999372 -0.0354265 0
    outer loop
      vertex 5.51196 -29.6868 -2
      vertex 5.51587 -29.7971 -8
      vertex 5.51587 -29.7971 -2
    endloop
  endfacet
  facet normal -0.277112 0.960838 0
    outer loop
      vertex 3.94259 -31.9676 -8
      vertex 3.83649 -31.9982 -2
      vertex 3.94259 -31.9676 -2
    endloop
  endfacet
  facet normal -0.277112 0.960838 0
    outer loop
      vertex 3.83649 -31.9982 -2
      vertex 3.94259 -31.9676 -8
      vertex 3.83649 -31.9982 -8
    endloop
  endfacet
  facet normal -0.966602 0.256281 0
    outer loop
      vertex 5.42612 -30.4513 -8
      vertex 5.45441 -30.3446 -2
      vertex 5.45441 -30.3446 -8
    endloop
  endfacet
  facet normal -0.966602 0.256281 0
    outer loop
      vertex 5.45441 -30.3446 -2
      vertex 5.42612 -30.4513 -8
      vertex 5.42612 -30.4513 -2
    endloop
  endfacet
  facet normal 0.606643 0.794974 -0
    outer loop
      vertex 1.94548 -31.6434 -8
      vertex 1.85768 -31.5764 -2
      vertex 1.94548 -31.6434 -2
    endloop
  endfacet
  facet normal 0.606643 0.794974 0
    outer loop
      vertex 1.85768 -31.5764 -2
      vertex 1.94548 -31.6434 -8
      vertex 1.85768 -31.5764 -8
    endloop
  endfacet
  facet normal -0.661696 0.749772 0
    outer loop
      vertex 4.79511 -31.4722 -8
      vertex 4.71228 -31.5453 -2
      vertex 4.79511 -31.4722 -2
    endloop
  endfacet
  facet normal -0.661696 0.749772 0
    outer loop
      vertex 4.71228 -31.5453 -2
      vertex 4.79511 -31.4722 -8
      vertex 4.71228 -31.5453 -8
    endloop
  endfacet
  facet normal 0.0353168 -0.999376 0
    outer loop
      vertex 3.1311 -27.5757 -8
      vertex 3.24146 -27.5718 -2
      vertex 3.1311 -27.5757 -2
    endloop
  endfacet
  facet normal 0.0353168 -0.999376 0
    outer loop
      vertex 3.24146 -27.5718 -2
      vertex 3.1311 -27.5757 -8
      vertex 3.24146 -27.5718 -8
    endloop
  endfacet
  facet normal -0.0633817 -0.997989 0
    outer loop
      vertex 3.35189 -27.5733 -8
      vertex 3.46211 -27.5803 -2
      vertex 3.35189 -27.5733 -2
    endloop
  endfacet
  facet normal -0.0633817 -0.997989 -0
    outer loop
      vertex 3.46211 -27.5803 -2
      vertex 3.35189 -27.5733 -8
      vertex 3.46211 -27.5803 -8
    endloop
  endfacet
  facet normal -0.623833 0.781557 0
    outer loop
      vertex 4.71228 -31.5453 -8
      vertex 4.62596 -31.6142 -2
      vertex 4.71228 -31.5453 -2
    endloop
  endfacet
  facet normal -0.623833 0.781557 0
    outer loop
      vertex 4.62596 -31.6142 -2
      vertex 4.71228 -31.5453 -8
      vertex 4.62596 -31.6142 -8
    endloop
  endfacet
  facet normal -0.918511 0.395395 0
    outer loop
      vertex 5.31035 -30.7614 -8
      vertex 5.354 -30.66 -2
      vertex 5.354 -30.66 -8
    endloop
  endfacet
  facet normal -0.918511 0.395395 0
    outer loop
      vertex 5.354 -30.66 -2
      vertex 5.31035 -30.7614 -8
      vertex 5.31035 -30.7614 -2
    endloop
  endfacet
  facet normal -0.584276 0.811555 0
    outer loop
      vertex 4.62596 -31.6142 -8
      vertex 4.53637 -31.6787 -2
      vertex 4.62596 -31.6142 -2
    endloop
  endfacet
  facet normal -0.584276 0.811555 0
    outer loop
      vertex 4.53637 -31.6787 -2
      vertex 4.62596 -31.6142 -8
      vertex 4.53637 -31.6787 -8
    endloop
  endfacet
  facet normal -0.459842 0.888001 0
    outer loop
      vertex 4.34823 -31.7943 -8
      vertex 4.25013 -31.8451 -2
      vertex 4.34823 -31.7943 -2
    endloop
  endfacet
  facet normal -0.459842 0.888001 0
    outer loop
      vertex 4.25013 -31.8451 -2
      vertex 4.34823 -31.7943 -8
      vertex 4.25013 -31.8451 -8
    endloop
  endfacet
  facet normal 0.681724 0.731609 -0
    outer loop
      vertex 1.77327 -31.5052 -8
      vertex 1.69246 -31.4299 -2
      vertex 1.77327 -31.5052 -2
    endloop
  endfacet
  facet normal 0.681724 0.731609 0
    outer loop
      vertex 1.69246 -31.4299 -2
      vertex 1.77327 -31.5052 -8
      vertex 1.69246 -31.4299 -8
    endloop
  endfacet
  facet normal 0.661187 -0.750221 0
    outer loop
      vertex 1.7369 -28.1711 -8
      vertex 1.81973 -28.0981 -2
      vertex 1.7369 -28.1711 -2
    endloop
  endfacet
  facet normal 0.661187 -0.750221 0
    outer loop
      vertex 1.81973 -28.0981 -2
      vertex 1.7369 -28.1711 -8
      vertex 1.81973 -28.0981 -8
    endloop
  endfacet
  facet normal -0.370298 0.928913 0
    outer loop
      vertex 4.14967 -31.8909 -8
      vertex 4.04707 -31.9318 -2
      vertex 4.14967 -31.8909 -2
    endloop
  endfacet
  facet normal -0.370298 0.928913 0
    outer loop
      vertex 4.04707 -31.9318 -2
      vertex 4.14967 -31.8909 -8
      vertex 4.04707 -31.9318 -8
    endloop
  endfacet
  facet normal -0.898126 0.439738 0
    outer loop
      vertex 5.26178 -30.8606 -8
      vertex 5.31035 -30.7614 -2
      vertex 5.31035 -30.7614 -8
    endloop
  endfacet
  facet normal -0.898126 0.439738 0
    outer loop
      vertex 5.31035 -30.7614 -2
      vertex 5.26178 -30.8606 -8
      vertex 5.26178 -30.8606 -2
    endloop
  endfacet
  facet normal 0.439298 0.898341 -0
    outer loop
      vertex 2.32625 -31.866 -8
      vertex 2.22707 -31.8175 -2
      vertex 2.32625 -31.866 -2
    endloop
  endfacet
  facet normal 0.439298 0.898341 0
    outer loop
      vertex 2.22707 -31.8175 -2
      vertex 2.32625 -31.866 -8
      vertex 2.22707 -31.8175 -8
    endloop
  endfacet
  facet normal -0.973264 -0.22969 0
    outer loop
      vertex 5.46785 -29.3587 -8
      vertex 5.44248 -29.2512 -2
      vertex 5.44248 -29.2512 -8
    endloop
  endfacet
  facet normal -0.973264 -0.22969 0
    outer loop
      vertex 5.44248 -29.2512 -2
      vertex 5.46785 -29.3587 -8
      vertex 5.46785 -29.3587 -2
    endloop
  endfacet
  facet normal -0.013582 -0.999908 0
    outer loop
      vertex 3.24146 -27.5718 -8
      vertex 3.35189 -27.5733 -2
      vertex 3.24146 -27.5718 -2
    endloop
  endfacet
  facet normal -0.013582 -0.999908 -0
    outer loop
      vertex 3.35189 -27.5733 -2
      vertex 3.24146 -27.5718 -8
      vertex 3.35189 -27.5733 -8
    endloop
  endfacet
  facet normal -0.645289 -0.763939 0
    outer loop
      vertex 4.67433 -28.0669 -8
      vertex 4.75874 -28.1382 -2
      vertex 4.67433 -28.0669 -2
    endloop
  endfacet
  facet normal -0.645289 -0.763939 -0
    outer loop
      vertex 4.75874 -28.1382 -2
      vertex 4.67433 -28.0669 -8
      vertex 4.75874 -28.1382 -8
    endloop
  endfacet
  facet normal -0.839125 -0.543938 0
    outer loop
      vertex 5.18316 -28.644 -8
      vertex 5.12307 -28.5513 -2
      vertex 5.12307 -28.5513 -8
    endloop
  endfacet
  facet normal -0.839125 -0.543938 0
    outer loop
      vertex 5.12307 -28.5513 -2
      vertex 5.18316 -28.644 -8
      vertex 5.18316 -28.644 -2
    endloop
  endfacet
  facet normal 0.623833 -0.781557 0
    outer loop
      vertex 1.81973 -28.0981 -8
      vertex 1.90605 -28.0292 -2
      vertex 1.81973 -28.0981 -2
    endloop
  endfacet
  facet normal 0.623833 -0.781557 0
    outer loop
      vertex 1.90605 -28.0292 -2
      vertex 1.81973 -28.0981 -8
      vertex 1.90605 -28.0292 -8
    endloop
  endfacet
  facet normal 0.208274 0.978071 -0
    outer loop
      vertex 2.85115 -32.0331 -8
      vertex 2.74314 -32.0101 -2
      vertex 2.85115 -32.0331 -2
    endloop
  endfacet
  facet normal 0.208274 0.978071 0
    outer loop
      vertex 2.74314 -32.0101 -2
      vertex 2.85115 -32.0331 -8
      vertex 2.74314 -32.0101 -8
    endloop
  endfacet
  facet normal 0.526005 0.850481 -0
    outer loop
      vertex 2.13039 -31.7641 -8
      vertex 2.03645 -31.706 -2
      vertex 2.13039 -31.7641 -2
    endloop
  endfacet
  facet normal 0.526005 0.850481 0
    outer loop
      vertex 2.03645 -31.706 -2
      vertex 2.13039 -31.7641 -8
      vertex 2.03645 -31.706 -8
    endloop
  endfacet
  facet normal -0.681239 -0.732061 0
    outer loop
      vertex 4.75874 -28.1382 -8
      vertex 4.83955 -28.2134 -2
      vertex 4.75874 -28.1382 -2
    endloop
  endfacet
  facet normal -0.681239 -0.732061 -0
    outer loop
      vertex 4.83955 -28.2134 -2
      vertex 4.75874 -28.1382 -8
      vertex 4.83955 -28.2134 -8
    endloop
  endfacet
  facet normal 0.993764 -0.111504 0
    outer loop
      vertex 1.02457 -29.6256 -2
      vertex 1.03689 -29.5158 -8
      vertex 1.03689 -29.5158 -2
    endloop
  endfacet
  facet normal 0.993764 -0.111504 0
    outer loop
      vertex 1.03689 -29.5158 -8
      vertex 1.02457 -29.6256 -2
      vertex 1.02457 -29.6256 -8
    endloop
  endfacet
  facet normal 0.839084 0.544002 0
    outer loop
      vertex 1.40895 -31.0921 -2
      vertex 1.34885 -30.9994 -8
      vertex 1.34885 -30.9994 -2
    endloop
  endfacet
  facet normal 0.839084 0.544002 0
    outer loop
      vertex 1.34885 -30.9994 -8
      vertex 1.40895 -31.0921 -2
      vertex 1.40895 -31.0921 -8
    endloop
  endfacet
  facet normal -0.993753 0.111605 0
    outer loop
      vertex 5.49512 -30.1275 -8
      vertex 5.50744 -30.0178 -2
      vertex 5.50744 -30.0178 -8
    endloop
  endfacet
  facet normal -0.993753 0.111605 0
    outer loop
      vertex 5.50744 -30.0178 -2
      vertex 5.49512 -30.1275 -8
      vertex 5.49512 -30.1275 -2
    endloop
  endfacet
  facet normal 0.996422 0.0845147 0
    outer loop
      vertex 1.02938 -30.0666 -2
      vertex 1.02005 -29.9566 -8
      vertex 1.02005 -29.9566 -2
    endloop
  endfacet
  facet normal 0.996422 0.0845147 0
    outer loop
      vertex 1.02005 -29.9566 -8
      vertex 1.02938 -30.0666 -2
      vertex 1.02938 -30.0666 -8
    endloop
  endfacet
  facet normal 0.732078 -0.681221 0
    outer loop
      vertex 1.58248 -28.329 -2
      vertex 1.65776 -28.2481 -8
      vertex 1.65776 -28.2481 -2
    endloop
  endfacet
  facet normal 0.732078 -0.681221 0
    outer loop
      vertex 1.65776 -28.2481 -8
      vertex 1.58248 -28.329 -2
      vertex 1.58248 -28.329 -8
    endloop
  endfacet
  facet normal 0.459842 -0.888001 0
    outer loop
      vertex 2.18378 -27.8491 -8
      vertex 2.28188 -27.7983 -2
      vertex 2.18378 -27.8491 -2
    endloop
  endfacet
  facet normal 0.459842 -0.888001 0
    outer loop
      vertex 2.28188 -27.7983 -2
      vertex 2.18378 -27.8491 -8
      vertex 2.28188 -27.7983 -8
    endloop
  endfacet
  facet normal 0.229988 -0.973193 0
    outer loop
      vertex 2.69553 -27.6452 -8
      vertex 2.80301 -27.6198 -2
      vertex 2.69553 -27.6452 -2
    endloop
  endfacet
  facet normal 0.229988 -0.973193 0
    outer loop
      vertex 2.80301 -27.6198 -2
      vertex 2.69553 -27.6452 -8
      vertex 2.80301 -27.6198 -8
    endloop
  endfacet
  facet normal -0.71695 -0.697125 0
    outer loop
      vertex 4.91656 -28.2926 -8
      vertex 4.83955 -28.2134 -2
      vertex 4.83955 -28.2134 -8
    endloop
  endfacet
  facet normal -0.71695 -0.697125 0
    outer loop
      vertex 4.83955 -28.2134 -2
      vertex 4.91656 -28.2926 -8
      vertex 4.91656 -28.2926 -2
    endloop
  endfacet
  facet normal -0.764258 0.644911 0
    outer loop
      vertex 4.94953 -31.3144 -8
      vertex 5.02075 -31.23 -2
      vertex 5.02075 -31.23 -8
    endloop
  endfacet
  facet normal -0.764258 0.644911 0
    outer loop
      vertex 5.02075 -31.23 -2
      vertex 4.94953 -31.3144 -8
      vertex 4.94953 -31.3144 -2
    endloop
  endfacet
  facet normal 0.69735 -0.716731 0
    outer loop
      vertex 1.65776 -28.2481 -8
      vertex 1.7369 -28.1711 -2
      vertex 1.65776 -28.2481 -2
    endloop
  endfacet
  facet normal 0.69735 -0.716731 0
    outer loop
      vertex 1.7369 -28.1711 -2
      vertex 1.65776 -28.2481 -8
      vertex 1.7369 -28.1711 -8
    endloop
  endfacet
  facet normal 0.111376 0.993778 -0
    outer loop
      vertex 3.06991 -32.0631 -8
      vertex 2.96016 -32.0508 -2
      vertex 3.06991 -32.0631 -2
    endloop
  endfacet
  facet normal 0.111376 0.993778 0
    outer loop
      vertex 2.96016 -32.0508 -2
      vertex 3.06991 -32.0631 -8
      vertex 2.96016 -32.0508 -8
    endloop
  endfacet
  facet normal 0.544208 -0.83895 0
    outer loop
      vertex 1.99564 -27.9646 -8
      vertex 2.08829 -27.9045 -2
      vertex 1.99564 -27.9646 -2
    endloop
  endfacet
  facet normal 0.544208 -0.83895 0
    outer loop
      vertex 2.08829 -27.9045 -2
      vertex 1.99564 -27.9646 -8
      vertex 2.08829 -27.9045 -8
    endloop
  endfacet
  facet normal 0.781883 0.623425 0
    outer loop
      vertex 1.54241 -31.268 -2
      vertex 1.47352 -31.1816 -8
      vertex 1.47352 -31.1816 -2
    endloop
  endfacet
  facet normal 0.781883 0.623425 0
    outer loop
      vertex 1.47352 -31.1816 -8
      vertex 1.54241 -31.268 -2
      vertex 1.54241 -31.268 -8
    endloop
  endfacet
  facet normal 0.584872 -0.811125 0
    outer loop
      vertex 1.90605 -28.0292 -8
      vertex 1.99564 -27.9646 -2
      vertex 1.90605 -28.0292 -2
    endloop
  endfacet
  facet normal 0.584872 -0.811125 0
    outer loop
      vertex 1.99564 -27.9646 -2
      vertex 1.90605 -28.0292 -8
      vertex 1.99564 -27.9646 -8
    endloop
  endfacet
  facet normal 0.810975 0.58508 0
    outer loop
      vertex 1.47352 -31.1816 -2
      vertex 1.40895 -31.0921 -8
      vertex 1.40895 -31.0921 -2
    endloop
  endfacet
  facet normal 0.810975 0.58508 0
    outer loop
      vertex 1.40895 -31.0921 -8
      vertex 1.47352 -31.1816 -2
      vertex 1.47352 -31.1816 -8
    endloop
  endfacet
  facet normal 0.349525 0.936927 -0
    outer loop
      vertex 2.53116 -31.9483 -8
      vertex 2.42769 -31.9097 -2
      vertex 2.53116 -31.9483 -2
    endloop
  endfacet
  facet normal 0.349525 0.936927 0
    outer loop
      vertex 2.42769 -31.9097 -2
      vertex 2.53116 -31.9483 -8
      vertex 2.42769 -31.9097 -8
    endloop
  endfacet
  facet normal -0.978069 0.208281 0
    outer loop
      vertex 5.45441 -30.3446 -8
      vertex 5.47743 -30.2365 -2
      vertex 5.47743 -30.2365 -8
    endloop
  endfacet
  facet normal -0.978069 0.208281 0
    outer loop
      vertex 5.47743 -30.2365 -2
      vertex 5.45441 -30.3446 -8
      vertex 5.45441 -30.3446 -2
    endloop
  endfacet
  facet normal 0.716509 0.697578 0
    outer loop
      vertex 1.69246 -31.4299 -2
      vertex 1.61545 -31.3508 -8
      vertex 1.61545 -31.3508 -2
    endloop
  endfacet
  facet normal 0.716509 0.697578 0
    outer loop
      vertex 1.61545 -31.3508 -8
      vertex 1.69246 -31.4299 -2
      vertex 1.69246 -31.4299 -8
    endloop
  endfacet
  facet normal -0.996429 -0.0844385 0
    outer loop
      vertex 5.51196 -29.6868 -8
      vertex 5.50263 -29.5767 -2
      vertex 5.50263 -29.5767 -8
    endloop
  endfacet
  facet normal -0.996429 -0.0844385 0
    outer loop
      vertex 5.50263 -29.5767 -2
      vertex 5.51196 -29.6868 -8
      vertex 5.51196 -29.6868 -2
    endloop
  endfacet
  facet normal -0.749877 -0.661577 0
    outer loop
      vertex 4.98961 -28.3754 -8
      vertex 4.91656 -28.2926 -2
      vertex 4.91656 -28.2926 -8
    endloop
  endfacet
  facet normal -0.749877 -0.661577 0
    outer loop
      vertex 4.91656 -28.2926 -2
      vertex 4.98961 -28.3754 -8
      vertex 4.98961 -28.3754 -2
    endloop
  endfacet
  facet normal -0.781575 -0.623811 0
    outer loop
      vertex 5.05849 -28.4617 -8
      vertex 4.98961 -28.3754 -2
      vertex 4.98961 -28.3754 -8
    endloop
  endfacet
  facet normal -0.781575 -0.623811 0
    outer loop
      vertex 4.98961 -28.3754 -2
      vertex 5.05849 -28.4617 -8
      vertex 5.05849 -28.4617 -2
    endloop
  endfacet
  facet normal 0.64476 0.764385 -0
    outer loop
      vertex 1.85768 -31.5764 -8
      vertex 1.77327 -31.5052 -2
      vertex 1.85768 -31.5764 -2
    endloop
  endfacet
  facet normal 0.64476 0.764385 0
    outer loop
      vertex 1.77327 -31.5052 -2
      vertex 1.85768 -31.5764 -8
      vertex 1.77327 -31.5052 -8
    endloop
  endfacet
  facet normal -0.697305 0.716775 0
    outer loop
      vertex 4.87426 -31.3952 -8
      vertex 4.79511 -31.4722 -2
      vertex 4.87426 -31.3952 -2
    endloop
  endfacet
  facet normal -0.697305 0.716775 0
    outer loop
      vertex 4.79511 -31.4722 -2
      vertex 4.87426 -31.3952 -8
      vertex 4.79511 -31.4722 -8
    endloop
  endfacet
  facet normal 0.303349 0.952879 -0
    outer loop
      vertex 2.63639 -31.9818 -8
      vertex 2.53116 -31.9483 -2
      vertex 2.63639 -31.9818 -2
    endloop
  endfacet
  facet normal 0.303349 0.952879 0
    outer loop
      vertex 2.53116 -31.9483 -2
      vertex 2.63639 -31.9818 -8
      vertex 2.53116 -31.9483 -8
    endloop
  endfacet
  facet normal 0.256253 0.96661 -0
    outer loop
      vertex 2.74314 -32.0101 -8
      vertex 2.63639 -31.9818 -2
      vertex 2.74314 -32.0101 -2
    endloop
  endfacet
  facet normal 0.256253 0.96661 0
    outer loop
      vertex 2.63639 -31.9818 -2
      vertex 2.74314 -32.0101 -8
      vertex 2.63639 -31.9818 -8
    endloop
  endfacet
  facet normal -0.394881 -0.918732 0
    outer loop
      vertex 4.10432 -27.7337 -8
      vertex 4.20576 -27.7773 -2
      vertex 4.10432 -27.7337 -2
    endloop
  endfacet
  facet normal -0.394881 -0.918732 -0
    outer loop
      vertex 4.20576 -27.7773 -2
      vertex 4.10432 -27.7337 -8
      vertex 4.20576 -27.7773 -8
    endloop
  endfacet
  facet normal -0.909636 -0.415406 0
    outer loop
      vertex 5.33522 -28.938 -8
      vertex 5.28937 -28.8376 -2
      vertex 5.28937 -28.8376 -8
    endloop
  endfacet
  facet normal -0.909636 -0.415406 0
    outer loop
      vertex 5.28937 -28.8376 -2
      vertex 5.33522 -28.938 -8
      vertex 5.33522 -28.938 -2
    endloop
  endfacet
  facet normal 0.999906 -0.0136763 0
    outer loop
      vertex 1.01614 -29.8462 -2
      vertex 1.01765 -29.7358 -8
      vertex 1.01765 -29.7358 -2
    endloop
  endfacet
  facet normal 0.999906 -0.0136763 0
    outer loop
      vertex 1.01765 -29.7358 -8
      vertex 1.01614 -29.8462 -2
      vertex 1.01614 -29.8462 -8
    endloop
  endfacet
  facet normal 0.929038 0.369985 0
    outer loop
      vertex 1.19679 -30.7054 -2
      vertex 1.15593 -30.6028 -8
      vertex 1.15593 -30.6028 -2
    endloop
  endfacet
  facet normal 0.929038 0.369985 0
    outer loop
      vertex 1.15593 -30.6028 -8
      vertex 1.19679 -30.7054 -2
      vertex 1.19679 -30.7054 -8
    endloop
  endfacet
  facet normal 0.966602 -0.256281 0
    outer loop
      vertex 1.0776 -29.2988 -2
      vertex 1.10589 -29.1921 -8
      vertex 1.10589 -29.1921 -2
    endloop
  endfacet
  facet normal 0.966602 -0.256281 0
    outer loop
      vertex 1.10589 -29.1921 -8
      vertex 1.0776 -29.2988 -2
      vertex 1.0776 -29.2988 -8
    endloop
  endfacet
  facet normal 0.501825 -0.864969 0
    outer loop
      vertex 2.08829 -27.9045 -8
      vertex 2.18378 -27.8491 -2
      vertex 2.08829 -27.9045 -2
    endloop
  endfacet
  facet normal 0.501825 -0.864969 0
    outer loop
      vertex 2.18378 -27.8491 -2
      vertex 2.08829 -27.9045 -8
      vertex 2.18378 -27.8491 -8
    endloop
  endfacet
  facet normal -0.483489 -0.87535 0
    outer loop
      vertex 4.30494 -27.8259 -8
      vertex 4.40162 -27.8793 -2
      vertex 4.30494 -27.8259 -2
    endloop
  endfacet
  facet normal -0.483489 -0.87535 -0
    outer loop
      vertex 4.40162 -27.8793 -2
      vertex 4.30494 -27.8259 -8
      vertex 4.40162 -27.8793 -8
    endloop
  endfacet
  facet normal 0.370298 -0.928913 0
    outer loop
      vertex 2.38234 -27.7525 -8
      vertex 2.48494 -27.7116 -2
      vertex 2.38234 -27.7525 -2
    endloop
  endfacet
  facet normal 0.370298 -0.928913 0
    outer loop
      vertex 2.48494 -27.7116 -2
      vertex 2.38234 -27.7525 -8
      vertex 2.48494 -27.7116 -8
    endloop
  endfacet
  facet normal -0.303349 -0.952879 0
    outer loop
      vertex 3.89562 -27.6616 -8
      vertex 4.00085 -27.6951 -2
      vertex 3.89562 -27.6616 -2
    endloop
  endfacet
  facet normal -0.303349 -0.952879 -0
    outer loop
      vertex 4.00085 -27.6951 -2
      vertex 3.89562 -27.6616 -8
      vertex 4.00085 -27.6951 -8
    endloop
  endfacet
  facet normal 0.795018 -0.606586 0
    outer loop
      vertex 1.44428 -28.5012 -2
      vertex 1.51127 -28.4134 -8
      vertex 1.51127 -28.4134 -2
    endloop
  endfacet
  facet normal 0.795018 -0.606586 0
    outer loop
      vertex 1.51127 -28.4134 -8
      vertex 1.44428 -28.5012 -2
      vertex 1.44428 -28.5012 -8
    endloop
  endfacet
  facet normal -0.111386 -0.993777 0
    outer loop
      vertex 3.46211 -27.5803 -8
      vertex 3.57185 -27.5926 -2
      vertex 3.46211 -27.5803 -2
    endloop
  endfacet
  facet normal -0.111386 -0.993777 -0
    outer loop
      vertex 3.57185 -27.5926 -2
      vertex 3.46211 -27.5803 -8
      vertex 3.57185 -27.5926 -8
    endloop
  endfacet
  facet normal 0.999373 0.0353945 0
    outer loop
      vertex 1.02005 -29.9566 -2
      vertex 1.01614 -29.8462 -8
      vertex 1.01614 -29.8462 -2
    endloop
  endfacet
  facet normal 0.999373 0.0353945 0
    outer loop
      vertex 1.01614 -29.8462 -8
      vertex 1.02005 -29.9566 -2
      vertex 1.02005 -29.9566 -8
    endloop
  endfacet
  facet normal 0.99248 0.122411 0
    outer loop
      vertex -8.408 -1.24721 -16
      vertex -8.45907 -0.833145 -56
      vertex -8.45907 -0.833145 -16
    endloop
  endfacet
  facet normal 0.99248 0.122411 0
    outer loop
      vertex -8.45907 -0.833145 -56
      vertex -8.408 -1.24721 -16
      vertex -8.408 -1.24721 -56
    endloop
  endfacet
  facet normal -0.997291 -0.0735618 0
    outer loop
      vertex 8.48976 0.417075 -56
      vertex 8.45907 0.833145 -16
      vertex 8.45907 0.833145 -56
    endloop
  endfacet
  facet normal -0.997291 -0.0735618 0
    outer loop
      vertex 8.45907 0.833145 -16
      vertex 8.48976 0.417075 -56
      vertex 8.48976 0.417075 -16
    endloop
  endfacet
  facet normal -0.999699 -0.0245445 0
    outer loop
      vertex 8.5 0 -56
      vertex 8.48976 0.417075 -16
      vertex 8.48976 0.417075 -56
    endloop
  endfacet
  facet normal -0.999699 -0.0245445 0
    outer loop
      vertex 8.48976 0.417075 -16
      vertex 8.5 0 -56
      vertex 8.5 0 -16
    endloop
  endfacet
  facet normal -0.99248 -0.122411 0
    outer loop
      vertex 8.45907 0.833145 -56
      vertex 8.408 1.24721 -16
      vertex 8.408 1.24721 -56
    endloop
  endfacet
  facet normal -0.99248 -0.122411 0
    outer loop
      vertex 8.408 1.24721 -16
      vertex 8.45907 0.833145 -56
      vertex 8.45907 0.833145 -16
    endloop
  endfacet
  facet normal 0.975706 0.219082 0
    outer loop
      vertex -8.24527 -2.06533 -16
      vertex -8.33667 -1.65827 -56
      vertex -8.33667 -1.65827 -16
    endloop
  endfacet
  facet normal 0.975706 0.219082 0
    outer loop
      vertex -8.33667 -1.65827 -56
      vertex -8.24527 -2.06533 -16
      vertex -8.24527 -2.06533 -56
    endloop
  endfacet
  facet normal 0.999699 0.0245445 0
    outer loop
      vertex -8.48976 -0.417075 -16
      vertex -8.5 0 -56
      vertex -8.5 0 -16
    endloop
  endfacet
  facet normal 0.999699 0.0245445 0
    outer loop
      vertex -8.5 0 -56
      vertex -8.48976 -0.417075 -16
      vertex -8.48976 -0.417075 -56
    endloop
  endfacet
  facet normal -0.0735618 0.997291 0
    outer loop
      vertex 0.833145 -8.45907 -56
      vertex 0.417075 -8.48976 -16
      vertex 0.833145 -8.45907 -16
    endloop
  endfacet
  facet normal -0.0735618 0.997291 0
    outer loop
      vertex 0.417075 -8.48976 -16
      vertex 0.833145 -8.45907 -56
      vertex 0.417075 -8.48976 -56
    endloop
  endfacet
  facet normal -0.963772 -0.266728 0
    outer loop
      vertex 8.24527 2.06533 -56
      vertex 8.13399 2.46742 -16
      vertex 8.13399 2.46742 -56
    endloop
  endfacet
  facet normal -0.963772 -0.266728 0
    outer loop
      vertex 8.13399 2.46742 -16
      vertex 8.24527 2.06533 -56
      vertex 8.24527 2.06533 -16
    endloop
  endfacet
  facet normal -0.757204 -0.653179 0
    outer loop
      vertex 6.57059 5.39234 -56
      vertex 6.29808 5.70825 -16
      vertex 6.29808 5.70825 -56
    endloop
  endfacet
  facet normal -0.757204 -0.653179 0
    outer loop
      vertex 6.29808 5.70825 -16
      vertex 6.57059 5.39234 -56
      vertex 6.57059 5.39234 -16
    endloop
  endfacet
  facet normal -0.359874 0.933001 0
    outer loop
      vertex 3.25281 -7.85298 -56
      vertex 2.86356 -8.00312 -16
      vertex 3.25281 -7.85298 -16
    endloop
  endfacet
  facet normal -0.359874 0.933001 0
    outer loop
      vertex 2.86356 -8.00312 -16
      vertex 3.25281 -7.85298 -56
      vertex 2.86356 -8.00312 -56
    endloop
  endfacet
  facet normal -0.914207 -0.405246 0
    outer loop
      vertex 7.85298 3.25281 -56
      vertex 7.68391 3.63422 -16
      vertex 7.68391 3.63422 -56
    endloop
  endfacet
  facet normal -0.914207 -0.405246 0
    outer loop
      vertex 7.68391 3.63422 -16
      vertex 7.85298 3.25281 -56
      vertex 7.85298 3.25281 -16
    endloop
  endfacet
  facet normal 0.219082 0.975706 -0
    outer loop
      vertex -1.65827 -8.33667 -56
      vertex -2.06533 -8.24527 -16
      vertex -1.65827 -8.33667 -16
    endloop
  endfacet
  facet normal 0.219082 0.975706 0
    outer loop
      vertex -2.06533 -8.24527 -16
      vertex -1.65827 -8.33667 -56
      vertex -2.06533 -8.24527 -56
    endloop
  endfacet
  facet normal -0.975706 0.219082 0
    outer loop
      vertex 8.24527 -2.06533 -56
      vertex 8.33667 -1.65827 -16
      vertex 8.33667 -1.65827 -56
    endloop
  endfacet
  facet normal -0.975706 0.219082 0
    outer loop
      vertex 8.33667 -1.65827 -16
      vertex 8.24527 -2.06533 -56
      vertex 8.24527 -2.06533 -16
    endloop
  endfacet
  facet normal 0.492904 -0.870084 0
    outer loop
      vertex -4.36987 7.29069 -56
      vertex -4.00687 7.49633 -16
      vertex -4.36987 7.29069 -16
    endloop
  endfacet
  facet normal 0.492904 -0.870084 0
    outer loop
      vertex -4.00687 7.49633 -16
      vertex -4.36987 7.29069 -56
      vertex -4.00687 7.49633 -56
    endloop
  endfacet
  facet normal -0.963772 0.266728 0
    outer loop
      vertex 8.13399 -2.46742 -56
      vertex 8.24527 -2.06533 -16
      vertex 8.24527 -2.06533 -56
    endloop
  endfacet
  facet normal -0.963772 0.266728 0
    outer loop
      vertex 8.24527 -2.06533 -16
      vertex 8.13399 -2.46742 -56
      vertex 8.13399 -2.46742 -16
    endloop
  endfacet
  facet normal -0.534988 -0.84486 0
    outer loop
      vertex 4.36987 7.29069 -56
      vertex 4.72235 7.06749 -16
      vertex 4.36987 7.29069 -16
    endloop
  endfacet
  facet normal -0.534988 -0.84486 -0
    outer loop
      vertex 4.72235 7.06749 -16
      vertex 4.36987 7.29069 -56
      vertex 4.72235 7.06749 -56
    endloop
  endfacet
  facet normal -0.757204 0.653179 0
    outer loop
      vertex 6.29808 -5.70825 -56
      vertex 6.57059 -5.39234 -16
      vertex 6.57059 -5.39234 -56
    endloop
  endfacet
  facet normal -0.757204 0.653179 0
    outer loop
      vertex 6.57059 -5.39234 -16
      vertex 6.29808 -5.70825 -56
      vertex 6.29808 -5.70825 -16
    endloop
  endfacet
  facet normal -0.870084 0.492904 0
    outer loop
      vertex 7.29069 -4.36987 -56
      vertex 7.49633 -4.00687 -16
      vertex 7.49633 -4.00687 -56
    endloop
  endfacet
  facet normal -0.870084 0.492904 0
    outer loop
      vertex 7.49633 -4.00687 -16
      vertex 7.29069 -4.36987 -56
      vertex 7.29069 -4.36987 -16
    endloop
  endfacet
  facet normal -0.870084 -0.492904 0
    outer loop
      vertex 7.49633 4.00687 -56
      vertex 7.29069 4.36987 -16
      vertex 7.29069 4.36987 -56
    endloop
  endfacet
  facet normal -0.870084 -0.492904 0
    outer loop
      vertex 7.29069 4.36987 -16
      vertex 7.49633 4.00687 -56
      vertex 7.49633 4.00687 -16
    endloop
  endfacet
  facet normal 0.949526 -0.313688 0
    outer loop
      vertex -8.13399 2.46742 -16
      vertex -8.00312 2.86356 -56
      vertex -8.00312 2.86356 -16
    endloop
  endfacet
  facet normal 0.949526 -0.313688 0
    outer loop
      vertex -8.00312 2.86356 -56
      vertex -8.13399 2.46742 -16
      vertex -8.13399 2.46742 -56
    endloop
  endfacet
  facet normal -0.985276 -0.170972 0
    outer loop
      vertex 8.408 1.24721 -56
      vertex 8.33667 1.65827 -16
      vertex 8.33667 1.65827 -56
    endloop
  endfacet
  facet normal -0.985276 -0.170972 0
    outer loop
      vertex 8.33667 1.65827 -16
      vertex 8.408 1.24721 -56
      vertex 8.408 1.24721 -16
    endloop
  endfacet
  facet normal 0.313688 -0.949526 0
    outer loop
      vertex -2.86356 8.00312 -56
      vertex -2.46742 8.13399 -16
      vertex -2.86356 8.00312 -16
    endloop
  endfacet
  facet normal 0.313688 -0.949526 0
    outer loop
      vertex -2.46742 8.13399 -16
      vertex -2.86356 8.00312 -56
      vertex -2.46742 8.13399 -56
    endloop
  endfacet
  facet normal -0.949526 0.313688 0
    outer loop
      vertex 8.00312 -2.86356 -56
      vertex 8.13399 -2.46742 -16
      vertex 8.13399 -2.46742 -56
    endloop
  endfacet
  facet normal -0.949526 0.313688 0
    outer loop
      vertex 8.13399 -2.46742 -16
      vertex 8.00312 -2.86356 -56
      vertex 8.00312 -2.86356 -16
    endloop
  endfacet
  facet normal -0.689528 -0.724259 0
    outer loop
      vertex 5.70825 6.29808 -56
      vertex 6.01041 6.01041 -16
      vertex 5.70825 6.29808 -16
    endloop
  endfacet
  facet normal -0.689528 -0.724259 -0
    outer loop
      vertex 6.01041 6.01041 -16
      vertex 5.70825 6.29808 -56
      vertex 6.01041 6.01041 -56
    endloop
  endfacet
  facet normal 0.757204 -0.653179 0
    outer loop
      vertex -6.57059 5.39234 -16
      vertex -6.29808 5.70825 -56
      vertex -6.29808 5.70825 -16
    endloop
  endfacet
  facet normal 0.757204 -0.653179 0
    outer loop
      vertex -6.29808 5.70825 -56
      vertex -6.57059 5.39234 -16
      vertex -6.57059 5.39234 -56
    endloop
  endfacet
  facet normal -0.57582 -0.817577 0
    outer loop
      vertex 4.72235 7.06749 -56
      vertex 5.06344 6.82726 -16
      vertex 4.72235 7.06749 -16
    endloop
  endfacet
  facet normal -0.57582 -0.817577 -0
    outer loop
      vertex 5.06344 6.82726 -16
      vertex 4.72235 7.06749 -56
      vertex 5.06344 6.82726 -56
    endloop
  endfacet
  facet normal -0.653179 -0.757204 0
    outer loop
      vertex 5.39234 6.57059 -56
      vertex 5.70825 6.29808 -16
      vertex 5.39234 6.57059 -16
    endloop
  endfacet
  facet normal -0.653179 -0.757204 -0
    outer loop
      vertex 5.70825 6.29808 -16
      vertex 5.39234 6.57059 -56
      vertex 5.70825 6.29808 -56
    endloop
  endfacet
  facet normal -0.219082 0.975706 0
    outer loop
      vertex 2.06533 -8.24527 -56
      vertex 1.65827 -8.33667 -16
      vertex 2.06533 -8.24527 -16
    endloop
  endfacet
  facet normal -0.219082 0.975706 0
    outer loop
      vertex 1.65827 -8.33667 -16
      vertex 2.06533 -8.24527 -56
      vertex 1.65827 -8.33667 -56
    endloop
  endfacet
  facet normal 0.724259 0.689528 0
    outer loop
      vertex -6.01041 -6.01041 -16
      vertex -6.29808 -5.70825 -56
      vertex -6.29808 -5.70825 -16
    endloop
  endfacet
  facet normal 0.724259 0.689528 0
    outer loop
      vertex -6.29808 -5.70825 -56
      vertex -6.01041 -6.01041 -16
      vertex -6.01041 -6.01041 -56
    endloop
  endfacet
  facet normal -0.997291 0.0735618 0
    outer loop
      vertex 8.45907 -0.833145 -56
      vertex 8.48976 -0.417075 -16
      vertex 8.48976 -0.417075 -56
    endloop
  endfacet
  facet normal -0.997291 0.0735618 0
    outer loop
      vertex 8.48976 -0.417075 -16
      vertex 8.45907 -0.833145 -56
      vertex 8.45907 -0.833145 -16
    endloop
  endfacet
  facet normal -0.893221 -0.449619 0
    outer loop
      vertex 7.68391 3.63422 -56
      vertex 7.49633 4.00687 -16
      vertex 7.49633 4.00687 -56
    endloop
  endfacet
  facet normal -0.893221 -0.449619 0
    outer loop
      vertex 7.49633 4.00687 -16
      vertex 7.68391 3.63422 -56
      vertex 7.68391 3.63422 -16
    endloop
  endfacet
  facet normal 0.122411 -0.99248 0
    outer loop
      vertex -1.24721 8.408 -56
      vertex -0.833145 8.45907 -16
      vertex -1.24721 8.408 -16
    endloop
  endfacet
  facet normal 0.122411 -0.99248 0
    outer loop
      vertex -0.833145 8.45907 -16
      vertex -1.24721 8.408 -56
      vertex -0.833145 8.45907 -56
    endloop
  endfacet
  facet normal 0.689528 -0.724259 0
    outer loop
      vertex -6.01041 6.01041 -56
      vertex -5.70825 6.29808 -16
      vertex -6.01041 6.01041 -16
    endloop
  endfacet
  facet normal 0.689528 -0.724259 0
    outer loop
      vertex -5.70825 6.29808 -16
      vertex -6.01041 6.01041 -56
      vertex -5.70825 6.29808 -56
    endloop
  endfacet
  facet normal -0.724259 0.689528 0
    outer loop
      vertex 6.01041 -6.01041 -56
      vertex 6.29808 -5.70825 -16
      vertex 6.29808 -5.70825 -56
    endloop
  endfacet
  facet normal -0.724259 0.689528 0
    outer loop
      vertex 6.29808 -5.70825 -16
      vertex 6.01041 -6.01041 -56
      vertex 6.01041 -6.01041 -16
    endloop
  endfacet
  facet normal 0.653179 0.757204 -0
    outer loop
      vertex -5.39234 -6.57059 -56
      vertex -5.70825 -6.29808 -16
      vertex -5.39234 -6.57059 -16
    endloop
  endfacet
  facet normal 0.653179 0.757204 0
    outer loop
      vertex -5.70825 -6.29808 -16
      vertex -5.39234 -6.57059 -56
      vertex -5.70825 -6.29808 -56
    endloop
  endfacet
  facet normal 0.534988 -0.84486 0
    outer loop
      vertex -4.72235 7.06749 -56
      vertex -4.36987 7.29069 -16
      vertex -4.72235 7.06749 -16
    endloop
  endfacet
  facet normal 0.534988 -0.84486 0
    outer loop
      vertex -4.36987 7.29069 -16
      vertex -4.72235 7.06749 -56
      vertex -4.36987 7.29069 -56
    endloop
  endfacet
  facet normal 0.0735618 -0.997291 0
    outer loop
      vertex -0.833145 8.45907 -56
      vertex -0.417075 8.48976 -16
      vertex -0.833145 8.45907 -16
    endloop
  endfacet
  facet normal 0.0735618 -0.997291 0
    outer loop
      vertex -0.417075 8.48976 -16
      vertex -0.833145 8.45907 -56
      vertex -0.417075 8.48976 -56
    endloop
  endfacet
  facet normal -0.122411 -0.99248 0
    outer loop
      vertex 0.833145 8.45907 -56
      vertex 1.24721 8.408 -16
      vertex 0.833145 8.45907 -16
    endloop
  endfacet
  facet normal -0.122411 -0.99248 -0
    outer loop
      vertex 1.24721 8.408 -16
      vertex 0.833145 8.45907 -56
      vertex 1.24721 8.408 -56
    endloop
  endfacet
  facet normal 0.57582 -0.817577 0
    outer loop
      vertex -5.06344 6.82726 -56
      vertex -4.72235 7.06749 -16
      vertex -5.06344 6.82726 -16
    endloop
  endfacet
  facet normal 0.57582 -0.817577 0
    outer loop
      vertex -4.72235 7.06749 -16
      vertex -5.06344 6.82726 -56
      vertex -4.72235 7.06749 -56
    endloop
  endfacet
  facet normal -0.84486 0.534988 0
    outer loop
      vertex 7.06749 -4.72235 -56
      vertex 7.29069 -4.36987 -16
      vertex 7.29069 -4.36987 -56
    endloop
  endfacet
  facet normal -0.84486 0.534988 0
    outer loop
      vertex 7.29069 -4.36987 -16
      vertex 7.06749 -4.72235 -56
      vertex 7.06749 -4.72235 -16
    endloop
  endfacet
  facet normal -0.985276 0.170972 0
    outer loop
      vertex 8.33667 -1.65827 -56
      vertex 8.408 -1.24721 -16
      vertex 8.408 -1.24721 -56
    endloop
  endfacet
  facet normal -0.985276 0.170972 0
    outer loop
      vertex 8.408 -1.24721 -16
      vertex 8.33667 -1.65827 -56
      vertex 8.33667 -1.65827 -16
    endloop
  endfacet
  facet normal 0.266728 0.963772 -0
    outer loop
      vertex -2.06533 -8.24527 -56
      vertex -2.46742 -8.13399 -16
      vertex -2.06533 -8.24527 -16
    endloop
  endfacet
  facet normal 0.266728 0.963772 0
    outer loop
      vertex -2.46742 -8.13399 -16
      vertex -2.06533 -8.24527 -56
      vertex -2.46742 -8.13399 -56
    endloop
  endfacet
  facet normal 0.949526 0.313688 0
    outer loop
      vertex -8.00312 -2.86356 -16
      vertex -8.13399 -2.46742 -56
      vertex -8.13399 -2.46742 -16
    endloop
  endfacet
  facet normal 0.949526 0.313688 0
    outer loop
      vertex -8.13399 -2.46742 -56
      vertex -8.00312 -2.86356 -16
      vertex -8.00312 -2.86356 -56
    endloop
  endfacet
  facet normal -0.817577 -0.57582 0
    outer loop
      vertex 7.06749 4.72235 -56
      vertex 6.82726 5.06344 -16
      vertex 6.82726 5.06344 -56
    endloop
  endfacet
  facet normal -0.817577 -0.57582 0
    outer loop
      vertex 6.82726 5.06344 -16
      vertex 7.06749 4.72235 -56
      vertex 7.06749 4.72235 -16
    endloop
  endfacet
  facet normal -0.933001 0.359874 0
    outer loop
      vertex 7.85298 -3.25281 -56
      vertex 8.00312 -2.86356 -16
      vertex 8.00312 -2.86356 -56
    endloop
  endfacet
  facet normal -0.933001 0.359874 0
    outer loop
      vertex 8.00312 -2.86356 -16
      vertex 7.85298 -3.25281 -56
      vertex 7.85298 -3.25281 -16
    endloop
  endfacet
  facet normal 0.219082 -0.975706 0
    outer loop
      vertex -2.06533 8.24527 -56
      vertex -1.65827 8.33667 -16
      vertex -2.06533 8.24527 -16
    endloop
  endfacet
  facet normal 0.219082 -0.975706 0
    outer loop
      vertex -1.65827 8.33667 -16
      vertex -2.06533 8.24527 -56
      vertex -1.65827 8.33667 -56
    endloop
  endfacet
  facet normal 0.84486 0.534988 0
    outer loop
      vertex -7.06749 -4.72235 -16
      vertex -7.29069 -4.36987 -56
      vertex -7.29069 -4.36987 -16
    endloop
  endfacet
  facet normal 0.84486 0.534988 0
    outer loop
      vertex -7.29069 -4.36987 -56
      vertex -7.06749 -4.72235 -16
      vertex -7.06749 -4.72235 -56
    endloop
  endfacet
  facet normal -0.170972 0.985276 0
    outer loop
      vertex 1.65827 -8.33667 -56
      vertex 1.24721 -8.408 -16
      vertex 1.65827 -8.33667 -16
    endloop
  endfacet
  facet normal -0.170972 0.985276 0
    outer loop
      vertex 1.24721 -8.408 -16
      vertex 1.65827 -8.33667 -56
      vertex 1.24721 -8.408 -56
    endloop
  endfacet
  facet normal 0.997291 0.0735618 0
    outer loop
      vertex -8.45907 -0.833145 -16
      vertex -8.48976 -0.417075 -56
      vertex -8.48976 -0.417075 -16
    endloop
  endfacet
  facet normal 0.997291 0.0735618 0
    outer loop
      vertex -8.48976 -0.417075 -56
      vertex -8.45907 -0.833145 -16
      vertex -8.45907 -0.833145 -56
    endloop
  endfacet
  facet normal 0.724259 -0.689528 0
    outer loop
      vertex -6.29808 5.70825 -16
      vertex -6.01041 6.01041 -56
      vertex -6.01041 6.01041 -16
    endloop
  endfacet
  facet normal 0.724259 -0.689528 0
    outer loop
      vertex -6.01041 6.01041 -56
      vertex -6.29808 5.70825 -16
      vertex -6.29808 5.70825 -56
    endloop
  endfacet
  facet normal -0.653179 0.757204 0
    outer loop
      vertex 5.70825 -6.29808 -56
      vertex 5.39234 -6.57059 -16
      vertex 5.70825 -6.29808 -16
    endloop
  endfacet
  facet normal -0.653179 0.757204 0
    outer loop
      vertex 5.39234 -6.57059 -16
      vertex 5.70825 -6.29808 -56
      vertex 5.39234 -6.57059 -56
    endloop
  endfacet
  facet normal 0.122411 0.99248 -0
    outer loop
      vertex -0.833145 -8.45907 -56
      vertex -1.24721 -8.408 -16
      vertex -0.833145 -8.45907 -16
    endloop
  endfacet
  facet normal 0.122411 0.99248 0
    outer loop
      vertex -1.24721 -8.408 -16
      vertex -0.833145 -8.45907 -56
      vertex -1.24721 -8.408 -56
    endloop
  endfacet
  facet normal -0.0245445 0.999699 0
    outer loop
      vertex 0.417075 -8.48976 -56
      vertex 0 -8.5 -16
      vertex 0.417075 -8.48976 -16
    endloop
  endfacet
  facet normal -0.0245445 0.999699 0
    outer loop
      vertex 0 -8.5 -16
      vertex 0.417075 -8.48976 -56
      vertex 0 -8.5 -56
    endloop
  endfacet
  facet normal 0.615223 0.788353 -0
    outer loop
      vertex -5.06344 -6.82726 -56
      vertex -5.39234 -6.57059 -16
      vertex -5.06344 -6.82726 -16
    endloop
  endfacet
  facet normal 0.615223 0.788353 0
    outer loop
      vertex -5.39234 -6.57059 -16
      vertex -5.06344 -6.82726 -56
      vertex -5.39234 -6.57059 -56
    endloop
  endfacet
  facet normal 0.999699 -0.0245445 0
    outer loop
      vertex -8.5 0 -16
      vertex -8.48976 0.417075 -56
      vertex -8.48976 0.417075 -16
    endloop
  endfacet
  facet normal 0.999699 -0.0245445 0
    outer loop
      vertex -8.48976 0.417075 -56
      vertex -8.5 0 -16
      vertex -8.5 0 -56
    endloop
  endfacet
  facet normal -0.788353 0.615223 0
    outer loop
      vertex 6.57059 -5.39234 -56
      vertex 6.82726 -5.06344 -16
      vertex 6.82726 -5.06344 -56
    endloop
  endfacet
  facet normal -0.788353 0.615223 0
    outer loop
      vertex 6.82726 -5.06344 -16
      vertex 6.57059 -5.39234 -56
      vertex 6.57059 -5.39234 -16
    endloop
  endfacet
  facet normal 0.99248 -0.122411 0
    outer loop
      vertex -8.45907 0.833145 -16
      vertex -8.408 1.24721 -56
      vertex -8.408 1.24721 -16
    endloop
  endfacet
  facet normal 0.99248 -0.122411 0
    outer loop
      vertex -8.408 1.24721 -56
      vertex -8.45907 0.833145 -16
      vertex -8.45907 0.833145 -56
    endloop
  endfacet
  facet normal 0.985276 0.170972 0
    outer loop
      vertex -8.33667 -1.65827 -16
      vertex -8.408 -1.24721 -56
      vertex -8.408 -1.24721 -16
    endloop
  endfacet
  facet normal 0.985276 0.170972 0
    outer loop
      vertex -8.408 -1.24721 -56
      vertex -8.33667 -1.65827 -16
      vertex -8.33667 -1.65827 -56
    endloop
  endfacet
  facet normal 0.975706 -0.219082 0
    outer loop
      vertex -8.33667 1.65827 -16
      vertex -8.24527 2.06533 -56
      vertex -8.24527 2.06533 -16
    endloop
  endfacet
  facet normal 0.975706 -0.219082 0
    outer loop
      vertex -8.24527 2.06533 -56
      vertex -8.33667 1.65827 -16
      vertex -8.33667 1.65827 -56
    endloop
  endfacet
  facet normal -0.492904 -0.870084 0
    outer loop
      vertex 4.00687 7.49633 -56
      vertex 4.36987 7.29069 -16
      vertex 4.00687 7.49633 -16
    endloop
  endfacet
  facet normal -0.492904 -0.870084 -0
    outer loop
      vertex 4.36987 7.29069 -16
      vertex 4.00687 7.49633 -56
      vertex 4.36987 7.29069 -56
    endloop
  endfacet
  facet normal -0.405246 -0.914207 0
    outer loop
      vertex 3.25281 7.85298 -56
      vertex 3.63422 7.68391 -16
      vertex 3.25281 7.85298 -16
    endloop
  endfacet
  facet normal -0.405246 -0.914207 -0
    outer loop
      vertex 3.63422 7.68391 -16
      vertex 3.25281 7.85298 -56
      vertex 3.63422 7.68391 -56
    endloop
  endfacet
  facet normal 0.788353 -0.615223 0
    outer loop
      vertex -6.82726 5.06344 -16
      vertex -6.57059 5.39234 -56
      vertex -6.57059 5.39234 -16
    endloop
  endfacet
  facet normal 0.788353 -0.615223 0
    outer loop
      vertex -6.57059 5.39234 -56
      vertex -6.82726 5.06344 -16
      vertex -6.82726 5.06344 -56
    endloop
  endfacet
  facet normal -0.170972 -0.985276 0
    outer loop
      vertex 1.24721 8.408 -56
      vertex 1.65827 8.33667 -16
      vertex 1.24721 8.408 -16
    endloop
  endfacet
  facet normal -0.170972 -0.985276 -0
    outer loop
      vertex 1.65827 8.33667 -16
      vertex 1.24721 8.408 -56
      vertex 1.65827 8.33667 -56
    endloop
  endfacet
  facet normal -0.689528 0.724259 0
    outer loop
      vertex 6.01041 -6.01041 -56
      vertex 5.70825 -6.29808 -16
      vertex 6.01041 -6.01041 -16
    endloop
  endfacet
  facet normal -0.689528 0.724259 0
    outer loop
      vertex 5.70825 -6.29808 -16
      vertex 6.01041 -6.01041 -56
      vertex 5.70825 -6.29808 -56
    endloop
  endfacet
  facet normal -0.975706 -0.219082 0
    outer loop
      vertex 8.33667 1.65827 -56
      vertex 8.24527 2.06533 -16
      vertex 8.24527 2.06533 -56
    endloop
  endfacet
  facet normal -0.975706 -0.219082 0
    outer loop
      vertex 8.24527 2.06533 -16
      vertex 8.33667 1.65827 -56
      vertex 8.33667 1.65827 -16
    endloop
  endfacet
  facet normal 0.870084 0.492904 0
    outer loop
      vertex -7.29069 -4.36987 -16
      vertex -7.49633 -4.00687 -56
      vertex -7.49633 -4.00687 -16
    endloop
  endfacet
  facet normal 0.870084 0.492904 0
    outer loop
      vertex -7.49633 -4.00687 -56
      vertex -7.29069 -4.36987 -16
      vertex -7.29069 -4.36987 -56
    endloop
  endfacet
  facet normal -0.949526 -0.313688 0
    outer loop
      vertex 8.13399 2.46742 -56
      vertex 8.00312 2.86356 -16
      vertex 8.00312 2.86356 -56
    endloop
  endfacet
  facet normal -0.949526 -0.313688 0
    outer loop
      vertex 8.00312 2.86356 -16
      vertex 8.13399 2.46742 -56
      vertex 8.13399 2.46742 -16
    endloop
  endfacet
  facet normal 0.914207 -0.405246 0
    outer loop
      vertex -7.85298 3.25281 -16
      vertex -7.68391 3.63422 -56
      vertex -7.68391 3.63422 -16
    endloop
  endfacet
  facet normal 0.914207 -0.405246 0
    outer loop
      vertex -7.68391 3.63422 -56
      vertex -7.85298 3.25281 -16
      vertex -7.85298 3.25281 -56
    endloop
  endfacet
  facet normal 0.757204 0.653179 0
    outer loop
      vertex -6.29808 -5.70825 -16
      vertex -6.57059 -5.39234 -56
      vertex -6.57059 -5.39234 -16
    endloop
  endfacet
  facet normal 0.757204 0.653179 0
    outer loop
      vertex -6.57059 -5.39234 -56
      vertex -6.29808 -5.70825 -16
      vertex -6.29808 -5.70825 -56
    endloop
  endfacet
  facet normal -0.724259 -0.689528 0
    outer loop
      vertex 6.29808 5.70825 -56
      vertex 6.01041 6.01041 -16
      vertex 6.01041 6.01041 -56
    endloop
  endfacet
  facet normal -0.724259 -0.689528 0
    outer loop
      vertex 6.01041 6.01041 -16
      vertex 6.29808 5.70825 -56
      vertex 6.29808 5.70825 -16
    endloop
  endfacet
  facet normal 0.0735618 0.997291 -0
    outer loop
      vertex -0.417075 -8.48976 -56
      vertex -0.833145 -8.45907 -16
      vertex -0.417075 -8.48976 -16
    endloop
  endfacet
  facet normal 0.0735618 0.997291 0
    outer loop
      vertex -0.833145 -8.45907 -16
      vertex -0.417075 -8.48976 -56
      vertex -0.833145 -8.45907 -56
    endloop
  endfacet
  facet normal -0.999699 0.0245445 0
    outer loop
      vertex 8.48976 -0.417075 -56
      vertex 8.5 0 -16
      vertex 8.5 0 -56
    endloop
  endfacet
  facet normal -0.999699 0.0245445 0
    outer loop
      vertex 8.5 0 -16
      vertex 8.48976 -0.417075 -56
      vertex 8.48976 -0.417075 -16
    endloop
  endfacet
  facet normal 0.492904 0.870084 -0
    outer loop
      vertex -4.00687 -7.49633 -56
      vertex -4.36987 -7.29069 -16
      vertex -4.00687 -7.49633 -16
    endloop
  endfacet
  facet normal 0.492904 0.870084 0
    outer loop
      vertex -4.36987 -7.29069 -16
      vertex -4.00687 -7.49633 -56
      vertex -4.36987 -7.29069 -56
    endloop
  endfacet
  facet normal 0.893221 -0.449619 0
    outer loop
      vertex -7.68391 3.63422 -16
      vertex -7.49633 4.00687 -56
      vertex -7.49633 4.00687 -16
    endloop
  endfacet
  facet normal 0.893221 -0.449619 0
    outer loop
      vertex -7.49633 4.00687 -56
      vertex -7.68391 3.63422 -16
      vertex -7.68391 3.63422 -56
    endloop
  endfacet
  facet normal -0.449619 -0.893221 0
    outer loop
      vertex 3.63422 7.68391 -56
      vertex 4.00687 7.49633 -16
      vertex 3.63422 7.68391 -16
    endloop
  endfacet
  facet normal -0.449619 -0.893221 -0
    outer loop
      vertex 4.00687 7.49633 -16
      vertex 3.63422 7.68391 -56
      vertex 4.00687 7.49633 -56
    endloop
  endfacet
  facet normal -0.788353 -0.615223 0
    outer loop
      vertex 6.82726 5.06344 -56
      vertex 6.57059 5.39234 -16
      vertex 6.57059 5.39234 -56
    endloop
  endfacet
  facet normal -0.788353 -0.615223 0
    outer loop
      vertex 6.57059 5.39234 -16
      vertex 6.82726 5.06344 -56
      vertex 6.82726 5.06344 -16
    endloop
  endfacet
  facet normal 0.359874 0.933001 -0
    outer loop
      vertex -2.86356 -8.00312 -56
      vertex -3.25281 -7.85298 -16
      vertex -2.86356 -8.00312 -16
    endloop
  endfacet
  facet normal 0.359874 0.933001 0
    outer loop
      vertex -3.25281 -7.85298 -16
      vertex -2.86356 -8.00312 -56
      vertex -3.25281 -7.85298 -56
    endloop
  endfacet
  facet normal -0.57582 0.817577 0
    outer loop
      vertex 5.06344 -6.82726 -56
      vertex 4.72235 -7.06749 -16
      vertex 5.06344 -6.82726 -16
    endloop
  endfacet
  facet normal -0.57582 0.817577 0
    outer loop
      vertex 4.72235 -7.06749 -16
      vertex 5.06344 -6.82726 -56
      vertex 4.72235 -7.06749 -56
    endloop
  endfacet
  facet normal -0.0245445 -0.999699 0
    outer loop
      vertex 0 8.5 -56
      vertex 0.417075 8.48976 -16
      vertex 0 8.5 -16
    endloop
  endfacet
  facet normal -0.0245445 -0.999699 -0
    outer loop
      vertex 0.417075 8.48976 -16
      vertex 0 8.5 -56
      vertex 0.417075 8.48976 -56
    endloop
  endfacet
  facet normal 0.914207 0.405246 0
    outer loop
      vertex -7.68391 -3.63422 -16
      vertex -7.85298 -3.25281 -56
      vertex -7.85298 -3.25281 -16
    endloop
  endfacet
  facet normal 0.914207 0.405246 0
    outer loop
      vertex -7.85298 -3.25281 -56
      vertex -7.68391 -3.63422 -16
      vertex -7.68391 -3.63422 -56
    endloop
  endfacet
  facet normal -0.84486 -0.534988 0
    outer loop
      vertex 7.29069 4.36987 -56
      vertex 7.06749 4.72235 -16
      vertex 7.06749 4.72235 -56
    endloop
  endfacet
  facet normal -0.84486 -0.534988 0
    outer loop
      vertex 7.06749 4.72235 -16
      vertex 7.29069 4.36987 -56
      vertex 7.29069 4.36987 -16
    endloop
  endfacet
  facet normal -0.313688 0.949526 0
    outer loop
      vertex 2.86356 -8.00312 -56
      vertex 2.46742 -8.13399 -16
      vertex 2.86356 -8.00312 -16
    endloop
  endfacet
  facet normal -0.313688 0.949526 0
    outer loop
      vertex 2.46742 -8.13399 -16
      vertex 2.86356 -8.00312 -56
      vertex 2.46742 -8.13399 -56
    endloop
  endfacet
  facet normal -0.534988 0.84486 0
    outer loop
      vertex 4.72235 -7.06749 -56
      vertex 4.36987 -7.29069 -16
      vertex 4.72235 -7.06749 -16
    endloop
  endfacet
  facet normal -0.534988 0.84486 0
    outer loop
      vertex 4.36987 -7.29069 -16
      vertex 4.72235 -7.06749 -56
      vertex 4.36987 -7.29069 -56
    endloop
  endfacet
  facet normal -0.492904 0.870084 0
    outer loop
      vertex 4.36987 -7.29069 -56
      vertex 4.00687 -7.49633 -16
      vertex 4.36987 -7.29069 -16
    endloop
  endfacet
  facet normal -0.492904 0.870084 0
    outer loop
      vertex 4.00687 -7.49633 -16
      vertex 4.36987 -7.29069 -56
      vertex 4.00687 -7.49633 -56
    endloop
  endfacet
  facet normal 0.359874 -0.933001 0
    outer loop
      vertex -3.25281 7.85298 -56
      vertex -2.86356 8.00312 -16
      vertex -3.25281 7.85298 -16
    endloop
  endfacet
  facet normal 0.359874 -0.933001 0
    outer loop
      vertex -2.86356 8.00312 -16
      vertex -3.25281 7.85298 -56
      vertex -2.86356 8.00312 -56
    endloop
  endfacet
  facet normal 0.0245445 -0.999699 0
    outer loop
      vertex -0.417075 8.48976 -56
      vertex 0 8.5 -16
      vertex -0.417075 8.48976 -16
    endloop
  endfacet
  facet normal 0.0245445 -0.999699 0
    outer loop
      vertex 0 8.5 -16
      vertex -0.417075 8.48976 -56
      vertex 0 8.5 -56
    endloop
  endfacet
  facet normal -0.615223 -0.788353 0
    outer loop
      vertex 5.06344 6.82726 -56
      vertex 5.39234 6.57059 -16
      vertex 5.06344 6.82726 -16
    endloop
  endfacet
  facet normal -0.615223 -0.788353 -0
    outer loop
      vertex 5.39234 6.57059 -16
      vertex 5.06344 6.82726 -56
      vertex 5.39234 6.57059 -56
    endloop
  endfacet
  facet normal 0.615223 -0.788353 0
    outer loop
      vertex -5.39234 6.57059 -56
      vertex -5.06344 6.82726 -16
      vertex -5.39234 6.57059 -16
    endloop
  endfacet
  facet normal 0.615223 -0.788353 0
    outer loop
      vertex -5.06344 6.82726 -16
      vertex -5.39234 6.57059 -56
      vertex -5.06344 6.82726 -56
    endloop
  endfacet
  facet normal 0.405246 0.914207 -0
    outer loop
      vertex -3.25281 -7.85298 -56
      vertex -3.63422 -7.68391 -16
      vertex -3.25281 -7.85298 -16
    endloop
  endfacet
  facet normal 0.405246 0.914207 0
    outer loop
      vertex -3.63422 -7.68391 -16
      vertex -3.25281 -7.85298 -56
      vertex -3.63422 -7.68391 -56
    endloop
  endfacet
  facet normal 0.653179 -0.757204 0
    outer loop
      vertex -5.70825 6.29808 -56
      vertex -5.39234 6.57059 -16
      vertex -5.70825 6.29808 -16
    endloop
  endfacet
  facet normal 0.653179 -0.757204 0
    outer loop
      vertex -5.39234 6.57059 -16
      vertex -5.70825 6.29808 -56
      vertex -5.39234 6.57059 -56
    endloop
  endfacet
  facet normal 0.170972 -0.985276 0
    outer loop
      vertex -1.65827 8.33667 -56
      vertex -1.24721 8.408 -16
      vertex -1.65827 8.33667 -16
    endloop
  endfacet
  facet normal 0.170972 -0.985276 0
    outer loop
      vertex -1.24721 8.408 -16
      vertex -1.65827 8.33667 -56
      vertex -1.24721 8.408 -56
    endloop
  endfacet
  facet normal -0.615223 0.788353 0
    outer loop
      vertex 5.39234 -6.57059 -56
      vertex 5.06344 -6.82726 -16
      vertex 5.39234 -6.57059 -16
    endloop
  endfacet
  facet normal -0.615223 0.788353 0
    outer loop
      vertex 5.06344 -6.82726 -16
      vertex 5.39234 -6.57059 -56
      vertex 5.06344 -6.82726 -56
    endloop
  endfacet
  facet normal 0.933001 0.359874 0
    outer loop
      vertex -7.85298 -3.25281 -16
      vertex -8.00312 -2.86356 -56
      vertex -8.00312 -2.86356 -16
    endloop
  endfacet
  facet normal 0.933001 0.359874 0
    outer loop
      vertex -8.00312 -2.86356 -56
      vertex -7.85298 -3.25281 -16
      vertex -7.85298 -3.25281 -56
    endloop
  endfacet
  facet normal 0.817577 0.57582 0
    outer loop
      vertex -6.82726 -5.06344 -16
      vertex -7.06749 -4.72235 -56
      vertex -7.06749 -4.72235 -16
    endloop
  endfacet
  facet normal 0.817577 0.57582 0
    outer loop
      vertex -7.06749 -4.72235 -56
      vertex -6.82726 -5.06344 -16
      vertex -6.82726 -5.06344 -56
    endloop
  endfacet
  facet normal -0.266728 -0.963772 0
    outer loop
      vertex 2.06533 8.24527 -56
      vertex 2.46742 8.13399 -16
      vertex 2.06533 8.24527 -16
    endloop
  endfacet
  facet normal -0.266728 -0.963772 -0
    outer loop
      vertex 2.46742 8.13399 -16
      vertex 2.06533 8.24527 -56
      vertex 2.46742 8.13399 -56
    endloop
  endfacet
  facet normal -0.893221 0.449619 0
    outer loop
      vertex 7.49633 -4.00687 -56
      vertex 7.68391 -3.63422 -16
      vertex 7.68391 -3.63422 -56
    endloop
  endfacet
  facet normal -0.893221 0.449619 0
    outer loop
      vertex 7.68391 -3.63422 -16
      vertex 7.49633 -4.00687 -56
      vertex 7.49633 -4.00687 -16
    endloop
  endfacet
  facet normal 0.963772 -0.266728 0
    outer loop
      vertex -8.24527 2.06533 -16
      vertex -8.13399 2.46742 -56
      vertex -8.13399 2.46742 -16
    endloop
  endfacet
  facet normal 0.963772 -0.266728 0
    outer loop
      vertex -8.13399 2.46742 -56
      vertex -8.24527 2.06533 -16
      vertex -8.24527 2.06533 -56
    endloop
  endfacet
  facet normal -0.817577 0.57582 0
    outer loop
      vertex 6.82726 -5.06344 -56
      vertex 7.06749 -4.72235 -16
      vertex 7.06749 -4.72235 -56
    endloop
  endfacet
  facet normal -0.817577 0.57582 0
    outer loop
      vertex 7.06749 -4.72235 -16
      vertex 6.82726 -5.06344 -56
      vertex 6.82726 -5.06344 -16
    endloop
  endfacet
  facet normal -0.122411 0.99248 0
    outer loop
      vertex 1.24721 -8.408 -56
      vertex 0.833145 -8.45907 -16
      vertex 1.24721 -8.408 -16
    endloop
  endfacet
  facet normal -0.122411 0.99248 0
    outer loop
      vertex 0.833145 -8.45907 -16
      vertex 1.24721 -8.408 -56
      vertex 0.833145 -8.45907 -56
    endloop
  endfacet
  facet normal 0.0245445 0.999699 -0
    outer loop
      vertex 0 -8.5 -56
      vertex -0.417075 -8.48976 -16
      vertex 0 -8.5 -16
    endloop
  endfacet
  facet normal 0.0245445 0.999699 0
    outer loop
      vertex -0.417075 -8.48976 -16
      vertex 0 -8.5 -56
      vertex -0.417075 -8.48976 -56
    endloop
  endfacet
  facet normal -0.449619 0.893221 0
    outer loop
      vertex 4.00687 -7.49633 -56
      vertex 3.63422 -7.68391 -16
      vertex 4.00687 -7.49633 -16
    endloop
  endfacet
  facet normal -0.449619 0.893221 0
    outer loop
      vertex 3.63422 -7.68391 -16
      vertex 4.00687 -7.49633 -56
      vertex 3.63422 -7.68391 -56
    endloop
  endfacet
  facet normal 0.689528 0.724259 -0
    outer loop
      vertex -5.70825 -6.29808 -56
      vertex -6.01041 -6.01041 -16
      vertex -5.70825 -6.29808 -16
    endloop
  endfacet
  facet normal 0.689528 0.724259 0
    outer loop
      vertex -6.01041 -6.01041 -16
      vertex -5.70825 -6.29808 -56
      vertex -6.01041 -6.01041 -56
    endloop
  endfacet
  facet normal 0.84486 -0.534988 0
    outer loop
      vertex -7.29069 4.36987 -16
      vertex -7.06749 4.72235 -56
      vertex -7.06749 4.72235 -16
    endloop
  endfacet
  facet normal 0.84486 -0.534988 0
    outer loop
      vertex -7.06749 4.72235 -56
      vertex -7.29069 4.36987 -16
      vertex -7.29069 4.36987 -56
    endloop
  endfacet
  facet normal -0.266728 0.963772 0
    outer loop
      vertex 2.46742 -8.13399 -56
      vertex 2.06533 -8.24527 -16
      vertex 2.46742 -8.13399 -16
    endloop
  endfacet
  facet normal -0.266728 0.963772 0
    outer loop
      vertex 2.06533 -8.24527 -16
      vertex 2.46742 -8.13399 -56
      vertex 2.06533 -8.24527 -56
    endloop
  endfacet
  facet normal -0.405246 0.914207 0
    outer loop
      vertex 3.63422 -7.68391 -56
      vertex 3.25281 -7.85298 -16
      vertex 3.63422 -7.68391 -16
    endloop
  endfacet
  facet normal -0.405246 0.914207 0
    outer loop
      vertex 3.25281 -7.85298 -16
      vertex 3.63422 -7.68391 -56
      vertex 3.25281 -7.85298 -56
    endloop
  endfacet
  facet normal 0.933001 -0.359874 0
    outer loop
      vertex -8.00312 2.86356 -16
      vertex -7.85298 3.25281 -56
      vertex -7.85298 3.25281 -16
    endloop
  endfacet
  facet normal 0.933001 -0.359874 0
    outer loop
      vertex -7.85298 3.25281 -56
      vertex -8.00312 2.86356 -16
      vertex -8.00312 2.86356 -56
    endloop
  endfacet
  facet normal 0.817577 -0.57582 0
    outer loop
      vertex -7.06749 4.72235 -16
      vertex -6.82726 5.06344 -56
      vertex -6.82726 5.06344 -16
    endloop
  endfacet
  facet normal 0.817577 -0.57582 0
    outer loop
      vertex -6.82726 5.06344 -56
      vertex -7.06749 4.72235 -16
      vertex -7.06749 4.72235 -56
    endloop
  endfacet
  facet normal -0.933001 -0.359874 0
    outer loop
      vertex 8.00312 2.86356 -56
      vertex 7.85298 3.25281 -16
      vertex 7.85298 3.25281 -56
    endloop
  endfacet
  facet normal -0.933001 -0.359874 0
    outer loop
      vertex 7.85298 3.25281 -16
      vertex 8.00312 2.86356 -56
      vertex 8.00312 2.86356 -16
    endloop
  endfacet
  facet normal -0.99248 0.122411 0
    outer loop
      vertex 8.408 -1.24721 -56
      vertex 8.45907 -0.833145 -16
      vertex 8.45907 -0.833145 -56
    endloop
  endfacet
  facet normal -0.99248 0.122411 0
    outer loop
      vertex 8.45907 -0.833145 -16
      vertex 8.408 -1.24721 -56
      vertex 8.408 -1.24721 -16
    endloop
  endfacet
  facet normal 0.449619 -0.893221 0
    outer loop
      vertex -4.00687 7.49633 -56
      vertex -3.63422 7.68391 -16
      vertex -4.00687 7.49633 -16
    endloop
  endfacet
  facet normal 0.449619 -0.893221 0
    outer loop
      vertex -3.63422 7.68391 -16
      vertex -4.00687 7.49633 -56
      vertex -3.63422 7.68391 -56
    endloop
  endfacet
  facet normal -0.313688 -0.949526 0
    outer loop
      vertex 2.46742 8.13399 -56
      vertex 2.86356 8.00312 -16
      vertex 2.46742 8.13399 -16
    endloop
  endfacet
  facet normal -0.313688 -0.949526 -0
    outer loop
      vertex 2.86356 8.00312 -16
      vertex 2.46742 8.13399 -56
      vertex 2.86356 8.00312 -56
    endloop
  endfacet
  facet normal -0.0735618 -0.997291 0
    outer loop
      vertex 0.417075 8.48976 -56
      vertex 0.833145 8.45907 -16
      vertex 0.417075 8.48976 -16
    endloop
  endfacet
  facet normal -0.0735618 -0.997291 -0
    outer loop
      vertex 0.833145 8.45907 -16
      vertex 0.417075 8.48976 -56
      vertex 0.833145 8.45907 -56
    endloop
  endfacet
  facet normal -0.914207 0.405246 0
    outer loop
      vertex 7.68391 -3.63422 -56
      vertex 7.85298 -3.25281 -16
      vertex 7.85298 -3.25281 -56
    endloop
  endfacet
  facet normal -0.914207 0.405246 0
    outer loop
      vertex 7.85298 -3.25281 -16
      vertex 7.68391 -3.63422 -56
      vertex 7.68391 -3.63422 -16
    endloop
  endfacet
  facet normal 0.313688 0.949526 -0
    outer loop
      vertex -2.46742 -8.13399 -56
      vertex -2.86356 -8.00312 -16
      vertex -2.46742 -8.13399 -16
    endloop
  endfacet
  facet normal 0.313688 0.949526 0
    outer loop
      vertex -2.86356 -8.00312 -16
      vertex -2.46742 -8.13399 -56
      vertex -2.86356 -8.00312 -56
    endloop
  endfacet
  facet normal 0.997291 -0.0735618 0
    outer loop
      vertex -8.48976 0.417075 -16
      vertex -8.45907 0.833145 -56
      vertex -8.45907 0.833145 -16
    endloop
  endfacet
  facet normal 0.997291 -0.0735618 0
    outer loop
      vertex -8.45907 0.833145 -56
      vertex -8.48976 0.417075 -16
      vertex -8.48976 0.417075 -56
    endloop
  endfacet
  facet normal 0.985276 -0.170972 0
    outer loop
      vertex -8.408 1.24721 -16
      vertex -8.33667 1.65827 -56
      vertex -8.33667 1.65827 -16
    endloop
  endfacet
  facet normal 0.985276 -0.170972 0
    outer loop
      vertex -8.33667 1.65827 -56
      vertex -8.408 1.24721 -16
      vertex -8.408 1.24721 -56
    endloop
  endfacet
  facet normal 0.170972 0.985276 -0
    outer loop
      vertex -1.24721 -8.408 -56
      vertex -1.65827 -8.33667 -16
      vertex -1.24721 -8.408 -16
    endloop
  endfacet
  facet normal 0.170972 0.985276 0
    outer loop
      vertex -1.65827 -8.33667 -16
      vertex -1.24721 -8.408 -56
      vertex -1.65827 -8.33667 -56
    endloop
  endfacet
  facet normal 0.266728 -0.963772 0
    outer loop
      vertex -2.46742 8.13399 -56
      vertex -2.06533 8.24527 -16
      vertex -2.46742 8.13399 -16
    endloop
  endfacet
  facet normal 0.266728 -0.963772 0
    outer loop
      vertex -2.06533 8.24527 -16
      vertex -2.46742 8.13399 -56
      vertex -2.06533 8.24527 -56
    endloop
  endfacet
  facet normal 0.788353 0.615223 0
    outer loop
      vertex -6.57059 -5.39234 -16
      vertex -6.82726 -5.06344 -56
      vertex -6.82726 -5.06344 -16
    endloop
  endfacet
  facet normal 0.788353 0.615223 0
    outer loop
      vertex -6.82726 -5.06344 -56
      vertex -6.57059 -5.39234 -16
      vertex -6.57059 -5.39234 -56
    endloop
  endfacet
  facet normal -0.359874 -0.933001 0
    outer loop
      vertex 2.86356 8.00312 -56
      vertex 3.25281 7.85298 -16
      vertex 2.86356 8.00312 -16
    endloop
  endfacet
  facet normal -0.359874 -0.933001 -0
    outer loop
      vertex 3.25281 7.85298 -16
      vertex 2.86356 8.00312 -56
      vertex 3.25281 7.85298 -56
    endloop
  endfacet
  facet normal -0.219082 -0.975706 0
    outer loop
      vertex 1.65827 8.33667 -56
      vertex 2.06533 8.24527 -16
      vertex 1.65827 8.33667 -16
    endloop
  endfacet
  facet normal -0.219082 -0.975706 -0
    outer loop
      vertex 2.06533 8.24527 -16
      vertex 1.65827 8.33667 -56
      vertex 2.06533 8.24527 -56
    endloop
  endfacet
  facet normal 0.963772 0.266728 0
    outer loop
      vertex -8.13399 -2.46742 -16
      vertex -8.24527 -2.06533 -56
      vertex -8.24527 -2.06533 -16
    endloop
  endfacet
  facet normal 0.963772 0.266728 0
    outer loop
      vertex -8.24527 -2.06533 -56
      vertex -8.13399 -2.46742 -16
      vertex -8.13399 -2.46742 -56
    endloop
  endfacet
  facet normal 0.449619 0.893221 -0
    outer loop
      vertex -3.63422 -7.68391 -56
      vertex -4.00687 -7.49633 -16
      vertex -3.63422 -7.68391 -16
    endloop
  endfacet
  facet normal 0.449619 0.893221 0
    outer loop
      vertex -4.00687 -7.49633 -16
      vertex -3.63422 -7.68391 -56
      vertex -4.00687 -7.49633 -56
    endloop
  endfacet
  facet normal 0.870084 -0.492904 0
    outer loop
      vertex -7.49633 4.00687 -16
      vertex -7.29069 4.36987 -56
      vertex -7.29069 4.36987 -16
    endloop
  endfacet
  facet normal 0.870084 -0.492904 0
    outer loop
      vertex -7.29069 4.36987 -56
      vertex -7.49633 4.00687 -16
      vertex -7.49633 4.00687 -56
    endloop
  endfacet
  facet normal 0.405246 -0.914207 0
    outer loop
      vertex -3.63422 7.68391 -56
      vertex -3.25281 7.85298 -16
      vertex -3.63422 7.68391 -16
    endloop
  endfacet
  facet normal 0.405246 -0.914207 0
    outer loop
      vertex -3.25281 7.85298 -16
      vertex -3.63422 7.68391 -56
      vertex -3.25281 7.85298 -56
    endloop
  endfacet
  facet normal 0.57582 0.817577 -0
    outer loop
      vertex -4.72235 -7.06749 -56
      vertex -5.06344 -6.82726 -16
      vertex -4.72235 -7.06749 -16
    endloop
  endfacet
  facet normal 0.57582 0.817577 0
    outer loop
      vertex -5.06344 -6.82726 -16
      vertex -4.72235 -7.06749 -56
      vertex -5.06344 -6.82726 -56
    endloop
  endfacet
  facet normal 0.893221 0.449619 0
    outer loop
      vertex -7.49633 -4.00687 -16
      vertex -7.68391 -3.63422 -56
      vertex -7.68391 -3.63422 -16
    endloop
  endfacet
  facet normal 0.893221 0.449619 0
    outer loop
      vertex -7.68391 -3.63422 -56
      vertex -7.49633 -4.00687 -16
      vertex -7.49633 -4.00687 -56
    endloop
  endfacet
  facet normal 0.534988 0.84486 -0
    outer loop
      vertex -4.36987 -7.29069 -56
      vertex -4.72235 -7.06749 -16
      vertex -4.36987 -7.29069 -16
    endloop
  endfacet
  facet normal 0.534988 0.84486 0
    outer loop
      vertex -4.72235 -7.06749 -16
      vertex -4.36987 -7.29069 -56
      vertex -4.72235 -7.06749 -56
    endloop
  endfacet
  facet normal -0.994013 -0.0244049 -0.106501
    outer loop
      vertex 8.48976 0.417075 -16
      vertex 8.5 0 -16
      vertex 7 0 -2
    endloop
  endfacet
  facet normal -0.572545 -0.812927 -0.106501
    outer loop
      vertex 4.72235 7.06749 -16
      vertex 5.06344 6.82726 -16
      vertex 3.88899 5.82029 -2
    endloop
  endfacet
  facet normal -0.783864 0.61173 -0.106501
    outer loop
      vertex 5.62245 -4.16989 -2
      vertex 6.82726 -5.06344 -16
      vertex 5.41107 -4.44075 -2
    endloop
  endfacet
  facet normal 0.265207 -0.958292 -0.106501
    outer loop
      vertex -1.70086 6.79022 -2
      vertex -2.03199 6.69858 -2
      vertex -2.46742 8.13399 -16
    endloop
  endfacet
  facet normal -0.927695 0.357827 -0.106502
    outer loop
      vertex 8.00312 -2.86356 -16
      vertex 7.85298 -3.25281 -16
      vertex 6.46716 -2.67878 -2
    endloop
  endfacet
  facet normal -0.812924 -0.572549 -0.106501
    outer loop
      vertex 6.82726 5.06344 -16
      vertex 5.82029 3.88899 -2
      vertex 5.62245 4.16989 -2
    endloop
  endfacet
  facet normal 0.979673 0.169993 -0.106501
    outer loop
      vertex -6.92424 -1.02711 -2
      vertex -6.8655 -1.36563 -2
      vertex -8.33667 -1.65827 -16
    endloop
  endfacet
  facet normal 0.986835 0.121714 -0.106501
    outer loop
      vertex -6.92424 -1.02711 -2
      vertex -8.408 -1.24721 -16
      vertex -8.45907 -0.833145 -16
    endloop
  endfacet
  facet normal -0.649464 0.752897 -0.106502
    outer loop
      vertex 5.70825 -6.29808 -16
      vertex 5.39234 -6.57059 -16
      vertex 4.44075 -5.41107 -2
    endloop
  endfacet
  facet normal -0.531946 -0.840054 -0.106501
    outer loop
      vertex 4.36987 7.29069 -16
      vertex 4.72235 7.06749 -16
      vertex 3.59872 6.0041 -2
    endloop
  endfacet
  facet normal -0.447061 -0.888141 -0.106502
    outer loop
      vertex 3.63422 7.68391 -16
      vertex 4.00687 7.49633 -16
      vertex 2.99289 6.32792 -2
    endloop
  endfacet
  facet normal -0.357849 -0.927686 -0.106501
    outer loop
      vertex 2.86356 8.00312 -16
      vertex 2.67878 6.46716 -2
      vertex 2.35823 6.59081 -2
    endloop
  endfacet
  facet normal -0.311904 -0.944126 -0.106501
    outer loop
      vertex 2.46742 8.13399 -16
      vertex 2.86356 8.00312 -16
      vertex 2.35823 6.59081 -2
    endloop
  endfacet
  facet normal 0.572549 -0.812924 -0.106501
    outer loop
      vertex -3.88899 5.82029 -2
      vertex -4.16989 5.62245 -2
      vertex -5.06344 6.82726 -16
    endloop
  endfacet
  facet normal 0.572545 -0.812927 -0.106501
    outer loop
      vertex -4.72235 7.06749 -16
      vertex -3.88899 5.82029 -2
      vertex -5.06344 6.82726 -16
    endloop
  endfacet
  facet normal -0.75291 -0.649449 -0.106501
    outer loop
      vertex 6.29808 5.70825 -16
      vertex 5.41107 4.44075 -2
      vertex 5.18666 4.70091 -2
    endloop
  endfacet
  facet normal 0.783864 0.61173 -0.106501
    outer loop
      vertex -5.62245 -4.16989 -2
      vertex -5.41107 -4.44075 -2
      vertex -6.82726 -5.06344 -16
    endloop
  endfacet
  facet normal 0.752897 -0.649464 -0.106502
    outer loop
      vertex -6.29808 5.70825 -16
      vertex -5.41107 4.44075 -2
      vertex -6.57059 5.39234 -16
    endloop
  endfacet
  facet normal -0.0731603 0.991617 -0.106501
    outer loop
      vertex 0.686119 -6.96629 -2
      vertex 0.417075 -8.48976 -16
      vertex 0.343473 -6.99157 -2
    endloop
  endfacet
  facet normal -0.812927 -0.572545 -0.106501
    outer loop
      vertex 6.82726 5.06344 -16
      vertex 7.06749 4.72235 -16
      vertex 5.82029 3.88899 -2
    endloop
  endfacet
  facet normal 0.927686 0.357849 -0.106501
    outer loop
      vertex -6.59081 -2.35823 -2
      vertex -6.46716 -2.67878 -2
      vertex -8.00312 -2.86356 -16
    endloop
  endfacet
  facet normal 0.840054 -0.531946 -0.106501
    outer loop
      vertex -7.06749 4.72235 -16
      vertex -6.0041 3.59872 -2
      vertex -7.29069 4.36987 -16
    endloop
  endfacet
  facet normal -0.649464 -0.752897 -0.106502
    outer loop
      vertex 5.39234 6.57059 -16
      vertex 5.70825 6.29808 -16
      vertex 4.44075 5.41107 -2
    endloop
  endfacet
  facet normal -0.970152 0.217859 -0.106501
    outer loop
      vertex 6.8655 -1.36563 -2
      vertex 8.33667 -1.65827 -16
      vertex 6.79022 -1.70086 -2
    endloop
  endfacet
  facet normal -0.752897 -0.649464 -0.106502
    outer loop
      vertex 6.29808 5.70825 -16
      vertex 6.57059 5.39234 -16
      vertex 5.41107 4.44075 -2
    endloop
  endfacet
  facet normal -0.909005 0.402948 -0.106502
    outer loop
      vertex 6.46716 -2.67878 -2
      vertex 7.85298 -3.25281 -16
      vertex 6.32792 -2.99289 -2
    endloop
  endfacet
  facet normal -0.265211 -0.958291 -0.106502
    outer loop
      vertex 2.06533 8.24527 -16
      vertex 2.46742 8.13399 -16
      vertex 1.70086 6.79022 -2
    endloop
  endfacet
  facet normal 0.0244049 0.994013 -0.106501
    outer loop
      vertex 0 -7 -2
      vertex 0 -8.5 -16
      vertex -0.417075 -8.48976 -16
    endloop
  endfacet
  facet normal -0.986835 0.121714 -0.106501
    outer loop
      vertex 8.45907 -0.833145 -16
      vertex 8.408 -1.24721 -16
      vertex 6.92424 -1.02711 -2
    endloop
  endfacet
  facet normal 0.72014 -0.685606 -0.106501
    outer loop
      vertex -6.01041 6.01041 -16
      vertex -4.94975 4.94975 -2
      vertex -6.29808 5.70825 -16
    endloop
  endfacet
  facet normal 0.311904 0.944126 -0.106501
    outer loop
      vertex -2.35823 -6.59081 -2
      vertex -2.46742 -8.13399 -16
      vertex -2.86356 -8.00312 -16
    endloop
  endfacet
  facet normal -0.531952 -0.84005 -0.106501
    outer loop
      vertex 4.72235 7.06749 -16
      vertex 3.88899 5.82029 -2
      vertex 3.59872 6.0041 -2
    endloop
  endfacet
  facet normal 0.72014 0.685606 -0.106501
    outer loop
      vertex -4.94975 -4.94975 -2
      vertex -6.01041 -6.01041 -16
      vertex -6.29808 -5.70825 -16
    endloop
  endfacet
  facet normal -0.0244049 -0.994013 -0.106501
    outer loop
      vertex 0 8.5 -16
      vertex 0.417075 8.48976 -16
      vertex 0 7 -2
    endloop
  endfacet
  facet normal 0.958292 -0.265207 -0.106501
    outer loop
      vertex -6.69858 2.03199 -2
      vertex -6.79022 1.70086 -2
      vertex -8.13399 2.46742 -16
    endloop
  endfacet
  facet normal -0.4901 0.865135 -0.106501
    outer loop
      vertex 4.36987 -7.29069 -16
      vertex 4.00687 -7.49633 -16
      vertex 3.59872 -6.0041 -2
    endloop
  endfacet
  facet normal -0.888141 -0.447061 -0.106502
    outer loop
      vertex 7.49633 4.00687 -16
      vertex 7.68391 3.63422 -16
      vertex 6.32792 2.99289 -2
    endloop
  endfacet
  facet normal 0.970152 0.217859 -0.106501
    outer loop
      vertex -6.8655 -1.36563 -2
      vertex -6.79022 -1.70086 -2
      vertex -8.33667 -1.65827 -16
    endloop
  endfacet
  facet normal 0.572545 0.812927 -0.106501
    outer loop
      vertex -3.88899 -5.82029 -2
      vertex -4.72235 -7.06749 -16
      vertex -5.06344 -6.82726 -16
    endloop
  endfacet
  facet normal -0.979672 -0.17 -0.106501
    outer loop
      vertex 8.33667 1.65827 -16
      vertex 8.408 1.24721 -16
      vertex 6.92424 1.02711 -2
    endloop
  endfacet
  facet normal 0.909008 0.402942 -0.106502
    outer loop
      vertex -6.32792 -2.99289 -2
      vertex -7.68391 -3.63422 -16
      vertex -7.85298 -3.25281 -16
    endloop
  endfacet
  facet normal 0.812924 0.572549 -0.106501
    outer loop
      vertex -5.82029 -3.88899 -2
      vertex -5.62245 -4.16989 -2
      vertex -6.82726 -5.06344 -16
    endloop
  endfacet
  facet normal 0.88815 0.447042 -0.106501
    outer loop
      vertex -6.32792 -2.99289 -2
      vertex -6.17345 -3.29978 -2
      vertex -7.49633 -4.00687 -16
    endloop
  endfacet
  facet normal 0.572549 0.812924 -0.106501
    outer loop
      vertex -4.16989 -5.62245 -2
      vertex -3.88899 -5.82029 -2
      vertex -5.06344 -6.82726 -16
    endloop
  endfacet
  facet normal -0.217859 -0.970152 -0.106501
    outer loop
      vertex 1.65827 8.33667 -16
      vertex 1.70086 6.79022 -2
      vertex 1.36563 6.8655 -2
    endloop
  endfacet
  facet normal 0.311884 0.944132 -0.106501
    outer loop
      vertex -2.35823 -6.59081 -2
      vertex -2.03199 -6.69858 -2
      vertex -2.46742 -8.13399 -16
    endloop
  endfacet
  facet normal -0.217836 -0.970157 -0.106502
    outer loop
      vertex 2.06533 8.24527 -16
      vertex 1.70086 6.79022 -2
      vertex 1.65827 8.33667 -16
    endloop
  endfacet
  facet normal 0.402942 0.909008 -0.106502
    outer loop
      vertex -2.99289 -6.32792 -2
      vertex -3.25281 -7.85298 -16
      vertex -3.63422 -7.68391 -16
    endloop
  endfacet
  facet normal -0.121694 -0.986837 -0.106502
    outer loop
      vertex 0.833145 8.45907 -16
      vertex 1.02711 6.92424 -2
      vertex 0.686119 6.96629 -2
    endloop
  endfacet
  facet normal 0.979673 -0.169993 -0.106501
    outer loop
      vertex -6.8655 1.36563 -2
      vertex -6.92424 1.02711 -2
      vertex -8.33667 1.65827 -16
    endloop
  endfacet
  facet normal 0.991619 -0.0731434 -0.106502
    outer loop
      vertex -8.45907 0.833145 -16
      vertex -6.96629 0.686119 -2
      vertex -8.48976 0.417075 -16
    endloop
  endfacet
  facet normal 0.685606 -0.72014 -0.106501
    outer loop
      vertex -5.70825 6.29808 -16
      vertex -4.94975 4.94975 -2
      vertex -6.01041 6.01041 -16
    endloop
  endfacet
  facet normal -0.958292 -0.265207 -0.106501
    outer loop
      vertex 8.13399 2.46742 -16
      vertex 6.79022 1.70086 -2
      vertex 6.69858 2.03199 -2
    endloop
  endfacet
  facet normal -0.970157 -0.217836 -0.106502
    outer loop
      vertex 8.24527 2.06533 -16
      vertex 8.33667 1.65827 -16
      vertex 6.79022 1.70086 -2
    endloop
  endfacet
  facet normal 0.447061 0.888141 -0.106502
    outer loop
      vertex -2.99289 -6.32792 -2
      vertex -3.63422 -7.68391 -16
      vertex -4.00687 -7.49633 -16
    endloop
  endfacet
  facet normal -0.994013 0.0244049 -0.106501
    outer loop
      vertex 8.5 0 -16
      vertex 8.48976 -0.417075 -16
      vertex 7 0 -2
    endloop
  endfacet
  facet normal 0.61173 -0.783864 -0.106501
    outer loop
      vertex -4.16989 5.62245 -2
      vertex -4.44075 5.41107 -2
      vertex -5.06344 6.82726 -16
    endloop
  endfacet
  facet normal -0.927686 0.357849 -0.106501
    outer loop
      vertex 6.59081 -2.35823 -2
      vertex 8.00312 -2.86356 -16
      vertex 6.46716 -2.67878 -2
    endloop
  endfacet
  facet normal 0.78387 -0.611723 -0.106502
    outer loop
      vertex -6.57059 5.39234 -16
      vertex -5.41107 4.44075 -2
      vertex -6.82726 5.06344 -16
    endloop
  endfacet
  facet normal -0.944132 -0.311884 -0.106501
    outer loop
      vertex 8.13399 2.46742 -16
      vertex 6.69858 2.03199 -2
      vertex 6.59081 2.35823 -2
    endloop
  endfacet
  facet normal -0.265207 0.958292 -0.106501
    outer loop
      vertex 2.03199 -6.69858 -2
      vertex 2.46742 -8.13399 -16
      vertex 1.70086 -6.79022 -2
    endloop
  endfacet
  facet normal -0.531946 0.840054 -0.106501
    outer loop
      vertex 4.72235 -7.06749 -16
      vertex 4.36987 -7.29069 -16
      vertex 3.59872 -6.0041 -2
    endloop
  endfacet
  facet normal 0.944126 -0.311904 -0.106501
    outer loop
      vertex -8.00312 2.86356 -16
      vertex -6.59081 2.35823 -2
      vertex -8.13399 2.46742 -16
    endloop
  endfacet
  facet normal 0.265207 0.958292 -0.106501
    outer loop
      vertex -2.03199 -6.69858 -2
      vertex -1.70086 -6.79022 -2
      vertex -2.46742 -8.13399 -16
    endloop
  endfacet
  facet normal -0.944126 0.311904 -0.106501
    outer loop
      vertex 8.13399 -2.46742 -16
      vertex 8.00312 -2.86356 -16
      vertex 6.59081 -2.35823 -2
    endloop
  endfacet
  facet normal 0.649464 0.752897 -0.106502
    outer loop
      vertex -4.44075 -5.41107 -2
      vertex -5.39234 -6.57059 -16
      vertex -5.70825 -6.29808 -16
    endloop
  endfacet
  facet normal 0.909005 -0.402948 -0.106502
    outer loop
      vertex -6.32792 2.99289 -2
      vertex -6.46716 2.67878 -2
      vertex -7.85298 3.25281 -16
    endloop
  endfacet
  facet normal 0.909005 0.402948 -0.106502
    outer loop
      vertex -6.46716 -2.67878 -2
      vertex -6.32792 -2.99289 -2
      vertex -7.85298 -3.25281 -16
    endloop
  endfacet
  facet normal 0.17 -0.979672 -0.106501
    outer loop
      vertex -1.24721 8.408 -16
      vertex -1.02711 6.92424 -2
      vertex -1.65827 8.33667 -16
    endloop
  endfacet
  facet normal 0.217859 -0.970152 -0.106501
    outer loop
      vertex -1.65827 8.33667 -16
      vertex -1.36563 6.8655 -2
      vertex -1.70086 6.79022 -2
    endloop
  endfacet
  facet normal 0.720136 0.685611 -0.106501
    outer loop
      vertex -5.18666 -4.70091 -2
      vertex -4.94975 -4.94975 -2
      vertex -6.29808 -5.70825 -16
    endloop
  endfacet
  facet normal -0.991619 -0.0731434 -0.106502
    outer loop
      vertex 8.45907 0.833145 -16
      vertex 8.48976 0.417075 -16
      vertex 6.96629 0.686119 -2
    endloop
  endfacet
  facet normal 0.888141 -0.447061 -0.106502
    outer loop
      vertex -7.49633 4.00687 -16
      vertex -6.32792 2.99289 -2
      vertex -7.68391 3.63422 -16
    endloop
  endfacet
  facet normal -0.78387 -0.611723 -0.106502
    outer loop
      vertex 6.57059 5.39234 -16
      vertex 6.82726 5.06344 -16
      vertex 5.41107 4.44075 -2
    endloop
  endfacet
  facet normal 0.927686 -0.357849 -0.106501
    outer loop
      vertex -6.46716 2.67878 -2
      vertex -6.59081 2.35823 -2
      vertex -8.00312 2.86356 -16
    endloop
  endfacet
  facet normal 0.402948 -0.909005 -0.106502
    outer loop
      vertex -2.67878 6.46716 -2
      vertex -2.99289 6.32792 -2
      vertex -3.25281 7.85298 -16
    endloop
  endfacet
  facet normal 0.121694 -0.986837 -0.106502
    outer loop
      vertex -0.833145 8.45907 -16
      vertex -0.686119 6.96629 -2
      vertex -1.02711 6.92424 -2
    endloop
  endfacet
  facet normal -0.840054 0.531946 -0.106501
    outer loop
      vertex 7.29069 -4.36987 -16
      vertex 7.06749 -4.72235 -16
      vertex 6.0041 -3.59872 -2
    endloop
  endfacet
  facet normal 0.944132 -0.311884 -0.106501
    outer loop
      vertex -6.59081 2.35823 -2
      vertex -6.69858 2.03199 -2
      vertex -8.13399 2.46742 -16
    endloop
  endfacet
  facet normal -0.958291 -0.265211 -0.106502
    outer loop
      vertex 8.13399 2.46742 -16
      vertex 8.24527 2.06533 -16
      vertex 6.79022 1.70086 -2
    endloop
  endfacet
  facet normal -0.720136 -0.685611 -0.106501
    outer loop
      vertex 6.29808 5.70825 -16
      vertex 5.18666 4.70091 -2
      vertex 4.94975 4.94975 -2
    endloop
  endfacet
  facet normal -0.311884 0.944132 -0.106501
    outer loop
      vertex 2.35823 -6.59081 -2
      vertex 2.46742 -8.13399 -16
      vertex 2.03199 -6.69858 -2
    endloop
  endfacet
  facet normal -0.72014 -0.685606 -0.106501
    outer loop
      vertex 6.01041 6.01041 -16
      vertex 6.29808 5.70825 -16
      vertex 4.94975 4.94975 -2
    endloop
  endfacet
  facet normal 0.994013 -0.0244049 -0.106501
    outer loop
      vertex -8.48976 0.417075 -16
      vertex -7 0 -2
      vertex -8.5 0 -16
    endloop
  endfacet
  facet normal -0.649449 -0.75291 -0.106501
    outer loop
      vertex 5.70825 6.29808 -16
      vertex 4.70091 5.18666 -2
      vertex 4.44075 5.41107 -2
    endloop
  endfacet
  facet normal 0.0243965 0.994013 -0.106501
    outer loop
      vertex -0.343473 -6.99157 -2
      vertex 0 -7 -2
      vertex -0.417075 -8.48976 -16
    endloop
  endfacet
  facet normal 0.265211 -0.958291 -0.106502
    outer loop
      vertex -2.06533 8.24527 -16
      vertex -1.70086 6.79022 -2
      vertex -2.46742 8.13399 -16
    endloop
  endfacet
  facet normal 0.4901 -0.865135 -0.106501
    outer loop
      vertex -4.00687 7.49633 -16
      vertex -3.59872 6.0041 -2
      vertex -4.36987 7.29069 -16
    endloop
  endfacet
  facet normal -0.0731434 -0.991619 -0.106502
    outer loop
      vertex 0.833145 8.45907 -16
      vertex 0.686119 6.96629 -2
      vertex 0.417075 8.48976 -16
    endloop
  endfacet
  facet normal 0.970157 -0.217836 -0.106502
    outer loop
      vertex -8.24527 2.06533 -16
      vertex -6.79022 1.70086 -2
      vertex -8.33667 1.65827 -16
    endloop
  endfacet
  facet normal 0.812927 0.572545 -0.106501
    outer loop
      vertex -5.82029 -3.88899 -2
      vertex -6.82726 -5.06344 -16
      vertex -7.06749 -4.72235 -16
    endloop
  endfacet
  facet normal 0.888141 0.447061 -0.106502
    outer loop
      vertex -6.32792 -2.99289 -2
      vertex -7.49633 -4.00687 -16
      vertex -7.68391 -3.63422 -16
    endloop
  endfacet
  facet normal 0.991617 -0.0731603 -0.106501
    outer loop
      vertex -6.96629 0.686119 -2
      vertex -6.99157 0.343473 -2
      vertex -8.48976 0.417075 -16
    endloop
  endfacet
  facet normal 0.720136 -0.685611 -0.106501
    outer loop
      vertex -4.94975 4.94975 -2
      vertex -5.18666 4.70091 -2
      vertex -6.29808 5.70825 -16
    endloop
  endfacet
  facet normal -0.357827 -0.927695 -0.106502
    outer loop
      vertex 2.86356 8.00312 -16
      vertex 3.25281 7.85298 -16
      vertex 2.67878 6.46716 -2
    endloop
  endfacet
  facet normal -0.865135 -0.490101 -0.106501
    outer loop
      vertex 7.49633 4.00687 -16
      vertex 6.17345 3.29978 -2
      vertex 6.0041 3.59872 -2
    endloop
  endfacet
  facet normal 0.169993 -0.979673 -0.106501
    outer loop
      vertex -1.02711 6.92424 -2
      vertex -1.36563 6.8655 -2
      vertex -1.65827 8.33667 -16
    endloop
  endfacet
  facet normal -0.17 -0.979672 -0.106501
    outer loop
      vertex 1.24721 8.408 -16
      vertex 1.65827 8.33667 -16
      vertex 1.02711 6.92424 -2
    endloop
  endfacet
  facet normal 0.0244049 -0.994013 -0.106501
    outer loop
      vertex 0 8.5 -16
      vertex 0 7 -2
      vertex -0.417075 8.48976 -16
    endloop
  endfacet
  facet normal -0.970152 -0.217859 -0.106501
    outer loop
      vertex 8.33667 1.65827 -16
      vertex 6.8655 1.36563 -2
      vertex 6.79022 1.70086 -2
    endloop
  endfacet
  facet normal -0.979672 0.17 -0.106501
    outer loop
      vertex 8.408 -1.24721 -16
      vertex 8.33667 -1.65827 -16
      vertex 6.92424 -1.02711 -2
    endloop
  endfacet
  facet normal -0.840054 -0.531946 -0.106501
    outer loop
      vertex 7.06749 4.72235 -16
      vertex 7.29069 4.36987 -16
      vertex 6.0041 3.59872 -2
    endloop
  endfacet
  facet normal 0.865135 -0.4901 -0.106501
    outer loop
      vertex -7.29069 4.36987 -16
      vertex -6.0041 3.59872 -2
      vertex -7.49633 4.00687 -16
    endloop
  endfacet
  facet normal -0.909005 -0.402948 -0.106502
    outer loop
      vertex 7.85298 3.25281 -16
      vertex 6.46716 2.67878 -2
      vertex 6.32792 2.99289 -2
    endloop
  endfacet
  facet normal 0.783864 -0.61173 -0.106501
    outer loop
      vertex -5.41107 4.44075 -2
      vertex -5.62245 4.16989 -2
      vertex -6.82726 5.06344 -16
    endloop
  endfacet
  facet normal -0.88815 -0.447042 -0.106501
    outer loop
      vertex 7.49633 4.00687 -16
      vertex 6.32792 2.99289 -2
      vertex 6.17345 3.29978 -2
    endloop
  endfacet
  facet normal 0.84005 -0.531952 -0.106501
    outer loop
      vertex -5.82029 3.88899 -2
      vertex -6.0041 3.59872 -2
      vertex -7.06749 4.72235 -16
    endloop
  endfacet
  facet normal -0.121694 0.986837 -0.106502
    outer loop
      vertex 1.02711 -6.92424 -2
      vertex 0.833145 -8.45907 -16
      vertex 0.686119 -6.96629 -2
    endloop
  endfacet
  facet normal 0.88815 -0.447042 -0.106501
    outer loop
      vertex -6.17345 3.29978 -2
      vertex -6.32792 2.99289 -2
      vertex -7.49633 4.00687 -16
    endloop
  endfacet
  facet normal 0.611723 0.78387 -0.106502
    outer loop
      vertex -4.44075 -5.41107 -2
      vertex -5.06344 -6.82726 -16
      vertex -5.39234 -6.57059 -16
    endloop
  endfacet
  facet normal -0.531952 0.84005 -0.106501
    outer loop
      vertex 3.88899 -5.82029 -2
      vertex 4.72235 -7.06749 -16
      vertex 3.59872 -6.0041 -2
    endloop
  endfacet
  facet normal -0.970157 0.217836 -0.106502
    outer loop
      vertex 8.33667 -1.65827 -16
      vertex 8.24527 -2.06533 -16
      vertex 6.79022 -1.70086 -2
    endloop
  endfacet
  facet normal 0.958292 0.265207 -0.106501
    outer loop
      vertex -6.79022 -1.70086 -2
      vertex -6.69858 -2.03199 -2
      vertex -8.13399 -2.46742 -16
    endloop
  endfacet
  facet normal -0.909008 -0.402942 -0.106502
    outer loop
      vertex 7.68391 3.63422 -16
      vertex 7.85298 3.25281 -16
      vertex 6.32792 2.99289 -2
    endloop
  endfacet
  facet normal -0.0731434 0.991619 -0.106502
    outer loop
      vertex 0.686119 -6.96629 -2
      vertex 0.833145 -8.45907 -16
      vertex 0.417075 -8.48976 -16
    endloop
  endfacet
  facet normal 0.611723 -0.78387 -0.106502
    outer loop
      vertex -5.06344 6.82726 -16
      vertex -4.44075 5.41107 -2
      vertex -5.39234 6.57059 -16
    endloop
  endfacet
  facet normal -0.986835 -0.121714 -0.106501
    outer loop
      vertex 8.408 1.24721 -16
      vertex 8.45907 0.833145 -16
      vertex 6.92424 1.02711 -2
    endloop
  endfacet
  facet normal -0.986837 -0.121694 -0.106502
    outer loop
      vertex 8.45907 0.833145 -16
      vertex 6.96629 0.686119 -2
      vertex 6.92424 1.02711 -2
    endloop
  endfacet
  facet normal -0.986837 0.121694 -0.106502
    outer loop
      vertex 6.96629 -0.686119 -2
      vertex 8.45907 -0.833145 -16
      vertex 6.92424 -1.02711 -2
    endloop
  endfacet
  facet normal -0.958292 0.265207 -0.106501
    outer loop
      vertex 6.79022 -1.70086 -2
      vertex 8.13399 -2.46742 -16
      vertex 6.69858 -2.03199 -2
    endloop
  endfacet
  facet normal 0.958291 -0.265211 -0.106502
    outer loop
      vertex -8.13399 2.46742 -16
      vertex -6.79022 1.70086 -2
      vertex -8.24527 2.06533 -16
    endloop
  endfacet
  facet normal -0.994013 -0.0243965 -0.106501
    outer loop
      vertex 8.48976 0.417075 -16
      vertex 7 0 -2
      vertex 6.99157 0.343473 -2
    endloop
  endfacet
  facet normal -0.0243965 -0.994013 -0.106501
    outer loop
      vertex 0.417075 8.48976 -16
      vertex 0.343473 6.99157 -2
      vertex 0 7 -2
    endloop
  endfacet
  facet normal -0.944132 0.311884 -0.106501
    outer loop
      vertex 6.69858 -2.03199 -2
      vertex 8.13399 -2.46742 -16
      vertex 6.59081 -2.35823 -2
    endloop
  endfacet
  facet normal -0.752897 0.649464 -0.106502
    outer loop
      vertex 6.57059 -5.39234 -16
      vertex 6.29808 -5.70825 -16
      vertex 5.41107 -4.44075 -2
    endloop
  endfacet
  facet normal 0.311904 -0.944126 -0.106501
    outer loop
      vertex -2.46742 8.13399 -16
      vertex -2.35823 6.59081 -2
      vertex -2.86356 8.00312 -16
    endloop
  endfacet
  facet normal -0.991619 0.0731434 -0.106502
    outer loop
      vertex 8.48976 -0.417075 -16
      vertex 8.45907 -0.833145 -16
      vertex 6.96629 -0.686119 -2
    endloop
  endfacet
  facet normal -0.958291 0.265211 -0.106502
    outer loop
      vertex 8.24527 -2.06533 -16
      vertex 8.13399 -2.46742 -16
      vertex 6.79022 -1.70086 -2
    endloop
  endfacet
  facet normal 0.986835 -0.121714 -0.106501
    outer loop
      vertex -8.408 1.24721 -16
      vertex -6.92424 1.02711 -2
      vertex -8.45907 0.833145 -16
    endloop
  endfacet
  facet normal 0.17 0.979672 -0.106501
    outer loop
      vertex -1.02711 -6.92424 -2
      vertex -1.24721 -8.408 -16
      vertex -1.65827 -8.33667 -16
    endloop
  endfacet
  facet normal -0.217859 0.970152 -0.106501
    outer loop
      vertex 1.70086 -6.79022 -2
      vertex 1.65827 -8.33667 -16
      vertex 1.36563 -6.8655 -2
    endloop
  endfacet
  facet normal 0.121714 -0.986835 -0.106501
    outer loop
      vertex -0.833145 8.45907 -16
      vertex -1.02711 6.92424 -2
      vertex -1.24721 8.408 -16
    endloop
  endfacet
  facet normal -0.927695 -0.357827 -0.106502
    outer loop
      vertex 7.85298 3.25281 -16
      vertex 8.00312 2.86356 -16
      vertex 6.46716 2.67878 -2
    endloop
  endfacet
  facet normal -0.121714 -0.986835 -0.106501
    outer loop
      vertex 1.24721 8.408 -16
      vertex 1.02711 6.92424 -2
      vertex 0.833145 8.45907 -16
    endloop
  endfacet
  facet normal 0.217836 -0.970157 -0.106502
    outer loop
      vertex -1.65827 8.33667 -16
      vertex -1.70086 6.79022 -2
      vertex -2.06533 8.24527 -16
    endloop
  endfacet
  facet normal 0.0243965 -0.994013 -0.106501
    outer loop
      vertex 0 7 -2
      vertex -0.343473 6.99157 -2
      vertex -0.417075 8.48976 -16
    endloop
  endfacet
  facet normal 0.402942 -0.909008 -0.106502
    outer loop
      vertex -3.25281 7.85298 -16
      vertex -2.99289 6.32792 -2
      vertex -3.63422 7.68391 -16
    endloop
  endfacet
  facet normal -0.311904 0.944126 -0.106501
    outer loop
      vertex 2.86356 -8.00312 -16
      vertex 2.46742 -8.13399 -16
      vertex 2.35823 -6.59081 -2
    endloop
  endfacet
  facet normal 0.979672 -0.17 -0.106501
    outer loop
      vertex -8.33667 1.65827 -16
      vertex -6.92424 1.02711 -2
      vertex -8.408 1.24721 -16
    endloop
  endfacet
  facet normal -0.402948 -0.909005 -0.106502
    outer loop
      vertex 3.25281 7.85298 -16
      vertex 2.99289 6.32792 -2
      vertex 2.67878 6.46716 -2
    endloop
  endfacet
  facet normal 0.927695 -0.357827 -0.106502
    outer loop
      vertex -7.85298 3.25281 -16
      vertex -6.46716 2.67878 -2
      vertex -8.00312 2.86356 -16
    endloop
  endfacet
  facet normal 0.265211 0.958291 -0.106502
    outer loop
      vertex -1.70086 -6.79022 -2
      vertex -2.06533 -8.24527 -16
      vertex -2.46742 -8.13399 -16
    endloop
  endfacet
  facet normal -0.783864 -0.61173 -0.106501
    outer loop
      vertex 6.82726 5.06344 -16
      vertex 5.62245 4.16989 -2
      vertex 5.41107 4.44075 -2
    endloop
  endfacet
  facet normal 0.994013 -0.0243965 -0.106501
    outer loop
      vertex -6.99157 0.343473 -2
      vertex -7 0 -2
      vertex -8.48976 0.417075 -16
    endloop
  endfacet
  facet normal -0.927686 -0.357849 -0.106501
    outer loop
      vertex 8.00312 2.86356 -16
      vertex 6.59081 2.35823 -2
      vertex 6.46716 2.67878 -2
    endloop
  endfacet
  facet normal -0.611723 -0.78387 -0.106502
    outer loop
      vertex 5.06344 6.82726 -16
      vertex 5.39234 6.57059 -16
      vertex 4.44075 5.41107 -2
    endloop
  endfacet
  facet normal -0.685611 0.720136 -0.106501
    outer loop
      vertex 4.94975 -4.94975 -2
      vertex 5.70825 -6.29808 -16
      vertex 4.70091 -5.18666 -2
    endloop
  endfacet
  facet normal -0.812927 0.572545 -0.106501
    outer loop
      vertex 7.06749 -4.72235 -16
      vertex 6.82726 -5.06344 -16
      vertex 5.82029 -3.88899 -2
    endloop
  endfacet
  facet normal 0.979672 0.17 -0.106501
    outer loop
      vertex -6.92424 -1.02711 -2
      vertex -8.33667 -1.65827 -16
      vertex -8.408 -1.24721 -16
    endloop
  endfacet
  facet normal -0.865135 0.4901 -0.106501
    outer loop
      vertex 7.49633 -4.00687 -16
      vertex 7.29069 -4.36987 -16
      vertex 6.0041 -3.59872 -2
    endloop
  endfacet
  facet normal -0.490101 -0.865135 -0.106501
    outer loop
      vertex 4.00687 7.49633 -16
      vertex 3.59872 6.0041 -2
      vertex 3.29978 6.17345 -2
    endloop
  endfacet
  facet normal -0.169993 -0.979673 -0.106501
    outer loop
      vertex 1.65827 8.33667 -16
      vertex 1.36563 6.8655 -2
      vertex 1.02711 6.92424 -2
    endloop
  endfacet
  facet normal -0.0731603 -0.991617 -0.106501
    outer loop
      vertex 0.417075 8.48976 -16
      vertex 0.686119 6.96629 -2
      vertex 0.343473 6.99157 -2
    endloop
  endfacet
  facet normal 0.812927 -0.572545 -0.106501
    outer loop
      vertex -6.82726 5.06344 -16
      vertex -5.82029 3.88899 -2
      vertex -7.06749 4.72235 -16
    endloop
  endfacet
  facet normal 0.531952 -0.84005 -0.106501
    outer loop
      vertex -3.59872 6.0041 -2
      vertex -3.88899 5.82029 -2
      vertex -4.72235 7.06749 -16
    endloop
  endfacet
  facet normal 0.402948 0.909005 -0.106502
    outer loop
      vertex -2.99289 -6.32792 -2
      vertex -2.67878 -6.46716 -2
      vertex -3.25281 -7.85298 -16
    endloop
  endfacet
  facet normal 0.986837 0.121694 -0.106502
    outer loop
      vertex -6.96629 -0.686119 -2
      vertex -6.92424 -1.02711 -2
      vertex -8.45907 -0.833145 -16
    endloop
  endfacet
  facet normal -0.78387 0.611723 -0.106502
    outer loop
      vertex 6.82726 -5.06344 -16
      vertex 6.57059 -5.39234 -16
      vertex 5.41107 -4.44075 -2
    endloop
  endfacet
  facet normal 0.909008 -0.402942 -0.106502
    outer loop
      vertex -7.68391 3.63422 -16
      vertex -6.32792 2.99289 -2
      vertex -7.85298 3.25281 -16
    endloop
  endfacet
  facet normal 0.121714 0.986835 -0.106501
    outer loop
      vertex -1.02711 -6.92424 -2
      vertex -0.833145 -8.45907 -16
      vertex -1.24721 -8.408 -16
    endloop
  endfacet
  facet normal 0.75291 -0.649449 -0.106501
    outer loop
      vertex -5.18666 4.70091 -2
      vertex -5.41107 4.44075 -2
      vertex -6.29808 5.70825 -16
    endloop
  endfacet
  facet normal 0.991619 0.0731434 -0.106502
    outer loop
      vertex -6.96629 -0.686119 -2
      vertex -8.45907 -0.833145 -16
      vertex -8.48976 -0.417075 -16
    endloop
  endfacet
  facet normal -0.357827 0.927695 -0.106502
    outer loop
      vertex 3.25281 -7.85298 -16
      vertex 2.86356 -8.00312 -16
      vertex 2.67878 -6.46716 -2
    endloop
  endfacet
  facet normal 0.812924 -0.572549 -0.106501
    outer loop
      vertex -5.62245 4.16989 -2
      vertex -5.82029 3.88899 -2
      vertex -6.82726 5.06344 -16
    endloop
  endfacet
  facet normal -0.169993 0.979673 -0.106501
    outer loop
      vertex 1.36563 -6.8655 -2
      vertex 1.65827 -8.33667 -16
      vertex 1.02711 -6.92424 -2
    endloop
  endfacet
  facet normal -0.944126 -0.311904 -0.106501
    outer loop
      vertex 8.00312 2.86356 -16
      vertex 8.13399 2.46742 -16
      vertex 6.59081 2.35823 -2
    endloop
  endfacet
  facet normal 0.649464 -0.752897 -0.106502
    outer loop
      vertex -5.39234 6.57059 -16
      vertex -4.44075 5.41107 -2
      vertex -5.70825 6.29808 -16
    endloop
  endfacet
  facet normal -0.909008 0.402942 -0.106502
    outer loop
      vertex 7.85298 -3.25281 -16
      vertex 7.68391 -3.63422 -16
      vertex 6.32792 -2.99289 -2
    endloop
  endfacet
  facet normal -0.75291 0.649449 -0.106501
    outer loop
      vertex 5.41107 -4.44075 -2
      vertex 6.29808 -5.70825 -16
      vertex 5.18666 -4.70091 -2
    endloop
  endfacet
  facet normal -0.217836 0.970157 -0.106502
    outer loop
      vertex 1.70086 -6.79022 -2
      vertex 2.06533 -8.24527 -16
      vertex 1.65827 -8.33667 -16
    endloop
  endfacet
  facet normal -0.402942 0.909008 -0.106502
    outer loop
      vertex 3.63422 -7.68391 -16
      vertex 3.25281 -7.85298 -16
      vertex 2.99289 -6.32792 -2
    endloop
  endfacet
  facet normal -0.979673 -0.169993 -0.106501
    outer loop
      vertex 8.33667 1.65827 -16
      vertex 6.92424 1.02711 -2
      vertex 6.8655 1.36563 -2
    endloop
  endfacet
  facet normal -0.979673 0.169993 -0.106501
    outer loop
      vertex 6.92424 -1.02711 -2
      vertex 8.33667 -1.65827 -16
      vertex 6.8655 -1.36563 -2
    endloop
  endfacet
  facet normal -0.72014 0.685606 -0.106501
    outer loop
      vertex 6.29808 -5.70825 -16
      vertex 6.01041 -6.01041 -16
      vertex 4.94975 -4.94975 -2
    endloop
  endfacet
  facet normal -0.720136 0.685611 -0.106501
    outer loop
      vertex 5.18666 -4.70091 -2
      vertex 6.29808 -5.70825 -16
      vertex 4.94975 -4.94975 -2
    endloop
  endfacet
  facet normal -0.357849 0.927686 -0.106501
    outer loop
      vertex 2.67878 -6.46716 -2
      vertex 2.86356 -8.00312 -16
      vertex 2.35823 -6.59081 -2
    endloop
  endfacet
  facet normal -0.685606 0.72014 -0.106501
    outer loop
      vertex 6.01041 -6.01041 -16
      vertex 5.70825 -6.29808 -16
      vertex 4.94975 -4.94975 -2
    endloop
  endfacet
  facet normal -0.88815 0.447042 -0.106501
    outer loop
      vertex 6.32792 -2.99289 -2
      vertex 7.49633 -4.00687 -16
      vertex 6.17345 -3.29978 -2
    endloop
  endfacet
  facet normal -0.888141 0.447061 -0.106502
    outer loop
      vertex 7.68391 -3.63422 -16
      vertex 7.49633 -4.00687 -16
      vertex 6.32792 -2.99289 -2
    endloop
  endfacet
  facet normal -0.572545 0.812927 -0.106501
    outer loop
      vertex 5.06344 -6.82726 -16
      vertex 4.72235 -7.06749 -16
      vertex 3.88899 -5.82029 -2
    endloop
  endfacet
  facet normal -0.265207 -0.958292 -0.106501
    outer loop
      vertex 2.46742 8.13399 -16
      vertex 2.03199 6.69858 -2
      vertex 1.70086 6.79022 -2
    endloop
  endfacet
  facet normal -0.991617 -0.0731603 -0.106501
    outer loop
      vertex 8.48976 0.417075 -16
      vertex 6.99157 0.343473 -2
      vertex 6.96629 0.686119 -2
    endloop
  endfacet
  facet normal 0.169993 0.979673 -0.106501
    outer loop
      vertex -1.36563 -6.8655 -2
      vertex -1.02711 -6.92424 -2
      vertex -1.65827 -8.33667 -16
    endloop
  endfacet
  facet normal 0.944132 0.311884 -0.106501
    outer loop
      vertex -6.69858 -2.03199 -2
      vertex -6.59081 -2.35823 -2
      vertex -8.13399 -2.46742 -16
    endloop
  endfacet
  facet normal -0.991617 0.0731603 -0.106501
    outer loop
      vertex 6.99157 -0.343473 -2
      vertex 8.48976 -0.417075 -16
      vertex 6.96629 -0.686119 -2
    endloop
  endfacet
  facet normal -0.994013 0.0243965 -0.106501
    outer loop
      vertex 7 0 -2
      vertex 8.48976 -0.417075 -16
      vertex 6.99157 -0.343473 -2
    endloop
  endfacet
  facet normal 0.944126 0.311904 -0.106501
    outer loop
      vertex -6.59081 -2.35823 -2
      vertex -8.00312 -2.86356 -16
      vertex -8.13399 -2.46742 -16
    endloop
  endfacet
  facet normal -0.61173 0.783864 -0.106501
    outer loop
      vertex 4.44075 -5.41107 -2
      vertex 5.06344 -6.82726 -16
      vertex 4.16989 -5.62245 -2
    endloop
  endfacet
  facet normal -0.402942 -0.909008 -0.106502
    outer loop
      vertex 3.25281 7.85298 -16
      vertex 3.63422 7.68391 -16
      vertex 2.99289 6.32792 -2
    endloop
  endfacet
  facet normal -0.311884 -0.944132 -0.106501
    outer loop
      vertex 2.46742 8.13399 -16
      vertex 2.35823 6.59081 -2
      vertex 2.03199 6.69858 -2
    endloop
  endfacet
  facet normal 0.865135 0.4901 -0.106501
    outer loop
      vertex -6.0041 -3.59872 -2
      vertex -7.29069 -4.36987 -16
      vertex -7.49633 -4.00687 -16
    endloop
  endfacet
  facet normal -0.17 0.979672 -0.106501
    outer loop
      vertex 1.65827 -8.33667 -16
      vertex 1.24721 -8.408 -16
      vertex 1.02711 -6.92424 -2
    endloop
  endfacet
  facet normal -0.121714 0.986835 -0.106501
    outer loop
      vertex 1.02711 -6.92424 -2
      vertex 1.24721 -8.408 -16
      vertex 0.833145 -8.45907 -16
    endloop
  endfacet
  facet normal 0.0731434 -0.991619 -0.106502
    outer loop
      vertex -0.417075 8.48976 -16
      vertex -0.686119 6.96629 -2
      vertex -0.833145 8.45907 -16
    endloop
  endfacet
  facet normal -0.0243965 0.994013 -0.106501
    outer loop
      vertex 0.343473 -6.99157 -2
      vertex 0.417075 -8.48976 -16
      vertex 0 -7 -2
    endloop
  endfacet
  facet normal -0.611723 0.78387 -0.106502
    outer loop
      vertex 5.39234 -6.57059 -16
      vertex 5.06344 -6.82726 -16
      vertex 4.44075 -5.41107 -2
    endloop
  endfacet
  facet normal -0.4901 -0.865135 -0.106501
    outer loop
      vertex 4.00687 7.49633 -16
      vertex 4.36987 7.29069 -16
      vertex 3.59872 6.0041 -2
    endloop
  endfacet
  facet normal 0.0731434 0.991619 -0.106502
    outer loop
      vertex -0.686119 -6.96629 -2
      vertex -0.417075 -8.48976 -16
      vertex -0.833145 -8.45907 -16
    endloop
  endfacet
  facet normal -0.447042 -0.88815 -0.106501
    outer loop
      vertex 4.00687 7.49633 -16
      vertex 3.29978 6.17345 -2
      vertex 2.99289 6.32792 -2
    endloop
  endfacet
  facet normal 0.685606 0.72014 -0.106501
    outer loop
      vertex -4.94975 -4.94975 -2
      vertex -5.70825 -6.29808 -16
      vertex -6.01041 -6.01041 -16
    endloop
  endfacet
  facet normal -0.685606 -0.72014 -0.106501
    outer loop
      vertex 5.70825 6.29808 -16
      vertex 6.01041 6.01041 -16
      vertex 4.94975 4.94975 -2
    endloop
  endfacet
  facet normal -0.685611 -0.720136 -0.106501
    outer loop
      vertex 5.70825 6.29808 -16
      vertex 4.94975 4.94975 -2
      vertex 4.70091 5.18666 -2
    endloop
  endfacet
  facet normal 0.958291 0.265211 -0.106502
    outer loop
      vertex -6.79022 -1.70086 -2
      vertex -8.13399 -2.46742 -16
      vertex -8.24527 -2.06533 -16
    endloop
  endfacet
  facet normal 0.994013 0.0244049 -0.106501
    outer loop
      vertex -7 0 -2
      vertex -8.48976 -0.417075 -16
      vertex -8.5 0 -16
    endloop
  endfacet
  facet normal 0.447061 -0.888141 -0.106502
    outer loop
      vertex -3.63422 7.68391 -16
      vertex -2.99289 6.32792 -2
      vertex -4.00687 7.49633 -16
    endloop
  endfacet
  facet normal -0.84005 -0.531952 -0.106501
    outer loop
      vertex 7.06749 4.72235 -16
      vertex 6.0041 3.59872 -2
      vertex 5.82029 3.88899 -2
    endloop
  endfacet
  facet normal -0.865135 -0.4901 -0.106501
    outer loop
      vertex 7.29069 4.36987 -16
      vertex 7.49633 4.00687 -16
      vertex 6.0041 3.59872 -2
    endloop
  endfacet
  facet normal 0.357827 0.927695 -0.106502
    outer loop
      vertex -2.67878 -6.46716 -2
      vertex -2.86356 -8.00312 -16
      vertex -3.25281 -7.85298 -16
    endloop
  endfacet
  facet normal 0.84005 0.531952 -0.106501
    outer loop
      vertex -6.0041 -3.59872 -2
      vertex -5.82029 -3.88899 -2
      vertex -7.06749 -4.72235 -16
    endloop
  endfacet
  facet normal 0.490101 -0.865135 -0.106501
    outer loop
      vertex -3.29978 6.17345 -2
      vertex -3.59872 6.0041 -2
      vertex -4.00687 7.49633 -16
    endloop
  endfacet
  facet normal 0.991617 0.0731603 -0.106501
    outer loop
      vertex -6.99157 -0.343473 -2
      vertex -6.96629 -0.686119 -2
      vertex -8.48976 -0.417075 -16
    endloop
  endfacet
  facet normal 0.4901 0.865135 -0.106501
    outer loop
      vertex -3.59872 -6.0041 -2
      vertex -4.00687 -7.49633 -16
      vertex -4.36987 -7.29069 -16
    endloop
  endfacet
  facet normal 0.970152 -0.217859 -0.106501
    outer loop
      vertex -6.79022 1.70086 -2
      vertex -6.8655 1.36563 -2
      vertex -8.33667 1.65827 -16
    endloop
  endfacet
  facet normal 0.531946 0.840054 -0.106501
    outer loop
      vertex -3.59872 -6.0041 -2
      vertex -4.36987 -7.29069 -16
      vertex -4.72235 -7.06749 -16
    endloop
  endfacet
  facet normal 0.447042 -0.88815 -0.106501
    outer loop
      vertex -2.99289 6.32792 -2
      vertex -3.29978 6.17345 -2
      vertex -4.00687 7.49633 -16
    endloop
  endfacet
  facet normal 0.490101 0.865135 -0.106501
    outer loop
      vertex -3.59872 -6.0041 -2
      vertex -3.29978 -6.17345 -2
      vertex -4.00687 -7.49633 -16
    endloop
  endfacet
  facet normal -0.490101 0.865135 -0.106501
    outer loop
      vertex 3.59872 -6.0041 -2
      vertex 4.00687 -7.49633 -16
      vertex 3.29978 -6.17345 -2
    endloop
  endfacet
  facet normal -0.572549 -0.812924 -0.106501
    outer loop
      vertex 5.06344 6.82726 -16
      vertex 4.16989 5.62245 -2
      vertex 3.88899 5.82029 -2
    endloop
  endfacet
  facet normal 0.865135 -0.490101 -0.106501
    outer loop
      vertex -6.0041 3.59872 -2
      vertex -6.17345 3.29978 -2
      vertex -7.49633 4.00687 -16
    endloop
  endfacet
  facet normal -0.812924 0.572549 -0.106501
    outer loop
      vertex 5.82029 -3.88899 -2
      vertex 6.82726 -5.06344 -16
      vertex 5.62245 -4.16989 -2
    endloop
  endfacet
  facet normal 0.311884 -0.944132 -0.106501
    outer loop
      vertex -2.03199 6.69858 -2
      vertex -2.35823 6.59081 -2
      vertex -2.46742 8.13399 -16
    endloop
  endfacet
  facet normal 0.986837 -0.121694 -0.106502
    outer loop
      vertex -6.92424 1.02711 -2
      vertex -6.96629 0.686119 -2
      vertex -8.45907 0.833145 -16
    endloop
  endfacet
  facet normal 0.357827 -0.927695 -0.106502
    outer loop
      vertex -2.86356 8.00312 -16
      vertex -2.67878 6.46716 -2
      vertex -3.25281 7.85298 -16
    endloop
  endfacet
  facet normal 0.927695 0.357827 -0.106502
    outer loop
      vertex -6.46716 -2.67878 -2
      vertex -7.85298 -3.25281 -16
      vertex -8.00312 -2.86356 -16
    endloop
  endfacet
  facet normal -0.265211 0.958291 -0.106502
    outer loop
      vertex 2.46742 -8.13399 -16
      vertex 2.06533 -8.24527 -16
      vertex 1.70086 -6.79022 -2
    endloop
  endfacet
  facet normal 0.78387 0.611723 -0.106502
    outer loop
      vertex -5.41107 -4.44075 -2
      vertex -6.57059 -5.39234 -16
      vertex -6.82726 -5.06344 -16
    endloop
  endfacet
  facet normal 0.752897 0.649464 -0.106502
    outer loop
      vertex -5.41107 -4.44075 -2
      vertex -6.29808 -5.70825 -16
      vertex -6.57059 -5.39234 -16
    endloop
  endfacet
  facet normal 0.994013 0.0243965 -0.106501
    outer loop
      vertex -7 0 -2
      vertex -6.99157 -0.343473 -2
      vertex -8.48976 -0.417075 -16
    endloop
  endfacet
  facet normal -0.447042 0.88815 -0.106501
    outer loop
      vertex 3.29978 -6.17345 -2
      vertex 4.00687 -7.49633 -16
      vertex 2.99289 -6.32792 -2
    endloop
  endfacet
  facet normal 0.357849 0.927686 -0.106501
    outer loop
      vertex -2.67878 -6.46716 -2
      vertex -2.35823 -6.59081 -2
      vertex -2.86356 -8.00312 -16
    endloop
  endfacet
  facet normal -0.649449 0.75291 -0.106501
    outer loop
      vertex 4.70091 -5.18666 -2
      vertex 5.70825 -6.29808 -16
      vertex 4.44075 -5.41107 -2
    endloop
  endfacet
  facet normal 0.865135 0.490101 -0.106501
    outer loop
      vertex -6.17345 -3.29978 -2
      vertex -6.0041 -3.59872 -2
      vertex -7.49633 -4.00687 -16
    endloop
  endfacet
  facet normal 0.840054 0.531946 -0.106501
    outer loop
      vertex -6.0041 -3.59872 -2
      vertex -7.06749 -4.72235 -16
      vertex -7.29069 -4.36987 -16
    endloop
  endfacet
  facet normal 0.531952 0.84005 -0.106501
    outer loop
      vertex -3.88899 -5.82029 -2
      vertex -3.59872 -6.0041 -2
      vertex -4.72235 -7.06749 -16
    endloop
  endfacet
  facet normal 0.121694 0.986837 -0.106502
    outer loop
      vertex -0.686119 -6.96629 -2
      vertex -0.833145 -8.45907 -16
      vertex -1.02711 -6.92424 -2
    endloop
  endfacet
  facet normal 0.217836 0.970157 -0.106502
    outer loop
      vertex -1.70086 -6.79022 -2
      vertex -1.65827 -8.33667 -16
      vertex -2.06533 -8.24527 -16
    endloop
  endfacet
  facet normal 0.217859 0.970152 -0.106501
    outer loop
      vertex -1.36563 -6.8655 -2
      vertex -1.65827 -8.33667 -16
      vertex -1.70086 -6.79022 -2
    endloop
  endfacet
  facet normal -0.447061 0.888141 -0.106502
    outer loop
      vertex 4.00687 -7.49633 -16
      vertex 3.63422 -7.68391 -16
      vertex 2.99289 -6.32792 -2
    endloop
  endfacet
  facet normal 0.0731603 -0.991617 -0.106501
    outer loop
      vertex -0.417075 8.48976 -16
      vertex -0.343473 6.99157 -2
      vertex -0.686119 6.96629 -2
    endloop
  endfacet
  facet normal 0.970157 0.217836 -0.106502
    outer loop
      vertex -6.79022 -1.70086 -2
      vertex -8.24527 -2.06533 -16
      vertex -8.33667 -1.65827 -16
    endloop
  endfacet
  facet normal 0.61173 0.783864 -0.106501
    outer loop
      vertex -4.44075 -5.41107 -2
      vertex -4.16989 -5.62245 -2
      vertex -5.06344 -6.82726 -16
    endloop
  endfacet
  facet normal -0.865135 0.490101 -0.106501
    outer loop
      vertex 6.17345 -3.29978 -2
      vertex 7.49633 -4.00687 -16
      vertex 6.0041 -3.59872 -2
    endloop
  endfacet
  facet normal 0.649449 0.75291 -0.106501
    outer loop
      vertex -4.70091 -5.18666 -2
      vertex -4.44075 -5.41107 -2
      vertex -5.70825 -6.29808 -16
    endloop
  endfacet
  facet normal 0.357849 -0.927686 -0.106501
    outer loop
      vertex -2.35823 6.59081 -2
      vertex -2.67878 6.46716 -2
      vertex -2.86356 8.00312 -16
    endloop
  endfacet
  facet normal -0.0244049 0.994013 -0.106501
    outer loop
      vertex 0 -7 -2
      vertex 0.417075 -8.48976 -16
      vertex 0 -8.5 -16
    endloop
  endfacet
  facet normal 0.649449 -0.75291 -0.106501
    outer loop
      vertex -4.44075 5.41107 -2
      vertex -4.70091 5.18666 -2
      vertex -5.70825 6.29808 -16
    endloop
  endfacet
  facet normal 0.531946 -0.840054 -0.106501
    outer loop
      vertex -4.36987 7.29069 -16
      vertex -3.59872 6.0041 -2
      vertex -4.72235 7.06749 -16
    endloop
  endfacet
  facet normal 0.447042 0.88815 -0.106501
    outer loop
      vertex -3.29978 -6.17345 -2
      vertex -2.99289 -6.32792 -2
      vertex -4.00687 -7.49633 -16
    endloop
  endfacet
  facet normal -0.61173 -0.783864 -0.106501
    outer loop
      vertex 5.06344 6.82726 -16
      vertex 4.44075 5.41107 -2
      vertex 4.16989 5.62245 -2
    endloop
  endfacet
  facet normal -0.572549 0.812924 -0.106501
    outer loop
      vertex 4.16989 -5.62245 -2
      vertex 5.06344 -6.82726 -16
      vertex 3.88899 -5.82029 -2
    endloop
  endfacet
  facet normal 0.685611 -0.720136 -0.106501
    outer loop
      vertex -4.70091 5.18666 -2
      vertex -4.94975 4.94975 -2
      vertex -5.70825 6.29808 -16
    endloop
  endfacet
  facet normal 0.685611 0.720136 -0.106501
    outer loop
      vertex -4.94975 -4.94975 -2
      vertex -4.70091 -5.18666 -2
      vertex -5.70825 -6.29808 -16
    endloop
  endfacet
  facet normal -0.84005 0.531952 -0.106501
    outer loop
      vertex 6.0041 -3.59872 -2
      vertex 7.06749 -4.72235 -16
      vertex 5.82029 -3.88899 -2
    endloop
  endfacet
  facet normal 0.75291 0.649449 -0.106501
    outer loop
      vertex -5.41107 -4.44075 -2
      vertex -5.18666 -4.70091 -2
      vertex -6.29808 -5.70825 -16
    endloop
  endfacet
  facet normal 0.0731603 0.991617 -0.106501
    outer loop
      vertex -0.343473 -6.99157 -2
      vertex -0.417075 -8.48976 -16
      vertex -0.686119 -6.96629 -2
    endloop
  endfacet
  facet normal -0.402948 0.909005 -0.106502
    outer loop
      vertex 2.99289 -6.32792 -2
      vertex 3.25281 -7.85298 -16
      vertex 2.67878 -6.46716 -2
    endloop
  endfacet
  facet normal -0.997289 -0.0735788 0
    outer loop
      vertex 6.99157 0.343473 -2
      vertex 6.96629 0.686119 28
      vertex 6.96629 0.686119 -2
    endloop
  endfacet
  facet normal -0.997289 -0.0735788 0
    outer loop
      vertex 6.96629 0.686119 28
      vertex 6.99157 0.343473 -2
      vertex 6.99157 0.343473 28
    endloop
  endfacet
  facet normal -0.999699 -0.024536 0
    outer loop
      vertex 7 0 -2
      vertex 6.99157 0.343473 28
      vertex 6.99157 0.343473 -2
    endloop
  endfacet
  facet normal -0.999699 -0.024536 0
    outer loop
      vertex 6.99157 0.343473 28
      vertex 7 0 -2
      vertex 7 0 28
    endloop
  endfacet
  facet normal -0.992482 -0.12239 0
    outer loop
      vertex 6.96629 0.686119 -2
      vertex 6.92424 1.02711 28
      vertex 6.92424 1.02711 -2
    endloop
  endfacet
  facet normal -0.992482 -0.12239 0
    outer loop
      vertex 6.92424 1.02711 28
      vertex 6.96629 0.686119 -2
      vertex 6.96629 0.686119 28
    endloop
  endfacet
  facet normal 0.615229 -0.788348 0
    outer loop
      vertex -4.44075 5.41107 -2
      vertex -4.16989 5.62245 28
      vertex -4.44075 5.41107 28
    endloop
  endfacet
  facet normal 0.615229 -0.788348 0
    outer loop
      vertex -4.16989 5.62245 28
      vertex -4.44075 5.41107 -2
      vertex -4.16989 5.62245 -2
    endloop
  endfacet
  facet normal -0.0735788 0.997289 0
    outer loop
      vertex 0.686119 -6.96629 -2
      vertex 0.343473 -6.99157 28
      vertex 0.686119 -6.96629 28
    endloop
  endfacet
  facet normal -0.0735788 0.997289 0
    outer loop
      vertex 0.343473 -6.99157 28
      vertex 0.686119 -6.96629 -2
      vertex 0.343473 -6.99157 -2
    endloop
  endfacet
  facet normal 0.914205 -0.405253 0
    outer loop
      vertex -6.46716 2.67878 28
      vertex -6.32792 2.99289 -2
      vertex -6.32792 2.99289 28
    endloop
  endfacet
  facet normal 0.914205 -0.405253 0
    outer loop
      vertex -6.32792 2.99289 -2
      vertex -6.46716 2.67878 28
      vertex -6.46716 2.67878 -2
    endloop
  endfacet
  facet normal 0.788348 -0.615229 0
    outer loop
      vertex -5.62245 4.16989 28
      vertex -5.41107 4.44075 -2
      vertex -5.41107 4.44075 28
    endloop
  endfacet
  facet normal 0.788348 -0.615229 0
    outer loop
      vertex -5.41107 4.44075 -2
      vertex -5.62245 4.16989 28
      vertex -5.62245 4.16989 -2
    endloop
  endfacet
  facet normal -0.689532 -0.724255 0
    outer loop
      vertex 4.70091 5.18666 -2
      vertex 4.94975 4.94975 28
      vertex 4.70091 5.18666 28
    endloop
  endfacet
  facet normal -0.689532 -0.724255 -0
    outer loop
      vertex 4.94975 4.94975 28
      vertex 4.70091 5.18666 -2
      vertex 4.94975 4.94975 -2
    endloop
  endfacet
  facet normal -0.359896 0.932993 0
    outer loop
      vertex 2.67878 -6.46716 -2
      vertex 2.35823 -6.59081 28
      vertex 2.67878 -6.46716 28
    endloop
  endfacet
  facet normal -0.359896 0.932993 0
    outer loop
      vertex 2.35823 -6.59081 28
      vertex 2.67878 -6.46716 -2
      vertex 2.35823 -6.59081 -2
    endloop
  endfacet
  facet normal -0.689532 0.724255 0
    outer loop
      vertex 4.94975 -4.94975 -2
      vertex 4.70091 -5.18666 28
      vertex 4.94975 -4.94975 28
    endloop
  endfacet
  facet normal -0.689532 0.724255 0
    outer loop
      vertex 4.70091 -5.18666 28
      vertex 4.94975 -4.94975 -2
      vertex 4.70091 -5.18666 -2
    endloop
  endfacet
  facet normal -0.975701 0.219106 0
    outer loop
      vertex 6.79022 -1.70086 -2
      vertex 6.8655 -1.36563 28
      vertex 6.8655 -1.36563 -2
    endloop
  endfacet
  facet normal -0.975701 0.219106 0
    outer loop
      vertex 6.8655 -1.36563 28
      vertex 6.79022 -1.70086 -2
      vertex 6.79022 -1.70086 28
    endloop
  endfacet
  facet normal -0.949533 -0.313668 0
    outer loop
      vertex 6.69858 2.03199 -2
      vertex 6.59081 2.35823 28
      vertex 6.59081 2.35823 -2
    endloop
  endfacet
  facet normal -0.949533 -0.313668 0
    outer loop
      vertex 6.59081 2.35823 28
      vertex 6.69858 2.03199 -2
      vertex 6.69858 2.03199 28
    endloop
  endfacet
  facet normal 0.975701 0.219106 0
    outer loop
      vertex -6.79022 -1.70086 28
      vertex -6.8655 -1.36563 -2
      vertex -6.8655 -1.36563 28
    endloop
  endfacet
  facet normal 0.975701 0.219106 0
    outer loop
      vertex -6.8655 -1.36563 -2
      vertex -6.79022 -1.70086 28
      vertex -6.79022 -1.70086 -2
    endloop
  endfacet
  facet normal -0.024536 -0.999699 0
    outer loop
      vertex 0 7 -2
      vertex 0.343473 6.99157 28
      vertex 0 7 28
    endloop
  endfacet
  facet normal -0.024536 -0.999699 -0
    outer loop
      vertex 0.343473 6.99157 28
      vertex 0 7 -2
      vertex 0.343473 6.99157 -2
    endloop
  endfacet
  facet normal -0.757217 0.653164 0
    outer loop
      vertex 5.18666 -4.70091 -2
      vertex 5.41107 -4.44075 28
      vertex 5.41107 -4.44075 -2
    endloop
  endfacet
  facet normal -0.757217 0.653164 0
    outer loop
      vertex 5.41107 -4.44075 28
      vertex 5.18666 -4.70091 -2
      vertex 5.18666 -4.70091 28
    endloop
  endfacet
  facet normal -0.870084 0.492904 0
    outer loop
      vertex 6.0041 -3.59872 -2
      vertex 6.17345 -3.29978 28
      vertex 6.17345 -3.29978 -2
    endloop
  endfacet
  facet normal -0.870084 0.492904 0
    outer loop
      vertex 6.17345 -3.29978 28
      vertex 6.0041 -3.59872 -2
      vertex 6.0041 -3.59872 28
    endloop
  endfacet
  facet normal -0.997289 0.0735788 0
    outer loop
      vertex 6.96629 -0.686119 -2
      vertex 6.99157 -0.343473 28
      vertex 6.99157 -0.343473 -2
    endloop
  endfacet
  facet normal -0.997289 0.0735788 0
    outer loop
      vertex 6.99157 -0.343473 28
      vertex 6.96629 -0.686119 -2
      vertex 6.96629 -0.686119 28
    endloop
  endfacet
  facet normal -0.653164 0.757217 0
    outer loop
      vertex 4.70091 -5.18666 -2
      vertex 4.44075 -5.41107 28
      vertex 4.70091 -5.18666 28
    endloop
  endfacet
  facet normal -0.653164 0.757217 0
    outer loop
      vertex 4.44075 -5.41107 28
      vertex 4.70091 -5.18666 -2
      vertex 4.44075 -5.41107 -2
    endloop
  endfacet
  facet normal -0.724255 0.689532 0
    outer loop
      vertex 4.94975 -4.94975 -2
      vertex 5.18666 -4.70091 28
      vertex 5.18666 -4.70091 -2
    endloop
  endfacet
  facet normal -0.724255 0.689532 0
    outer loop
      vertex 5.18666 -4.70091 28
      vertex 4.94975 -4.94975 -2
      vertex 4.94975 -4.94975 28
    endloop
  endfacet
  facet normal 0.615229 0.788348 -0
    outer loop
      vertex -4.16989 -5.62245 -2
      vertex -4.44075 -5.41107 28
      vertex -4.16989 -5.62245 28
    endloop
  endfacet
  facet normal 0.615229 0.788348 0
    outer loop
      vertex -4.44075 -5.41107 28
      vertex -4.16989 -5.62245 -2
      vertex -4.44075 -5.41107 -2
    endloop
  endfacet
  facet normal -0.170965 -0.985277 0
    outer loop
      vertex 1.02711 6.92424 -2
      vertex 1.36563 6.8655 28
      vertex 1.02711 6.92424 28
    endloop
  endfacet
  facet normal -0.170965 -0.985277 -0
    outer loop
      vertex 1.36563 6.8655 28
      vertex 1.02711 6.92424 -2
      vertex 1.36563 6.8655 -2
    endloop
  endfacet
  facet normal 0.757217 -0.653164 0
    outer loop
      vertex -5.41107 4.44075 28
      vertex -5.18666 4.70091 -2
      vertex -5.18666 4.70091 28
    endloop
  endfacet
  facet normal 0.757217 -0.653164 0
    outer loop
      vertex -5.18666 4.70091 -2
      vertex -5.41107 4.44075 28
      vertex -5.41107 4.44075 -2
    endloop
  endfacet
  facet normal 0.689532 -0.724255 0
    outer loop
      vertex -4.94975 4.94975 -2
      vertex -4.70091 5.18666 28
      vertex -4.94975 4.94975 28
    endloop
  endfacet
  facet normal 0.689532 -0.724255 0
    outer loop
      vertex -4.70091 5.18666 28
      vertex -4.94975 4.94975 -2
      vertex -4.70091 5.18666 -2
    endloop
  endfacet
  facet normal -0.870084 -0.492904 0
    outer loop
      vertex 6.17345 3.29978 -2
      vertex 6.0041 3.59872 28
      vertex 6.0041 3.59872 -2
    endloop
  endfacet
  facet normal -0.870084 -0.492904 0
    outer loop
      vertex 6.0041 3.59872 28
      vertex 6.17345 3.29978 -2
      vertex 6.17345 3.29978 28
    endloop
  endfacet
  facet normal 0.0735788 -0.997289 0
    outer loop
      vertex -0.686119 6.96629 -2
      vertex -0.343473 6.99157 28
      vertex -0.686119 6.96629 28
    endloop
  endfacet
  facet normal 0.0735788 -0.997289 0
    outer loop
      vertex -0.343473 6.99157 28
      vertex -0.686119 6.96629 -2
      vertex -0.343473 6.99157 -2
    endloop
  endfacet
  facet normal 0.313668 -0.949533 0
    outer loop
      vertex -2.35823 6.59081 -2
      vertex -2.03199 6.69858 28
      vertex -2.35823 6.59081 28
    endloop
  endfacet
  facet normal 0.313668 -0.949533 0
    outer loop
      vertex -2.03199 6.69858 28
      vertex -2.35823 6.59081 -2
      vertex -2.03199 6.69858 -2
    endloop
  endfacet
  facet normal 0.405253 0.914205 -0
    outer loop
      vertex -2.67878 -6.46716 -2
      vertex -2.99289 -6.32792 28
      vertex -2.67878 -6.46716 28
    endloop
  endfacet
  facet normal 0.405253 0.914205 0
    outer loop
      vertex -2.99289 -6.32792 28
      vertex -2.67878 -6.46716 -2
      vertex -2.99289 -6.32792 -2
    endloop
  endfacet
  facet normal -0.219106 0.975701 0
    outer loop
      vertex 1.70086 -6.79022 -2
      vertex 1.36563 -6.8655 28
      vertex 1.70086 -6.79022 28
    endloop
  endfacet
  facet normal -0.219106 0.975701 0
    outer loop
      vertex 1.36563 -6.8655 28
      vertex 1.70086 -6.79022 -2
      vertex 1.36563 -6.8655 -2
    endloop
  endfacet
  facet normal -0.893231 -0.449599 0
    outer loop
      vertex 6.32792 2.99289 -2
      vertex 6.17345 3.29978 28
      vertex 6.17345 3.29978 -2
    endloop
  endfacet
  facet normal -0.893231 -0.449599 0
    outer loop
      vertex 6.17345 3.29978 28
      vertex 6.32792 2.99289 -2
      vertex 6.32792 2.99289 28
    endloop
  endfacet
  facet normal 0.999699 -0.024536 0
    outer loop
      vertex -7 0 28
      vertex -6.99157 0.343473 -2
      vertex -6.99157 0.343473 28
    endloop
  endfacet
  facet normal 0.999699 -0.024536 0
    outer loop
      vertex -6.99157 0.343473 -2
      vertex -7 0 28
      vertex -7 0 -2
    endloop
  endfacet
  facet normal 0.12239 -0.992482 0
    outer loop
      vertex -1.02711 6.92424 -2
      vertex -0.686119 6.96629 28
      vertex -1.02711 6.92424 28
    endloop
  endfacet
  facet normal 0.12239 -0.992482 0
    outer loop
      vertex -0.686119 6.96629 28
      vertex -1.02711 6.92424 -2
      vertex -0.686119 6.96629 -2
    endloop
  endfacet
  facet normal 0.653164 0.757217 -0
    outer loop
      vertex -4.44075 -5.41107 -2
      vertex -4.70091 -5.18666 28
      vertex -4.44075 -5.41107 28
    endloop
  endfacet
  facet normal 0.653164 0.757217 0
    outer loop
      vertex -4.70091 -5.18666 28
      vertex -4.44075 -5.41107 -2
      vertex -4.70091 -5.18666 -2
    endloop
  endfacet
  facet normal -0.219106 -0.975701 0
    outer loop
      vertex 1.36563 6.8655 -2
      vertex 1.70086 6.79022 28
      vertex 1.36563 6.8655 28
    endloop
  endfacet
  facet normal -0.219106 -0.975701 -0
    outer loop
      vertex 1.70086 6.79022 28
      vertex 1.36563 6.8655 -2
      vertex 1.70086 6.79022 -2
    endloop
  endfacet
  facet normal 0.534995 -0.844855 0
    outer loop
      vertex -3.88899 5.82029 -2
      vertex -3.59872 6.0041 28
      vertex -3.88899 5.82029 28
    endloop
  endfacet
  facet normal 0.534995 -0.844855 0
    outer loop
      vertex -3.59872 6.0041 28
      vertex -3.88899 5.82029 -2
      vertex -3.59872 6.0041 -2
    endloop
  endfacet
  facet normal -0.844855 0.534995 0
    outer loop
      vertex 5.82029 -3.88899 -2
      vertex 6.0041 -3.59872 28
      vertex 6.0041 -3.59872 -2
    endloop
  endfacet
  facet normal -0.844855 0.534995 0
    outer loop
      vertex 6.0041 -3.59872 28
      vertex 5.82029 -3.88899 -2
      vertex 5.82029 -3.88899 28
    endloop
  endfacet
  facet normal -0.992482 0.12239 0
    outer loop
      vertex 6.92424 -1.02711 -2
      vertex 6.96629 -0.686119 28
      vertex 6.96629 -0.686119 -2
    endloop
  endfacet
  facet normal -0.992482 0.12239 0
    outer loop
      vertex 6.96629 -0.686119 28
      vertex 6.92424 -1.02711 -2
      vertex 6.92424 -1.02711 28
    endloop
  endfacet
  facet normal 0.949533 0.313668 0
    outer loop
      vertex -6.59081 -2.35823 28
      vertex -6.69858 -2.03199 -2
      vertex -6.69858 -2.03199 28
    endloop
  endfacet
  facet normal 0.949533 0.313668 0
    outer loop
      vertex -6.69858 -2.03199 -2
      vertex -6.59081 -2.35823 28
      vertex -6.59081 -2.35823 -2
    endloop
  endfacet
  facet normal -0.575824 0.817574 0
    outer loop
      vertex 4.16989 -5.62245 -2
      vertex 3.88899 -5.82029 28
      vertex 4.16989 -5.62245 28
    endloop
  endfacet
  facet normal -0.575824 0.817574 0
    outer loop
      vertex 3.88899 -5.82029 28
      vertex 4.16989 -5.62245 -2
      vertex 3.88899 -5.82029 -2
    endloop
  endfacet
  facet normal 0.492904 -0.870084 0
    outer loop
      vertex -3.59872 6.0041 -2
      vertex -3.29978 6.17345 28
      vertex -3.59872 6.0041 28
    endloop
  endfacet
  facet normal 0.492904 -0.870084 0
    outer loop
      vertex -3.29978 6.17345 28
      vertex -3.59872 6.0041 -2
      vertex -3.29978 6.17345 -2
    endloop
  endfacet
  facet normal 0.219106 -0.975701 0
    outer loop
      vertex -1.70086 6.79022 -2
      vertex -1.36563 6.8655 28
      vertex -1.70086 6.79022 28
    endloop
  endfacet
  facet normal 0.219106 -0.975701 0
    outer loop
      vertex -1.36563 6.8655 28
      vertex -1.70086 6.79022 -2
      vertex -1.36563 6.8655 -2
    endloop
  endfacet
  facet normal -0.405253 -0.914205 0
    outer loop
      vertex 2.67878 6.46716 -2
      vertex 2.99289 6.32792 28
      vertex 2.67878 6.46716 28
    endloop
  endfacet
  facet normal -0.405253 -0.914205 -0
    outer loop
      vertex 2.99289 6.32792 28
      vertex 2.67878 6.46716 -2
      vertex 2.99289 6.32792 -2
    endloop
  endfacet
  facet normal -0.170965 0.985277 0
    outer loop
      vertex 1.36563 -6.8655 -2
      vertex 1.02711 -6.92424 28
      vertex 1.36563 -6.8655 28
    endloop
  endfacet
  facet normal -0.170965 0.985277 0
    outer loop
      vertex 1.02711 -6.92424 28
      vertex 1.36563 -6.8655 -2
      vertex 1.02711 -6.92424 -2
    endloop
  endfacet
  facet normal 0.997289 0.0735788 0
    outer loop
      vertex -6.96629 -0.686119 28
      vertex -6.99157 -0.343473 -2
      vertex -6.99157 -0.343473 28
    endloop
  endfacet
  facet normal 0.997289 0.0735788 0
    outer loop
      vertex -6.99157 -0.343473 -2
      vertex -6.96629 -0.686119 28
      vertex -6.96629 -0.686119 -2
    endloop
  endfacet
  facet normal -0.757217 -0.653164 0
    outer loop
      vertex 5.41107 4.44075 -2
      vertex 5.18666 4.70091 28
      vertex 5.18666 4.70091 -2
    endloop
  endfacet
  facet normal -0.757217 -0.653164 0
    outer loop
      vertex 5.18666 4.70091 28
      vertex 5.41107 4.44075 -2
      vertex 5.41107 4.44075 28
    endloop
  endfacet
  facet normal 0.844855 0.534995 0
    outer loop
      vertex -5.82029 -3.88899 28
      vertex -6.0041 -3.59872 -2
      vertex -6.0041 -3.59872 28
    endloop
  endfacet
  facet normal 0.844855 0.534995 0
    outer loop
      vertex -6.0041 -3.59872 -2
      vertex -5.82029 -3.88899 28
      vertex -5.82029 -3.88899 -2
    endloop
  endfacet
  facet normal -0.492904 -0.870084 0
    outer loop
      vertex 3.29978 6.17345 -2
      vertex 3.59872 6.0041 28
      vertex 3.29978 6.17345 28
    endloop
  endfacet
  facet normal -0.492904 -0.870084 -0
    outer loop
      vertex 3.59872 6.0041 28
      vertex 3.29978 6.17345 -2
      vertex 3.59872 6.0041 -2
    endloop
  endfacet
  facet normal -0.653164 -0.757217 0
    outer loop
      vertex 4.44075 5.41107 -2
      vertex 4.70091 5.18666 28
      vertex 4.44075 5.41107 28
    endloop
  endfacet
  facet normal -0.653164 -0.757217 -0
    outer loop
      vertex 4.70091 5.18666 28
      vertex 4.44075 5.41107 -2
      vertex 4.70091 5.18666 -2
    endloop
  endfacet
  facet normal -0.932993 0.359896 0
    outer loop
      vertex 6.46716 -2.67878 -2
      vertex 6.59081 -2.35823 28
      vertex 6.59081 -2.35823 -2
    endloop
  endfacet
  facet normal -0.932993 0.359896 0
    outer loop
      vertex 6.59081 -2.35823 28
      vertex 6.46716 -2.67878 -2
      vertex 6.46716 -2.67878 28
    endloop
  endfacet
  facet normal 0.724255 -0.689532 0
    outer loop
      vertex -5.18666 4.70091 28
      vertex -4.94975 4.94975 -2
      vertex -4.94975 4.94975 28
    endloop
  endfacet
  facet normal 0.724255 -0.689532 0
    outer loop
      vertex -4.94975 4.94975 -2
      vertex -5.18666 4.70091 28
      vertex -5.18666 4.70091 -2
    endloop
  endfacet
  facet normal -0.024536 0.999699 0
    outer loop
      vertex 0.343473 -6.99157 -2
      vertex 0 -7 28
      vertex 0.343473 -6.99157 28
    endloop
  endfacet
  facet normal -0.024536 0.999699 0
    outer loop
      vertex 0 -7 28
      vertex 0.343473 -6.99157 -2
      vertex 0 -7 -2
    endloop
  endfacet
  facet normal -0.949533 0.313668 0
    outer loop
      vertex 6.59081 -2.35823 -2
      vertex 6.69858 -2.03199 28
      vertex 6.69858 -2.03199 -2
    endloop
  endfacet
  facet normal -0.949533 0.313668 0
    outer loop
      vertex 6.69858 -2.03199 28
      vertex 6.59081 -2.35823 -2
      vertex 6.59081 -2.35823 28
    endloop
  endfacet
  facet normal -0.932993 -0.359896 0
    outer loop
      vertex 6.59081 2.35823 -2
      vertex 6.46716 2.67878 28
      vertex 6.46716 2.67878 -2
    endloop
  endfacet
  facet normal -0.932993 -0.359896 0
    outer loop
      vertex 6.46716 2.67878 28
      vertex 6.59081 2.35823 -2
      vertex 6.59081 2.35823 28
    endloop
  endfacet
  facet normal -0.449599 -0.893231 0
    outer loop
      vertex 2.99289 6.32792 -2
      vertex 3.29978 6.17345 28
      vertex 2.99289 6.32792 28
    endloop
  endfacet
  facet normal -0.449599 -0.893231 -0
    outer loop
      vertex 3.29978 6.17345 28
      vertex 2.99289 6.32792 -2
      vertex 3.29978 6.17345 -2
    endloop
  endfacet
  facet normal -0.615229 0.788348 0
    outer loop
      vertex 4.44075 -5.41107 -2
      vertex 4.16989 -5.62245 28
      vertex 4.44075 -5.41107 28
    endloop
  endfacet
  facet normal -0.615229 0.788348 0
    outer loop
      vertex 4.16989 -5.62245 28
      vertex 4.44075 -5.41107 -2
      vertex 4.16989 -5.62245 -2
    endloop
  endfacet
  facet normal 0.575824 -0.817574 0
    outer loop
      vertex -4.16989 5.62245 -2
      vertex -3.88899 5.82029 28
      vertex -4.16989 5.62245 28
    endloop
  endfacet
  facet normal 0.575824 -0.817574 0
    outer loop
      vertex -3.88899 5.82029 28
      vertex -4.16989 5.62245 -2
      vertex -3.88899 5.82029 -2
    endloop
  endfacet
  facet normal -0.788348 0.615229 0
    outer loop
      vertex 5.41107 -4.44075 -2
      vertex 5.62245 -4.16989 28
      vertex 5.62245 -4.16989 -2
    endloop
  endfacet
  facet normal -0.788348 0.615229 0
    outer loop
      vertex 5.62245 -4.16989 28
      vertex 5.41107 -4.44075 -2
      vertex 5.41107 -4.44075 28
    endloop
  endfacet
  facet normal 0.963773 -0.266724 0
    outer loop
      vertex -6.79022 1.70086 28
      vertex -6.69858 2.03199 -2
      vertex -6.69858 2.03199 28
    endloop
  endfacet
  facet normal 0.963773 -0.266724 0
    outer loop
      vertex -6.69858 2.03199 -2
      vertex -6.79022 1.70086 28
      vertex -6.79022 1.70086 -2
    endloop
  endfacet
  facet normal 0.992482 -0.12239 0
    outer loop
      vertex -6.96629 0.686119 28
      vertex -6.92424 1.02711 -2
      vertex -6.92424 1.02711 28
    endloop
  endfacet
  facet normal 0.992482 -0.12239 0
    outer loop
      vertex -6.92424 1.02711 -2
      vertex -6.96629 0.686119 28
      vertex -6.96629 0.686119 -2
    endloop
  endfacet
  facet normal -0.724255 -0.689532 0
    outer loop
      vertex 5.18666 4.70091 -2
      vertex 4.94975 4.94975 28
      vertex 4.94975 4.94975 -2
    endloop
  endfacet
  facet normal -0.724255 -0.689532 0
    outer loop
      vertex 4.94975 4.94975 28
      vertex 5.18666 4.70091 -2
      vertex 5.18666 4.70091 28
    endloop
  endfacet
  facet normal -0.844855 -0.534995 0
    outer loop
      vertex 6.0041 3.59872 -2
      vertex 5.82029 3.88899 28
      vertex 5.82029 3.88899 -2
    endloop
  endfacet
  facet normal -0.844855 -0.534995 0
    outer loop
      vertex 5.82029 3.88899 28
      vertex 6.0041 3.59872 -2
      vertex 6.0041 3.59872 28
    endloop
  endfacet
  facet normal 0.985277 0.170965 0
    outer loop
      vertex -6.8655 -1.36563 28
      vertex -6.92424 -1.02711 -2
      vertex -6.92424 -1.02711 28
    endloop
  endfacet
  facet normal 0.985277 0.170965 0
    outer loop
      vertex -6.92424 -1.02711 -2
      vertex -6.8655 -1.36563 28
      vertex -6.8655 -1.36563 -2
    endloop
  endfacet
  facet normal 0.219106 0.975701 -0
    outer loop
      vertex -1.36563 -6.8655 -2
      vertex -1.70086 -6.79022 28
      vertex -1.36563 -6.8655 28
    endloop
  endfacet
  facet normal 0.219106 0.975701 0
    outer loop
      vertex -1.70086 -6.79022 28
      vertex -1.36563 -6.8655 -2
      vertex -1.70086 -6.79022 -2
    endloop
  endfacet
  facet normal 0.757217 0.653164 0
    outer loop
      vertex -5.18666 -4.70091 28
      vertex -5.41107 -4.44075 -2
      vertex -5.41107 -4.44075 28
    endloop
  endfacet
  facet normal 0.757217 0.653164 0
    outer loop
      vertex -5.41107 -4.44075 -2
      vertex -5.18666 -4.70091 28
      vertex -5.18666 -4.70091 -2
    endloop
  endfacet
  facet normal 0.689532 0.724255 -0
    outer loop
      vertex -4.70091 -5.18666 -2
      vertex -4.94975 -4.94975 28
      vertex -4.70091 -5.18666 28
    endloop
  endfacet
  facet normal 0.689532 0.724255 0
    outer loop
      vertex -4.94975 -4.94975 28
      vertex -4.70091 -5.18666 -2
      vertex -4.94975 -4.94975 -2
    endloop
  endfacet
  facet normal -0.534995 0.844855 0
    outer loop
      vertex 3.88899 -5.82029 -2
      vertex 3.59872 -6.0041 28
      vertex 3.88899 -5.82029 28
    endloop
  endfacet
  facet normal -0.534995 0.844855 0
    outer loop
      vertex 3.59872 -6.0041 28
      vertex 3.88899 -5.82029 -2
      vertex 3.59872 -6.0041 -2
    endloop
  endfacet
  facet normal 0.724255 0.689532 0
    outer loop
      vertex -4.94975 -4.94975 28
      vertex -5.18666 -4.70091 -2
      vertex -5.18666 -4.70091 28
    endloop
  endfacet
  facet normal 0.724255 0.689532 0
    outer loop
      vertex -5.18666 -4.70091 -2
      vertex -4.94975 -4.94975 28
      vertex -4.94975 -4.94975 -2
    endloop
  endfacet
  facet normal 0.992482 0.12239 0
    outer loop
      vertex -6.92424 -1.02711 28
      vertex -6.96629 -0.686119 -2
      vertex -6.96629 -0.686119 28
    endloop
  endfacet
  facet normal 0.992482 0.12239 0
    outer loop
      vertex -6.96629 -0.686119 -2
      vertex -6.92424 -1.02711 28
      vertex -6.92424 -1.02711 -2
    endloop
  endfacet
  facet normal 0.817574 -0.575824 0
    outer loop
      vertex -5.82029 3.88899 28
      vertex -5.62245 4.16989 -2
      vertex -5.62245 4.16989 28
    endloop
  endfacet
  facet normal 0.817574 -0.575824 0
    outer loop
      vertex -5.62245 4.16989 -2
      vertex -5.82029 3.88899 28
      vertex -5.82029 3.88899 -2
    endloop
  endfacet
  facet normal 0.870084 0.492904 0
    outer loop
      vertex -6.0041 -3.59872 28
      vertex -6.17345 -3.29978 -2
      vertex -6.17345 -3.29978 28
    endloop
  endfacet
  facet normal 0.870084 0.492904 0
    outer loop
      vertex -6.17345 -3.29978 -2
      vertex -6.0041 -3.59872 28
      vertex -6.0041 -3.59872 -2
    endloop
  endfacet
  facet normal -0.985277 -0.170965 0
    outer loop
      vertex 6.92424 1.02711 -2
      vertex 6.8655 1.36563 28
      vertex 6.8655 1.36563 -2
    endloop
  endfacet
  facet normal -0.985277 -0.170965 0
    outer loop
      vertex 6.8655 1.36563 28
      vertex 6.92424 1.02711 -2
      vertex 6.92424 1.02711 28
    endloop
  endfacet
  facet normal -0.788348 -0.615229 0
    outer loop
      vertex 5.62245 4.16989 -2
      vertex 5.41107 4.44075 28
      vertex 5.41107 4.44075 -2
    endloop
  endfacet
  facet normal -0.788348 -0.615229 0
    outer loop
      vertex 5.41107 4.44075 28
      vertex 5.62245 4.16989 -2
      vertex 5.62245 4.16989 28
    endloop
  endfacet
  facet normal 0.999699 0.024536 0
    outer loop
      vertex -6.99157 -0.343473 28
      vertex -7 0 -2
      vertex -7 0 28
    endloop
  endfacet
  facet normal 0.999699 0.024536 0
    outer loop
      vertex -7 0 -2
      vertex -6.99157 -0.343473 28
      vertex -6.99157 -0.343473 -2
    endloop
  endfacet
  facet normal -0.999699 0.024536 0
    outer loop
      vertex 6.99157 -0.343473 -2
      vertex 7 0 28
      vertex 7 0 -2
    endloop
  endfacet
  facet normal -0.999699 0.024536 0
    outer loop
      vertex 7 0 28
      vertex 6.99157 -0.343473 -2
      vertex 6.99157 -0.343473 28
    endloop
  endfacet
  facet normal -0.359896 -0.932993 0
    outer loop
      vertex 2.35823 6.59081 -2
      vertex 2.67878 6.46716 28
      vertex 2.35823 6.59081 28
    endloop
  endfacet
  facet normal -0.359896 -0.932993 -0
    outer loop
      vertex 2.67878 6.46716 28
      vertex 2.35823 6.59081 -2
      vertex 2.67878 6.46716 -2
    endloop
  endfacet
  facet normal 0.266724 0.963773 -0
    outer loop
      vertex -1.70086 -6.79022 -2
      vertex -2.03199 -6.69858 28
      vertex -1.70086 -6.79022 28
    endloop
  endfacet
  facet normal 0.266724 0.963773 0
    outer loop
      vertex -2.03199 -6.69858 28
      vertex -1.70086 -6.79022 -2
      vertex -2.03199 -6.69858 -2
    endloop
  endfacet
  facet normal 0.893231 -0.449599 0
    outer loop
      vertex -6.32792 2.99289 28
      vertex -6.17345 3.29978 -2
      vertex -6.17345 3.29978 28
    endloop
  endfacet
  facet normal 0.893231 -0.449599 0
    outer loop
      vertex -6.17345 3.29978 -2
      vertex -6.32792 2.99289 28
      vertex -6.32792 2.99289 -2
    endloop
  endfacet
  facet normal 0.024536 0.999699 -0
    outer loop
      vertex 0 -7 -2
      vertex -0.343473 -6.99157 28
      vertex 0 -7 28
    endloop
  endfacet
  facet normal 0.024536 0.999699 0
    outer loop
      vertex -0.343473 -6.99157 28
      vertex 0 -7 -2
      vertex -0.343473 -6.99157 -2
    endloop
  endfacet
  facet normal 0.359896 0.932993 -0
    outer loop
      vertex -2.35823 -6.59081 -2
      vertex -2.67878 -6.46716 28
      vertex -2.35823 -6.59081 28
    endloop
  endfacet
  facet normal 0.359896 0.932993 0
    outer loop
      vertex -2.67878 -6.46716 28
      vertex -2.35823 -6.59081 -2
      vertex -2.67878 -6.46716 -2
    endloop
  endfacet
  facet normal -0.914205 -0.405253 0
    outer loop
      vertex 6.46716 2.67878 -2
      vertex 6.32792 2.99289 28
      vertex 6.32792 2.99289 -2
    endloop
  endfacet
  facet normal -0.914205 -0.405253 0
    outer loop
      vertex 6.32792 2.99289 28
      vertex 6.46716 2.67878 -2
      vertex 6.46716 2.67878 28
    endloop
  endfacet
  facet normal -0.975701 -0.219106 0
    outer loop
      vertex 6.8655 1.36563 -2
      vertex 6.79022 1.70086 28
      vertex 6.79022 1.70086 -2
    endloop
  endfacet
  facet normal -0.975701 -0.219106 0
    outer loop
      vertex 6.79022 1.70086 28
      vertex 6.8655 1.36563 -2
      vertex 6.8655 1.36563 28
    endloop
  endfacet
  facet normal 0.914205 0.405253 0
    outer loop
      vertex -6.32792 -2.99289 28
      vertex -6.46716 -2.67878 -2
      vertex -6.46716 -2.67878 28
    endloop
  endfacet
  facet normal 0.914205 0.405253 0
    outer loop
      vertex -6.46716 -2.67878 -2
      vertex -6.32792 -2.99289 28
      vertex -6.32792 -2.99289 -2
    endloop
  endfacet
  facet normal 0.949533 -0.313668 0
    outer loop
      vertex -6.69858 2.03199 28
      vertex -6.59081 2.35823 -2
      vertex -6.59081 2.35823 28
    endloop
  endfacet
  facet normal 0.949533 -0.313668 0
    outer loop
      vertex -6.59081 2.35823 -2
      vertex -6.69858 2.03199 28
      vertex -6.69858 2.03199 -2
    endloop
  endfacet
  facet normal -0.963773 -0.266724 0
    outer loop
      vertex 6.79022 1.70086 -2
      vertex 6.69858 2.03199 28
      vertex 6.69858 2.03199 -2
    endloop
  endfacet
  facet normal -0.963773 -0.266724 0
    outer loop
      vertex 6.69858 2.03199 28
      vertex 6.79022 1.70086 -2
      vertex 6.79022 1.70086 28
    endloop
  endfacet
  facet normal -0.313668 0.949533 0
    outer loop
      vertex 2.35823 -6.59081 -2
      vertex 2.03199 -6.69858 28
      vertex 2.35823 -6.59081 28
    endloop
  endfacet
  facet normal -0.313668 0.949533 0
    outer loop
      vertex 2.03199 -6.69858 28
      vertex 2.35823 -6.59081 -2
      vertex 2.03199 -6.69858 -2
    endloop
  endfacet
  facet normal -0.492904 0.870084 0
    outer loop
      vertex 3.59872 -6.0041 -2
      vertex 3.29978 -6.17345 28
      vertex 3.59872 -6.0041 28
    endloop
  endfacet
  facet normal -0.492904 0.870084 0
    outer loop
      vertex 3.29978 -6.17345 28
      vertex 3.59872 -6.0041 -2
      vertex 3.29978 -6.17345 -2
    endloop
  endfacet
  facet normal -0.575824 -0.817574 0
    outer loop
      vertex 3.88899 5.82029 -2
      vertex 4.16989 5.62245 28
      vertex 3.88899 5.82029 28
    endloop
  endfacet
  facet normal -0.575824 -0.817574 -0
    outer loop
      vertex 4.16989 5.62245 28
      vertex 3.88899 5.82029 -2
      vertex 4.16989 5.62245 -2
    endloop
  endfacet
  facet normal -0.12239 -0.992482 0
    outer loop
      vertex 0.686119 6.96629 -2
      vertex 1.02711 6.92424 28
      vertex 0.686119 6.96629 28
    endloop
  endfacet
  facet normal -0.12239 -0.992482 -0
    outer loop
      vertex 1.02711 6.92424 28
      vertex 0.686119 6.96629 -2
      vertex 1.02711 6.92424 -2
    endloop
  endfacet
  facet normal 0.359896 -0.932993 0
    outer loop
      vertex -2.67878 6.46716 -2
      vertex -2.35823 6.59081 28
      vertex -2.67878 6.46716 28
    endloop
  endfacet
  facet normal 0.359896 -0.932993 0
    outer loop
      vertex -2.35823 6.59081 28
      vertex -2.67878 6.46716 -2
      vertex -2.35823 6.59081 -2
    endloop
  endfacet
  facet normal 0.024536 -0.999699 0
    outer loop
      vertex -0.343473 6.99157 -2
      vertex 0 7 28
      vertex -0.343473 6.99157 28
    endloop
  endfacet
  facet normal 0.024536 -0.999699 0
    outer loop
      vertex 0 7 28
      vertex -0.343473 6.99157 -2
      vertex 0 7 -2
    endloop
  endfacet
  facet normal -0.615229 -0.788348 0
    outer loop
      vertex 4.16989 5.62245 -2
      vertex 4.44075 5.41107 28
      vertex 4.16989 5.62245 28
    endloop
  endfacet
  facet normal -0.615229 -0.788348 -0
    outer loop
      vertex 4.44075 5.41107 28
      vertex 4.16989 5.62245 -2
      vertex 4.44075 5.41107 -2
    endloop
  endfacet
  facet normal 0.653164 -0.757217 0
    outer loop
      vertex -4.70091 5.18666 -2
      vertex -4.44075 5.41107 28
      vertex -4.70091 5.18666 28
    endloop
  endfacet
  facet normal 0.653164 -0.757217 0
    outer loop
      vertex -4.44075 5.41107 28
      vertex -4.70091 5.18666 -2
      vertex -4.44075 5.41107 -2
    endloop
  endfacet
  facet normal 0.170965 -0.985277 0
    outer loop
      vertex -1.36563 6.8655 -2
      vertex -1.02711 6.92424 28
      vertex -1.36563 6.8655 28
    endloop
  endfacet
  facet normal 0.170965 -0.985277 0
    outer loop
      vertex -1.02711 6.92424 28
      vertex -1.36563 6.8655 -2
      vertex -1.02711 6.92424 -2
    endloop
  endfacet
  facet normal 0.932993 0.359896 0
    outer loop
      vertex -6.46716 -2.67878 28
      vertex -6.59081 -2.35823 -2
      vertex -6.59081 -2.35823 28
    endloop
  endfacet
  facet normal 0.932993 0.359896 0
    outer loop
      vertex -6.59081 -2.35823 -2
      vertex -6.46716 -2.67878 28
      vertex -6.46716 -2.67878 -2
    endloop
  endfacet
  facet normal 0.817574 0.575824 0
    outer loop
      vertex -5.62245 -4.16989 28
      vertex -5.82029 -3.88899 -2
      vertex -5.82029 -3.88899 28
    endloop
  endfacet
  facet normal 0.817574 0.575824 0
    outer loop
      vertex -5.82029 -3.88899 -2
      vertex -5.62245 -4.16989 28
      vertex -5.62245 -4.16989 -2
    endloop
  endfacet
  facet normal -0.266724 -0.963773 0
    outer loop
      vertex 1.70086 6.79022 -2
      vertex 2.03199 6.69858 28
      vertex 1.70086 6.79022 28
    endloop
  endfacet
  facet normal -0.266724 -0.963773 -0
    outer loop
      vertex 2.03199 6.69858 28
      vertex 1.70086 6.79022 -2
      vertex 2.03199 6.69858 -2
    endloop
  endfacet
  facet normal -0.963773 0.266724 0
    outer loop
      vertex 6.69858 -2.03199 -2
      vertex 6.79022 -1.70086 28
      vertex 6.79022 -1.70086 -2
    endloop
  endfacet
  facet normal -0.963773 0.266724 0
    outer loop
      vertex 6.79022 -1.70086 28
      vertex 6.69858 -2.03199 -2
      vertex 6.69858 -2.03199 28
    endloop
  endfacet
  facet normal 0.492904 0.870084 -0
    outer loop
      vertex -3.29978 -6.17345 -2
      vertex -3.59872 -6.0041 28
      vertex -3.29978 -6.17345 28
    endloop
  endfacet
  facet normal 0.492904 0.870084 0
    outer loop
      vertex -3.59872 -6.0041 28
      vertex -3.29978 -6.17345 -2
      vertex -3.59872 -6.0041 -2
    endloop
  endfacet
  facet normal -0.893231 0.449599 0
    outer loop
      vertex 6.17345 -3.29978 -2
      vertex 6.32792 -2.99289 28
      vertex 6.32792 -2.99289 -2
    endloop
  endfacet
  facet normal -0.893231 0.449599 0
    outer loop
      vertex 6.32792 -2.99289 28
      vertex 6.17345 -3.29978 -2
      vertex 6.17345 -3.29978 28
    endloop
  endfacet
  facet normal -0.449599 0.893231 0
    outer loop
      vertex 3.29978 -6.17345 -2
      vertex 2.99289 -6.32792 28
      vertex 3.29978 -6.17345 28
    endloop
  endfacet
  facet normal -0.449599 0.893231 0
    outer loop
      vertex 2.99289 -6.32792 28
      vertex 3.29978 -6.17345 -2
      vertex 2.99289 -6.32792 -2
    endloop
  endfacet
  facet normal -0.817574 0.575824 0
    outer loop
      vertex 5.62245 -4.16989 -2
      vertex 5.82029 -3.88899 28
      vertex 5.82029 -3.88899 -2
    endloop
  endfacet
  facet normal -0.817574 0.575824 0
    outer loop
      vertex 5.82029 -3.88899 28
      vertex 5.62245 -4.16989 -2
      vertex 5.62245 -4.16989 28
    endloop
  endfacet
  facet normal -0.12239 0.992482 0
    outer loop
      vertex 1.02711 -6.92424 -2
      vertex 0.686119 -6.96629 28
      vertex 1.02711 -6.92424 28
    endloop
  endfacet
  facet normal -0.12239 0.992482 0
    outer loop
      vertex 0.686119 -6.96629 28
      vertex 1.02711 -6.92424 -2
      vertex 0.686119 -6.96629 -2
    endloop
  endfacet
  facet normal 0.12239 0.992482 -0
    outer loop
      vertex -0.686119 -6.96629 -2
      vertex -1.02711 -6.92424 28
      vertex -0.686119 -6.96629 28
    endloop
  endfacet
  facet normal 0.12239 0.992482 0
    outer loop
      vertex -1.02711 -6.92424 28
      vertex -0.686119 -6.96629 -2
      vertex -1.02711 -6.92424 -2
    endloop
  endfacet
  facet normal 0.844855 -0.534995 0
    outer loop
      vertex -6.0041 3.59872 28
      vertex -5.82029 3.88899 -2
      vertex -5.82029 3.88899 28
    endloop
  endfacet
  facet normal 0.844855 -0.534995 0
    outer loop
      vertex -5.82029 3.88899 -2
      vertex -6.0041 3.59872 28
      vertex -6.0041 3.59872 -2
    endloop
  endfacet
  facet normal 0.932993 -0.359896 0
    outer loop
      vertex -6.59081 2.35823 28
      vertex -6.46716 2.67878 -2
      vertex -6.46716 2.67878 28
    endloop
  endfacet
  facet normal 0.932993 -0.359896 0
    outer loop
      vertex -6.46716 2.67878 -2
      vertex -6.59081 2.35823 28
      vertex -6.59081 2.35823 -2
    endloop
  endfacet
  facet normal -0.266724 0.963773 0
    outer loop
      vertex 2.03199 -6.69858 -2
      vertex 1.70086 -6.79022 28
      vertex 2.03199 -6.69858 28
    endloop
  endfacet
  facet normal -0.266724 0.963773 0
    outer loop
      vertex 1.70086 -6.79022 28
      vertex 2.03199 -6.69858 -2
      vertex 1.70086 -6.79022 -2
    endloop
  endfacet
  facet normal -0.405253 0.914205 0
    outer loop
      vertex 2.99289 -6.32792 -2
      vertex 2.67878 -6.46716 28
      vertex 2.99289 -6.32792 28
    endloop
  endfacet
  facet normal -0.405253 0.914205 0
    outer loop
      vertex 2.67878 -6.46716 28
      vertex 2.99289 -6.32792 -2
      vertex 2.67878 -6.46716 -2
    endloop
  endfacet
  facet normal 0.0735788 0.997289 -0
    outer loop
      vertex -0.343473 -6.99157 -2
      vertex -0.686119 -6.96629 28
      vertex -0.343473 -6.99157 28
    endloop
  endfacet
  facet normal 0.0735788 0.997289 0
    outer loop
      vertex -0.686119 -6.96629 28
      vertex -0.343473 -6.99157 -2
      vertex -0.686119 -6.96629 -2
    endloop
  endfacet
  facet normal -0.985277 0.170965 0
    outer loop
      vertex 6.8655 -1.36563 -2
      vertex 6.92424 -1.02711 28
      vertex 6.92424 -1.02711 -2
    endloop
  endfacet
  facet normal -0.985277 0.170965 0
    outer loop
      vertex 6.92424 -1.02711 28
      vertex 6.8655 -1.36563 -2
      vertex 6.8655 -1.36563 28
    endloop
  endfacet
  facet normal 0.449599 -0.893231 0
    outer loop
      vertex -3.29978 6.17345 -2
      vertex -2.99289 6.32792 28
      vertex -3.29978 6.17345 28
    endloop
  endfacet
  facet normal 0.449599 -0.893231 0
    outer loop
      vertex -2.99289 6.32792 28
      vertex -3.29978 6.17345 -2
      vertex -2.99289 6.32792 -2
    endloop
  endfacet
  facet normal -0.0735788 -0.997289 0
    outer loop
      vertex 0.343473 6.99157 -2
      vertex 0.686119 6.96629 28
      vertex 0.343473 6.99157 28
    endloop
  endfacet
  facet normal -0.0735788 -0.997289 -0
    outer loop
      vertex 0.686119 6.96629 28
      vertex 0.343473 6.99157 -2
      vertex 0.686119 6.96629 -2
    endloop
  endfacet
  facet normal -0.534995 -0.844855 0
    outer loop
      vertex 3.59872 6.0041 -2
      vertex 3.88899 5.82029 28
      vertex 3.59872 6.0041 28
    endloop
  endfacet
  facet normal -0.534995 -0.844855 -0
    outer loop
      vertex 3.88899 5.82029 28
      vertex 3.59872 6.0041 -2
      vertex 3.88899 5.82029 -2
    endloop
  endfacet
  facet normal -0.914205 0.405253 0
    outer loop
      vertex 6.32792 -2.99289 -2
      vertex 6.46716 -2.67878 28
      vertex 6.46716 -2.67878 -2
    endloop
  endfacet
  facet normal -0.914205 0.405253 0
    outer loop
      vertex 6.46716 -2.67878 28
      vertex 6.32792 -2.99289 -2
      vertex 6.32792 -2.99289 28
    endloop
  endfacet
  facet normal 0.313668 0.949533 -0
    outer loop
      vertex -2.03199 -6.69858 -2
      vertex -2.35823 -6.59081 28
      vertex -2.03199 -6.69858 28
    endloop
  endfacet
  facet normal 0.313668 0.949533 0
    outer loop
      vertex -2.35823 -6.59081 28
      vertex -2.03199 -6.69858 -2
      vertex -2.35823 -6.59081 -2
    endloop
  endfacet
  facet normal 0.975701 -0.219106 0
    outer loop
      vertex -6.8655 1.36563 28
      vertex -6.79022 1.70086 -2
      vertex -6.79022 1.70086 28
    endloop
  endfacet
  facet normal 0.975701 -0.219106 0
    outer loop
      vertex -6.79022 1.70086 -2
      vertex -6.8655 1.36563 28
      vertex -6.8655 1.36563 -2
    endloop
  endfacet
  facet normal 0.997289 -0.0735788 0
    outer loop
      vertex -6.99157 0.343473 28
      vertex -6.96629 0.686119 -2
      vertex -6.96629 0.686119 28
    endloop
  endfacet
  facet normal 0.997289 -0.0735788 0
    outer loop
      vertex -6.96629 0.686119 -2
      vertex -6.99157 0.343473 28
      vertex -6.99157 0.343473 -2
    endloop
  endfacet
  facet normal 0.985277 -0.170965 0
    outer loop
      vertex -6.92424 1.02711 28
      vertex -6.8655 1.36563 -2
      vertex -6.8655 1.36563 28
    endloop
  endfacet
  facet normal 0.985277 -0.170965 0
    outer loop
      vertex -6.8655 1.36563 -2
      vertex -6.92424 1.02711 28
      vertex -6.92424 1.02711 -2
    endloop
  endfacet
  facet normal 0.170965 0.985277 -0
    outer loop
      vertex -1.02711 -6.92424 -2
      vertex -1.36563 -6.8655 28
      vertex -1.02711 -6.92424 28
    endloop
  endfacet
  facet normal 0.170965 0.985277 0
    outer loop
      vertex -1.36563 -6.8655 28
      vertex -1.02711 -6.92424 -2
      vertex -1.36563 -6.8655 -2
    endloop
  endfacet
  facet normal 0.266724 -0.963773 0
    outer loop
      vertex -2.03199 6.69858 -2
      vertex -1.70086 6.79022 28
      vertex -2.03199 6.69858 28
    endloop
  endfacet
  facet normal 0.266724 -0.963773 0
    outer loop
      vertex -1.70086 6.79022 28
      vertex -2.03199 6.69858 -2
      vertex -1.70086 6.79022 -2
    endloop
  endfacet
  facet normal 0.788348 0.615229 0
    outer loop
      vertex -5.41107 -4.44075 28
      vertex -5.62245 -4.16989 -2
      vertex -5.62245 -4.16989 28
    endloop
  endfacet
  facet normal 0.788348 0.615229 0
    outer loop
      vertex -5.62245 -4.16989 -2
      vertex -5.41107 -4.44075 28
      vertex -5.41107 -4.44075 -2
    endloop
  endfacet
  facet normal -0.313668 -0.949533 0
    outer loop
      vertex 2.03199 6.69858 -2
      vertex 2.35823 6.59081 28
      vertex 2.03199 6.69858 28
    endloop
  endfacet
  facet normal -0.313668 -0.949533 -0
    outer loop
      vertex 2.35823 6.59081 28
      vertex 2.03199 6.69858 -2
      vertex 2.35823 6.59081 -2
    endloop
  endfacet
  facet normal -0.817574 -0.575824 0
    outer loop
      vertex 5.82029 3.88899 -2
      vertex 5.62245 4.16989 28
      vertex 5.62245 4.16989 -2
    endloop
  endfacet
  facet normal -0.817574 -0.575824 0
    outer loop
      vertex 5.62245 4.16989 28
      vertex 5.82029 3.88899 -2
      vertex 5.82029 3.88899 28
    endloop
  endfacet
  facet normal 0.963773 0.266724 0
    outer loop
      vertex -6.69858 -2.03199 28
      vertex -6.79022 -1.70086 -2
      vertex -6.79022 -1.70086 28
    endloop
  endfacet
  facet normal 0.963773 0.266724 0
    outer loop
      vertex -6.79022 -1.70086 -2
      vertex -6.69858 -2.03199 28
      vertex -6.69858 -2.03199 -2
    endloop
  endfacet
  facet normal 0.449599 0.893231 -0
    outer loop
      vertex -2.99289 -6.32792 -2
      vertex -3.29978 -6.17345 28
      vertex -2.99289 -6.32792 28
    endloop
  endfacet
  facet normal 0.449599 0.893231 0
    outer loop
      vertex -3.29978 -6.17345 28
      vertex -2.99289 -6.32792 -2
      vertex -3.29978 -6.17345 -2
    endloop
  endfacet
  facet normal 0.870084 -0.492904 0
    outer loop
      vertex -6.17345 3.29978 28
      vertex -6.0041 3.59872 -2
      vertex -6.0041 3.59872 28
    endloop
  endfacet
  facet normal 0.870084 -0.492904 0
    outer loop
      vertex -6.0041 3.59872 -2
      vertex -6.17345 3.29978 28
      vertex -6.17345 3.29978 -2
    endloop
  endfacet
  facet normal 0.405253 -0.914205 0
    outer loop
      vertex -2.99289 6.32792 -2
      vertex -2.67878 6.46716 28
      vertex -2.99289 6.32792 28
    endloop
  endfacet
  facet normal 0.405253 -0.914205 0
    outer loop
      vertex -2.67878 6.46716 28
      vertex -2.99289 6.32792 -2
      vertex -2.67878 6.46716 -2
    endloop
  endfacet
  facet normal 0.575824 0.817574 -0
    outer loop
      vertex -3.88899 -5.82029 -2
      vertex -4.16989 -5.62245 28
      vertex -3.88899 -5.82029 28
    endloop
  endfacet
  facet normal 0.575824 0.817574 0
    outer loop
      vertex -4.16989 -5.62245 28
      vertex -3.88899 -5.82029 -2
      vertex -4.16989 -5.62245 -2
    endloop
  endfacet
  facet normal 0.893231 0.449599 0
    outer loop
      vertex -6.17345 -3.29978 28
      vertex -6.32792 -2.99289 -2
      vertex -6.32792 -2.99289 28
    endloop
  endfacet
  facet normal 0.893231 0.449599 0
    outer loop
      vertex -6.32792 -2.99289 -2
      vertex -6.17345 -3.29978 28
      vertex -6.17345 -3.29978 -2
    endloop
  endfacet
  facet normal 0.534995 0.844855 -0
    outer loop
      vertex -3.59872 -6.0041 -2
      vertex -3.88899 -5.82029 28
      vertex -3.59872 -6.0041 28
    endloop
  endfacet
  facet normal 0.534995 0.844855 0
    outer loop
      vertex -3.88899 -5.82029 28
      vertex -3.59872 -6.0041 -2
      vertex -3.88899 -5.82029 -2
    endloop
  endfacet
endsolid OpenSCAD_Model
